12-May-2026 21:51:06.153 INFO [main] org.apache.catalina.startup.VersionLoggerListener.log Server version name:   Apache Tomcat/11.0.21
12-May-2026 21:51:06.156 INFO [main] org.apache.catalina.startup.VersionLoggerListener.log Server built:          Mar 30 2026 14:59:44 UTC
12-May-2026 21:51:06.157 INFO [main] org.apache.catalina.startup.VersionLoggerListener.log Server version number: 11.0.21.0
12-May-2026 21:51:06.158 INFO [main] org.apache.catalina.startup.VersionLoggerListener.log OS Name:               Windows 10
12-May-2026 21:51:06.158 INFO [main] org.apache.catalina.startup.VersionLoggerListener.log OS Version:            10.0
12-May-2026 21:51:06.158 INFO [main] org.apache.catalina.startup.VersionLoggerListener.log Architecture:          amd64
12-May-2026 21:51:06.158 INFO [main] org.apache.catalina.startup.VersionLoggerListener.log Java Home:             C:\Program Files\Java\jdk-17.0.8
12-May-2026 21:51:06.158 INFO [main] org.apache.catalina.startup.VersionLoggerListener.log JVM Version:           17.0.8+9-LTS-211
12-May-2026 21:51:06.158 INFO [main] org.apache.catalina.startup.VersionLoggerListener.log JVM Vendor:            Oracle Corporation
12-May-2026 21:51:06.159 INFO [main] org.apache.catalina.startup.VersionLoggerListener.log CATALINA_BASE:         C:\e-commerce\.devtomcat\Tomcat_95a65164
12-May-2026 21:51:06.159 INFO [main] org.apache.catalina.startup.VersionLoggerListener.log CATALINA_HOME:         E:\apache-tomcat-11.0.21
12-May-2026 21:51:06.161 INFO [main] org.apache.catalina.startup.VersionLoggerListener.log Command line argument: -Dcom.sun.management.jmxremote
12-May-2026 21:51:06.161 INFO [main] org.apache.catalina.startup.VersionLoggerListener.log Command line argument: -Dcom.sun.management.jmxremote.port=1099
12-May-2026 21:51:06.161 INFO [main] org.apache.catalina.startup.VersionLoggerListener.log Command line argument: -Dcom.sun.management.jmxremote.ssl=false
12-May-2026 21:51:06.162 INFO [main] org.apache.catalina.startup.VersionLoggerListener.log Command line argument: -Dcom.sun.management.jmxremote.authenticate=false
12-May-2026 21:51:06.162 INFO [main] org.apache.catalina.startup.VersionLoggerListener.log Command line argument: -Dcom.sun.management.jmxremote.local.only=false
12-May-2026 21:51:06.162 INFO [main] org.apache.catalina.startup.VersionLoggerListener.log Command line argument: --add-opens=java.base/java.lang=ALL-UNNAMED
12-May-2026 21:51:06.162 INFO [main] org.apache.catalina.startup.VersionLoggerListener.log Command line argument: --add-opens=java.base/java.io=ALL-UNNAMED
12-May-2026 21:51:06.162 INFO [main] org.apache.catalina.startup.VersionLoggerListener.log Command line argument: --add-opens=java.base/java.util=ALL-UNNAMED
12-May-2026 21:51:06.162 INFO [main] org.apache.catalina.startup.VersionLoggerListener.log Command line argument: --add-opens=java.base/java.util.concurrent=ALL-UNNAMED
12-May-2026 21:51:06.162 INFO [main] org.apache.catalina.startup.VersionLoggerListener.log Command line argument: --add-opens=java.rmi/sun.rmi.transport=ALL-UNNAMED
12-May-2026 21:51:06.162 INFO [main] org.apache.catalina.startup.VersionLoggerListener.log Command line argument: -Dcatalina.home=E:\apache-tomcat-11.0.21
12-May-2026 21:51:06.163 INFO [main] org.apache.catalina.startup.VersionLoggerListener.log Command line argument: -Dcatalina.base=C:\e-commerce\.devtomcat\Tomcat_95a65164
12-May-2026 21:51:06.163 INFO [main] org.apache.catalina.startup.VersionLoggerListener.log Command line argument: -Djava.io.tmpdir=C:\e-commerce\.devtomcat\Tomcat_95a65164\temp
12-May-2026 21:51:06.163 INFO [main] org.apache.catalina.startup.VersionLoggerListener.log Command line argument: -Djava.util.logging.config.file=C:\e-commerce\.devtomcat\Tomcat_95a65164\conf\logging.properties
12-May-2026 21:51:06.163 INFO [main] org.apache.catalina.startup.VersionLoggerListener.log Command line argument: -Djava.util.logging.manager=org.apache.juli.ClassLoaderLogManager
12-May-2026 21:51:06.163 INFO [main] org.apache.catalina.startup.VersionLoggerListener.log Command line argument: -Dserver.port=8080
12-May-2026 21:51:06.163 INFO [main] org.apache.catalina.startup.VersionLoggerListener.log Command line argument: -Dserver.shutdown.port=8005
12-May-2026 21:51:06.163 INFO [main] org.apache.catalina.startup.VersionLoggerListener.log Command line argument: -javaagent:C:\Program Files\JetBrains\IntelliJ IDEA 2025.3.1.1\lib\idea_rt.jar=59471
12-May-2026 21:51:06.164 INFO [main] org.apache.catalina.startup.VersionLoggerListener.log Command line argument: -Dfile.encoding=UTF-8
12-May-2026 21:51:06.166 INFO [main] org.apache.catalina.core.AprLifecycleListener.lifecycleEvent Loaded Apache Tomcat Native library [2.0.14] using APR version [1.7.6].
12-May-2026 21:51:06.170 INFO [main] org.apache.catalina.core.AprLifecycleListener.initializeSSL OpenSSL successfully initialized [OpenSSL 3.5.5 27 Jan 2026]
12-May-2026 21:51:06.392 INFO [main] org.apache.coyote.AbstractProtocol.init Initializing ProtocolHandler ["http-nio-8080"]
12-May-2026 21:51:06.412 INFO [main] org.apache.catalina.startup.Catalina.load Server initialization in [502] milliseconds
12-May-2026 21:51:06.464 INFO [main] org.apache.catalina.core.StandardService.startInternal Starting service [Catalina]
12-May-2026 21:51:06.464 INFO [main] org.apache.catalina.core.StandardEngine.startInternal Starting Servlet engine: [Apache Tomcat/11.0.21]
12-May-2026 21:51:06.484 INFO [main] org.apache.coyote.AbstractProtocol.start Starting ProtocolHandler ["http-nio-8080"]
12-May-2026 21:51:06.534 INFO [main] org.apache.catalina.startup.Catalina.start Server startup in [120] milliseconds
12-May-2026 21:53:58.508 INFO [main] org.apache.catalina.core.StandardServer.await A valid shutdown command was received via the shutdown port. Stopping the Server instance.
12-May-2026 21:53:58.509 INFO [main] org.apache.coyote.AbstractProtocol.pause Pausing ProtocolHandler ["http-nio-8080"]
12-May-2026 21:53:58.597 INFO [main] org.apache.catalina.core.StandardService.stopInternal Stopping service [Catalina]
12-May-2026 21:53:58.598 INFO [main] org.apache.coyote.AbstractProtocol.stop Stopping ProtocolHandler ["http-nio-8080"]
12-May-2026 21:53:58.602 INFO [main] org.apache.coyote.AbstractProtocol.destroy Destroying ProtocolHandler ["http-nio-8080"]
12-May-2026 21:54:42.438 INFO [main] org.apache.catalina.startup.VersionLoggerListener.log Server version name:   Apache Tomcat/11.0.21
12-May-2026 21:54:42.442 INFO [main] org.apache.catalina.startup.VersionLoggerListener.log Server built:          Mar 30 2026 14:59:44 UTC
12-May-2026 21:54:42.442 INFO [main] org.apache.catalina.startup.VersionLoggerListener.log Server version number: 11.0.21.0
12-May-2026 21:54:42.442 INFO [main] org.apache.catalina.startup.VersionLoggerListener.log OS Name:               Windows 10
12-May-2026 21:54:42.442 INFO [main] org.apache.catalina.startup.VersionLoggerListener.log OS Version:            10.0
12-May-2026 21:54:42.443 INFO [main] org.apache.catalina.startup.VersionLoggerListener.log Architecture:          amd64
12-May-2026 21:54:42.443 INFO [main] org.apache.catalina.startup.VersionLoggerListener.log Java Home:             C:\Program Files\Java\jdk-17.0.8
12-May-2026 21:54:42.443 INFO [main] org.apache.catalina.startup.VersionLoggerListener.log JVM Version:           17.0.8+9-LTS-211
12-May-2026 21:54:42.443 INFO [main] org.apache.catalina.startup.VersionLoggerListener.log JVM Vendor:            Oracle Corporation
12-May-2026 21:54:42.444 INFO [main] org.apache.catalina.startup.VersionLoggerListener.log CATALINA_BASE:         C:\e-commerce\.devtomcat\Tomcat_95a65164
12-May-2026 21:54:42.444 INFO [main] org.apache.catalina.startup.VersionLoggerListener.log CATALINA_HOME:         E:\apache-tomcat-11.0.21
12-May-2026 21:54:42.446 INFO [main] org.apache.catalina.startup.VersionLoggerListener.log Command line argument: -Dcom.sun.management.jmxremote
12-May-2026 21:54:42.446 INFO [main] org.apache.catalina.startup.VersionLoggerListener.log Command line argument: -Dcom.sun.management.jmxremote.port=1099
12-May-2026 21:54:42.447 INFO [main] org.apache.catalina.startup.VersionLoggerListener.log Command line argument: -Dcom.sun.management.jmxremote.ssl=false
12-May-2026 21:54:42.447 INFO [main] org.apache.catalina.startup.VersionLoggerListener.log Command line argument: -Dcom.sun.management.jmxremote.authenticate=false
12-May-2026 21:54:42.447 INFO [main] org.apache.catalina.startup.VersionLoggerListener.log Command line argument: -Dcom.sun.management.jmxremote.local.only=false
12-May-2026 21:54:42.447 INFO [main] org.apache.catalina.startup.VersionLoggerListener.log Command line argument: --add-opens=java.base/java.lang=ALL-UNNAMED
12-May-2026 21:54:42.447 INFO [main] org.apache.catalina.startup.VersionLoggerListener.log Command line argument: --add-opens=java.base/java.io=ALL-UNNAMED
12-May-2026 21:54:42.447 INFO [main] org.apache.catalina.startup.VersionLoggerListener.log Command line argument: --add-opens=java.base/java.util=ALL-UNNAMED
12-May-2026 21:54:42.448 INFO [main] org.apache.catalina.startup.VersionLoggerListener.log Command line argument: --add-opens=java.base/java.util.concurrent=ALL-UNNAMED
12-May-2026 21:54:42.448 INFO [main] org.apache.catalina.startup.VersionLoggerListener.log Command line argument: --add-opens=java.rmi/sun.rmi.transport=ALL-UNNAMED
12-May-2026 21:54:42.448 INFO [main] org.apache.catalina.startup.VersionLoggerListener.log Command line argument: -Dcatalina.home=E:\apache-tomcat-11.0.21
12-May-2026 21:54:42.448 INFO [main] org.apache.catalina.startup.VersionLoggerListener.log Command line argument: -Dcatalina.base=C:\e-commerce\.devtomcat\Tomcat_95a65164
12-May-2026 21:54:42.448 INFO [main] org.apache.catalina.startup.VersionLoggerListener.log Command line argument: -Djava.io.tmpdir=C:\e-commerce\.devtomcat\Tomcat_95a65164\temp
12-May-2026 21:54:42.448 INFO [main] org.apache.catalina.startup.VersionLoggerListener.log Command line argument: -Djava.util.logging.config.file=C:\e-commerce\.devtomcat\Tomcat_95a65164\conf\logging.properties
12-May-2026 21:54:42.449 INFO [main] org.apache.catalina.startup.VersionLoggerListener.log Command line argument: -Djava.util.logging.manager=org.apache.juli.ClassLoaderLogManager
12-May-2026 21:54:42.449 INFO [main] org.apache.catalina.startup.VersionLoggerListener.log Command line argument: -Dserver.port=8080
12-May-2026 21:54:42.449 INFO [main] org.apache.catalina.startup.VersionLoggerListener.log Command line argument: -Dserver.shutdown.port=8005
12-May-2026 21:54:42.449 INFO [main] org.apache.catalina.startup.VersionLoggerListener.log Command line argument: -javaagent:C:\Program Files\JetBrains\IntelliJ IDEA 2025.3.1.1\lib\idea_rt.jar=52900
12-May-2026 21:54:42.449 INFO [main] org.apache.catalina.startup.VersionLoggerListener.log Command line argument: -Dfile.encoding=UTF-8
12-May-2026 21:54:42.451 INFO [main] org.apache.catalina.core.AprLifecycleListener.lifecycleEvent Loaded Apache Tomcat Native library [2.0.14] using APR version [1.7.6].
12-May-2026 21:54:42.455 INFO [main] org.apache.catalina.core.AprLifecycleListener.initializeSSL OpenSSL successfully initialized [OpenSSL 3.5.5 27 Jan 2026]
12-May-2026 21:54:42.652 INFO [main] org.apache.coyote.AbstractProtocol.init Initializing ProtocolHandler ["http-nio-8080"]
12-May-2026 21:54:42.679 INFO [main] org.apache.catalina.startup.Catalina.load Server initialization in [486] milliseconds
12-May-2026 21:54:42.756 INFO [main] org.apache.catalina.core.StandardService.startInternal Starting service [Catalina]
12-May-2026 21:54:42.757 INFO [main] org.apache.catalina.core.StandardEngine.startInternal Starting Servlet engine: [Apache Tomcat/11.0.21]
12-May-2026 21:54:42.776 INFO [main] org.apache.coyote.AbstractProtocol.start Starting ProtocolHandler ["http-nio-8080"]
12-May-2026 21:54:42.837 INFO [main] org.apache.catalina.startup.Catalina.start Server startup in [157] milliseconds
12-May-2026 21:57:24.396 INFO [main] org.apache.catalina.core.StandardServer.await A valid shutdown command was received via the shutdown port. Stopping the Server instance.
12-May-2026 21:57:24.397 INFO [main] org.apache.coyote.AbstractProtocol.pause Pausing ProtocolHandler ["http-nio-8080"]
12-May-2026 21:57:24.487 INFO [main] org.apache.catalina.core.StandardService.stopInternal Stopping service [Catalina]
12-May-2026 21:57:24.489 INFO [main] org.apache.coyote.AbstractProtocol.stop Stopping ProtocolHandler ["http-nio-8080"]
12-May-2026 21:57:24.494 INFO [main] org.apache.coyote.AbstractProtocol.destroy Destroying ProtocolHandler ["http-nio-8080"]
12-May-2026 21:57:30.728 INFO [main] org.apache.catalina.startup.VersionLoggerListener.log Server version name:   Apache Tomcat/11.0.21
12-May-2026 21:57:30.731 INFO [main] org.apache.catalina.startup.VersionLoggerListener.log Server built:          Mar 30 2026 14:59:44 UTC
12-May-2026 21:57:30.732 INFO [main] org.apache.catalina.startup.VersionLoggerListener.log Server version number: 11.0.21.0
12-May-2026 21:57:30.732 INFO [main] org.apache.catalina.startup.VersionLoggerListener.log OS Name:               Windows 10
12-May-2026 21:57:30.732 INFO [main] org.apache.catalina.startup.VersionLoggerListener.log OS Version:            10.0
12-May-2026 21:57:30.732 INFO [main] org.apache.catalina.startup.VersionLoggerListener.log Architecture:          amd64
12-May-2026 21:57:30.732 INFO [main] org.apache.catalina.startup.VersionLoggerListener.log Java Home:             C:\Program Files\Java\jdk-17.0.8
12-May-2026 21:57:30.733 INFO [main] org.apache.catalina.startup.VersionLoggerListener.log JVM Version:           17.0.8+9-LTS-211
12-May-2026 21:57:30.733 INFO [main] org.apache.catalina.startup.VersionLoggerListener.log JVM Vendor:            Oracle Corporation
12-May-2026 21:57:30.733 INFO [main] org.apache.catalina.startup.VersionLoggerListener.log CATALINA_BASE:         C:\e-commerce\.devtomcat\Tomcat_95a65164
12-May-2026 21:57:30.734 INFO [main] org.apache.catalina.startup.VersionLoggerListener.log CATALINA_HOME:         E:\apache-tomcat-11.0.21
12-May-2026 21:57:30.736 INFO [main] org.apache.catalina.startup.VersionLoggerListener.log Command line argument: -Dcom.sun.management.jmxremote
12-May-2026 21:57:30.737 INFO [main] org.apache.catalina.startup.VersionLoggerListener.log Command line argument: -Dcom.sun.management.jmxremote.port=1099
12-May-2026 21:57:30.737 INFO [main] org.apache.catalina.startup.VersionLoggerListener.log Command line argument: -Dcom.sun.management.jmxremote.ssl=false
12-May-2026 21:57:30.738 INFO [main] org.apache.catalina.startup.VersionLoggerListener.log Command line argument: -Dcom.sun.management.jmxremote.authenticate=false
12-May-2026 21:57:30.738 INFO [main] org.apache.catalina.startup.VersionLoggerListener.log Command line argument: -Dcom.sun.management.jmxremote.local.only=false
12-May-2026 21:57:30.738 INFO [main] org.apache.catalina.startup.VersionLoggerListener.log Command line argument: --add-opens=java.base/java.lang=ALL-UNNAMED
12-May-2026 21:57:30.738 INFO [main] org.apache.catalina.startup.VersionLoggerListener.log Command line argument: --add-opens=java.base/java.io=ALL-UNNAMED
12-May-2026 21:57:30.738 INFO [main] org.apache.catalina.startup.VersionLoggerListener.log Command line argument: --add-opens=java.base/java.util=ALL-UNNAMED
12-May-2026 21:57:30.738 INFO [main] org.apache.catalina.startup.VersionLoggerListener.log Command line argument: --add-opens=java.base/java.util.concurrent=ALL-UNNAMED
12-May-2026 21:57:30.738 INFO [main] org.apache.catalina.startup.VersionLoggerListener.log Command line argument: --add-opens=java.rmi/sun.rmi.transport=ALL-UNNAMED
12-May-2026 21:57:30.739 INFO [main] org.apache.catalina.startup.VersionLoggerListener.log Command line argument: -Dcatalina.home=E:\apache-tomcat-11.0.21
12-May-2026 21:57:30.739 INFO [main] org.apache.catalina.startup.VersionLoggerListener.log Command line argument: -Dcatalina.base=C:\e-commerce\.devtomcat\Tomcat_95a65164
12-May-2026 21:57:30.739 INFO [main] org.apache.catalina.startup.VersionLoggerListener.log Command line argument: -Djava.io.tmpdir=C:\e-commerce\.devtomcat\Tomcat_95a65164\temp
12-May-2026 21:57:30.740 INFO [main] org.apache.catalina.startup.VersionLoggerListener.log Command line argument: -Djava.util.logging.config.file=C:\e-commerce\.devtomcat\Tomcat_95a65164\conf\logging.properties
12-May-2026 21:57:30.740 INFO [main] org.apache.catalina.startup.VersionLoggerListener.log Command line argument: -Djava.util.logging.manager=org.apache.juli.ClassLoaderLogManager
12-May-2026 21:57:30.740 INFO [main] org.apache.catalina.startup.VersionLoggerListener.log Command line argument: -Dserver.port=8080
12-May-2026 21:57:30.740 INFO [main] org.apache.catalina.startup.VersionLoggerListener.log Command line argument: -Dserver.shutdown.port=8005
12-May-2026 21:57:30.740 INFO [main] org.apache.catalina.startup.VersionLoggerListener.log Command line argument: -javaagent:C:\Program Files\JetBrains\IntelliJ IDEA 2025.3.1.1\lib\idea_rt.jar=56634
12-May-2026 21:57:30.741 INFO [main] org.apache.catalina.startup.VersionLoggerListener.log Command line argument: -Dfile.encoding=UTF-8
12-May-2026 21:57:30.743 INFO [main] org.apache.catalina.core.AprLifecycleListener.lifecycleEvent Loaded Apache Tomcat Native library [2.0.14] using APR version [1.7.6].
12-May-2026 21:57:30.747 INFO [main] org.apache.catalina.core.AprLifecycleListener.initializeSSL OpenSSL successfully initialized [OpenSSL 3.5.5 27 Jan 2026]
12-May-2026 21:57:30.981 INFO [main] org.apache.coyote.AbstractProtocol.init Initializing ProtocolHandler ["http-nio-8080"]
12-May-2026 21:57:31.014 INFO [main] org.apache.catalina.startup.Catalina.load Server initialization in [522] milliseconds
12-May-2026 21:57:31.086 INFO [main] org.apache.catalina.core.StandardService.startInternal Starting service [Catalina]
12-May-2026 21:57:31.086 INFO [main] org.apache.catalina.core.StandardEngine.startInternal Starting Servlet engine: [Apache Tomcat/11.0.21]
12-May-2026 21:57:31.102 INFO [main] org.apache.coyote.AbstractProtocol.start Starting ProtocolHandler ["http-nio-8080"]
12-May-2026 21:57:31.161 INFO [main] org.apache.catalina.startup.Catalina.start Server startup in [147] milliseconds
12-May-2026 21:57:36.623 INFO [main] org.apache.catalina.core.StandardServer.await A valid shutdown command was received via the shutdown port. Stopping the Server instance.
12-May-2026 21:57:36.624 INFO [main] org.apache.coyote.AbstractProtocol.pause Pausing ProtocolHandler ["http-nio-8080"]
12-May-2026 21:57:36.724 INFO [main] org.apache.catalina.core.StandardService.stopInternal Stopping service [Catalina]
12-May-2026 21:57:36.726 INFO [main] org.apache.coyote.AbstractProtocol.stop Stopping ProtocolHandler ["http-nio-8080"]
12-May-2026 21:57:36.732 INFO [main] org.apache.coyote.AbstractProtocol.destroy Destroying ProtocolHandler ["http-nio-8080"]
12-May-2026 21:58:40.218 INFO [main] org.apache.catalina.startup.VersionLoggerListener.log Server version name:   Apache Tomcat/11.0.21
12-May-2026 21:58:40.222 INFO [main] org.apache.catalina.startup.VersionLoggerListener.log Server built:          Mar 30 2026 14:59:44 UTC
12-May-2026 21:58:40.223 INFO [main] org.apache.catalina.startup.VersionLoggerListener.log Server version number: 11.0.21.0
12-May-2026 21:58:40.223 INFO [main] org.apache.catalina.startup.VersionLoggerListener.log OS Name:               Windows 10
12-May-2026 21:58:40.223 INFO [main] org.apache.catalina.startup.VersionLoggerListener.log OS Version:            10.0
12-May-2026 21:58:40.223 INFO [main] org.apache.catalina.startup.VersionLoggerListener.log Architecture:          amd64
12-May-2026 21:58:40.223 INFO [main] org.apache.catalina.startup.VersionLoggerListener.log Java Home:             C:\Program Files\Java\jdk-17.0.8
12-May-2026 21:58:40.224 INFO [main] org.apache.catalina.startup.VersionLoggerListener.log JVM Version:           17.0.8+9-LTS-211
12-May-2026 21:58:40.224 INFO [main] org.apache.catalina.startup.VersionLoggerListener.log JVM Vendor:            Oracle Corporation
12-May-2026 21:58:40.225 INFO [main] org.apache.catalina.startup.VersionLoggerListener.log CATALINA_BASE:         C:\e-commerce\.devtomcat\Tomcat_95a65164
12-May-2026 21:58:40.225 INFO [main] org.apache.catalina.startup.VersionLoggerListener.log CATALINA_HOME:         E:\apache-tomcat-11.0.21
12-May-2026 21:58:40.228 INFO [main] org.apache.catalina.startup.VersionLoggerListener.log Command line argument: -Dcom.sun.management.jmxremote
12-May-2026 21:58:40.228 INFO [main] org.apache.catalina.startup.VersionLoggerListener.log Command line argument: -Dcom.sun.management.jmxremote.port=1099
12-May-2026 21:58:40.228 INFO [main] org.apache.catalina.startup.VersionLoggerListener.log Command line argument: -Dcom.sun.management.jmxremote.ssl=false
12-May-2026 21:58:40.228 INFO [main] org.apache.catalina.startup.VersionLoggerListener.log Command line argument: -Dcom.sun.management.jmxremote.authenticate=false
12-May-2026 21:58:40.229 INFO [main] org.apache.catalina.startup.VersionLoggerListener.log Command line argument: -Dcom.sun.management.jmxremote.local.only=false
12-May-2026 21:58:40.229 INFO [main] org.apache.catalina.startup.VersionLoggerListener.log Command line argument: --add-opens=java.base/java.lang=ALL-UNNAMED
12-May-2026 21:58:40.229 INFO [main] org.apache.catalina.startup.VersionLoggerListener.log Command line argument: --add-opens=java.base/java.io=ALL-UNNAMED
12-May-2026 21:58:40.229 INFO [main] org.apache.catalina.startup.VersionLoggerListener.log Command line argument: --add-opens=java.base/java.util=ALL-UNNAMED
12-May-2026 21:58:40.229 INFO [main] org.apache.catalina.startup.VersionLoggerListener.log Command line argument: --add-opens=java.base/java.util.concurrent=ALL-UNNAMED
12-May-2026 21:58:40.229 INFO [main] org.apache.catalina.startup.VersionLoggerListener.log Command line argument: --add-opens=java.rmi/sun.rmi.transport=ALL-UNNAMED
12-May-2026 21:58:40.229 INFO [main] org.apache.catalina.startup.VersionLoggerListener.log Command line argument: -Dcatalina.home=E:\apache-tomcat-11.0.21
12-May-2026 21:58:40.229 INFO [main] org.apache.catalina.startup.VersionLoggerListener.log Command line argument: -Dcatalina.base=C:\e-commerce\.devtomcat\Tomcat_95a65164
12-May-2026 21:58:40.230 INFO [main] org.apache.catalina.startup.VersionLoggerListener.log Command line argument: -Djava.io.tmpdir=C:\e-commerce\.devtomcat\Tomcat_95a65164\temp
12-May-2026 21:58:40.230 INFO [main] org.apache.catalina.startup.VersionLoggerListener.log Command line argument: -Djava.util.logging.config.file=C:\e-commerce\.devtomcat\Tomcat_95a65164\conf\logging.properties
12-May-2026 21:58:40.230 INFO [main] org.apache.catalina.startup.VersionLoggerListener.log Command line argument: -Djava.util.logging.manager=org.apache.juli.ClassLoaderLogManager
12-May-2026 21:58:40.230 INFO [main] org.apache.catalina.startup.VersionLoggerListener.log Command line argument: -Dserver.port=8080
12-May-2026 21:58:40.230 INFO [main] org.apache.catalina.startup.VersionLoggerListener.log Command line argument: -Dserver.shutdown.port=8005
12-May-2026 21:58:40.230 INFO [main] org.apache.catalina.startup.VersionLoggerListener.log Command line argument: -javaagent:C:\Program Files\JetBrains\IntelliJ IDEA 2025.3.1.1\lib\idea_rt.jar=56740
12-May-2026 21:58:40.231 INFO [main] org.apache.catalina.startup.VersionLoggerListener.log Command line argument: -Dfile.encoding=UTF-8
12-May-2026 21:58:40.233 INFO [main] org.apache.catalina.core.AprLifecycleListener.lifecycleEvent Loaded Apache Tomcat Native library [2.0.14] using APR version [1.7.6].
12-May-2026 21:58:40.238 INFO [main] org.apache.catalina.core.AprLifecycleListener.initializeSSL OpenSSL successfully initialized [OpenSSL 3.5.5 27 Jan 2026]
12-May-2026 21:58:40.460 INFO [main] org.apache.coyote.AbstractProtocol.init Initializing ProtocolHandler ["http-nio-8080"]
12-May-2026 21:58:40.488 INFO [main] org.apache.catalina.startup.Catalina.load Server initialization in [507] milliseconds
12-May-2026 21:58:40.543 INFO [main] org.apache.catalina.core.StandardService.startInternal Starting service [Catalina]
12-May-2026 21:58:40.543 INFO [main] org.apache.catalina.core.StandardEngine.startInternal Starting Servlet engine: [Apache Tomcat/11.0.21]
12-May-2026 21:58:40.560 INFO [main] org.apache.coyote.AbstractProtocol.start Starting ProtocolHandler ["http-nio-8080"]
12-May-2026 21:58:40.618 INFO [main] org.apache.catalina.startup.Catalina.start Server startup in [129] milliseconds
12-May-2026 21:59:46.228 INFO [main] org.apache.catalina.core.StandardServer.await A valid shutdown command was received via the shutdown port. Stopping the Server instance.
12-May-2026 21:59:46.229 INFO [main] org.apache.coyote.AbstractProtocol.pause Pausing ProtocolHandler ["http-nio-8080"]
12-May-2026 21:59:46.313 INFO [main] org.apache.catalina.core.StandardService.stopInternal Stopping service [Catalina]
12-May-2026 21:59:46.315 INFO [main] org.apache.coyote.AbstractProtocol.stop Stopping ProtocolHandler ["http-nio-8080"]
12-May-2026 21:59:46.320 INFO [main] org.apache.coyote.AbstractProtocol.destroy Destroying ProtocolHandler ["http-nio-8080"]
12-May-2026 22:01:48.186 INFO [main] org.apache.catalina.startup.VersionLoggerListener.log Server version name:   Apache Tomcat/11.0.21
12-May-2026 22:01:48.189 INFO [main] org.apache.catalina.startup.VersionLoggerListener.log Server built:          Mar 30 2026 14:59:44 UTC
12-May-2026 22:01:48.190 INFO [main] org.apache.catalina.startup.VersionLoggerListener.log Server version number: 11.0.21.0
12-May-2026 22:01:48.190 INFO [main] org.apache.catalina.startup.VersionLoggerListener.log OS Name:               Windows 10
12-May-2026 22:01:48.190 INFO [main] org.apache.catalina.startup.VersionLoggerListener.log OS Version:            10.0
12-May-2026 22:01:48.190 INFO [main] org.apache.catalina.startup.VersionLoggerListener.log Architecture:          amd64
12-May-2026 22:01:48.190 INFO [main] org.apache.catalina.startup.VersionLoggerListener.log Java Home:             C:\Program Files\Java\jdk-17.0.8
12-May-2026 22:01:48.191 INFO [main] org.apache.catalina.startup.VersionLoggerListener.log JVM Version:           17.0.8+9-LTS-211
12-May-2026 22:01:48.191 INFO [main] org.apache.catalina.startup.VersionLoggerListener.log JVM Vendor:            Oracle Corporation
12-May-2026 22:01:48.192 INFO [main] org.apache.catalina.startup.VersionLoggerListener.log CATALINA_BASE:         C:\e-commerce\.devtomcat\Tomcat_95a65164
12-May-2026 22:01:48.192 INFO [main] org.apache.catalina.startup.VersionLoggerListener.log CATALINA_HOME:         E:\apache-tomcat-11.0.21
12-May-2026 22:01:48.194 INFO [main] org.apache.catalina.startup.VersionLoggerListener.log Command line argument: -Dcom.sun.management.jmxremote
12-May-2026 22:01:48.194 INFO [main] org.apache.catalina.startup.VersionLoggerListener.log Command line argument: -Dcom.sun.management.jmxremote.port=1099
12-May-2026 22:01:48.195 INFO [main] org.apache.catalina.startup.VersionLoggerListener.log Command line argument: -Dcom.sun.management.jmxremote.ssl=false
12-May-2026 22:01:48.195 INFO [main] org.apache.catalina.startup.VersionLoggerListener.log Command line argument: -Dcom.sun.management.jmxremote.authenticate=false
12-May-2026 22:01:48.195 INFO [main] org.apache.catalina.startup.VersionLoggerListener.log Command line argument: -Dcom.sun.management.jmxremote.local.only=false
12-May-2026 22:01:48.195 INFO [main] org.apache.catalina.startup.VersionLoggerListener.log Command line argument: --add-opens=java.base/java.lang=ALL-UNNAMED
12-May-2026 22:01:48.195 INFO [main] org.apache.catalina.startup.VersionLoggerListener.log Command line argument: --add-opens=java.base/java.io=ALL-UNNAMED
12-May-2026 22:01:48.195 INFO [main] org.apache.catalina.startup.VersionLoggerListener.log Command line argument: --add-opens=java.base/java.util=ALL-UNNAMED
12-May-2026 22:01:48.196 INFO [main] org.apache.catalina.startup.VersionLoggerListener.log Command line argument: --add-opens=java.base/java.util.concurrent=ALL-UNNAMED
12-May-2026 22:01:48.196 INFO [main] org.apache.catalina.startup.VersionLoggerListener.log Command line argument: --add-opens=java.rmi/sun.rmi.transport=ALL-UNNAMED
12-May-2026 22:01:48.196 INFO [main] org.apache.catalina.startup.VersionLoggerListener.log Command line argument: -Dcatalina.home=E:\apache-tomcat-11.0.21
12-May-2026 22:01:48.196 INFO [main] org.apache.catalina.startup.VersionLoggerListener.log Command line argument: -Dcatalina.base=C:\e-commerce\.devtomcat\Tomcat_95a65164
12-May-2026 22:01:48.196 INFO [main] org.apache.catalina.startup.VersionLoggerListener.log Command line argument: -Djava.io.tmpdir=C:\e-commerce\.devtomcat\Tomcat_95a65164\temp
12-May-2026 22:01:48.197 INFO [main] org.apache.catalina.startup.VersionLoggerListener.log Command line argument: -Djava.util.logging.config.file=C:\e-commerce\.devtomcat\Tomcat_95a65164\conf\logging.properties
12-May-2026 22:01:48.197 INFO [main] org.apache.catalina.startup.VersionLoggerListener.log Command line argument: -Djava.util.logging.manager=org.apache.juli.ClassLoaderLogManager
12-May-2026 22:01:48.197 INFO [main] org.apache.catalina.startup.VersionLoggerListener.log Command line argument: -Dserver.port=8080
12-May-2026 22:01:48.197 INFO [main] org.apache.catalina.startup.VersionLoggerListener.log Command line argument: -Dserver.shutdown.port=8005
12-May-2026 22:01:48.198 INFO [main] org.apache.catalina.startup.VersionLoggerListener.log Command line argument: -javaagent:C:\Program Files\JetBrains\IntelliJ IDEA 2025.3.1.1\lib\idea_rt.jar=49186
12-May-2026 22:01:48.198 INFO [main] org.apache.catalina.startup.VersionLoggerListener.log Command line argument: -Dfile.encoding=UTF-8
12-May-2026 22:01:48.201 INFO [main] org.apache.catalina.core.AprLifecycleListener.lifecycleEvent Loaded Apache Tomcat Native library [2.0.14] using APR version [1.7.6].
12-May-2026 22:01:48.207 INFO [main] org.apache.catalina.core.AprLifecycleListener.initializeSSL OpenSSL successfully initialized [OpenSSL 3.5.5 27 Jan 2026]
12-May-2026 22:01:48.459 INFO [main] org.apache.coyote.AbstractProtocol.init Initializing ProtocolHandler ["http-nio-8080"]
12-May-2026 22:01:48.483 INFO [main] org.apache.catalina.startup.Catalina.load Server initialization in [567] milliseconds
12-May-2026 22:01:48.549 INFO [main] org.apache.catalina.core.StandardService.startInternal Starting service [Catalina]
12-May-2026 22:01:48.550 INFO [main] org.apache.catalina.core.StandardEngine.startInternal Starting Servlet engine: [Apache Tomcat/11.0.21]
12-May-2026 22:01:48.574 INFO [main] org.apache.catalina.startup.HostConfig.deployDescriptor Deploying deployment descriptor [C:\e-commerce\.devtomcat\Tomcat_95a65164\conf\Catalina\localhost\e-commerce.xml]
12-May-2026 22:01:49.979 INFO [main] org.apache.jasper.servlet.TldScanner.scanJars At least one JAR was scanned for TLDs yet contained no TLDs. Enable debug logging for this logger for a complete list of JARs that were scanned but no TLDs were found in them. Skipping unneeded JARs during scanning can improve startup time and JSP compilation time.
12-May-2026 22:01:50.152 INFO [main] org.apache.catalina.startup.HostConfig.deployDescriptor Deployment of deployment descriptor [C:\e-commerce\.devtomcat\Tomcat_95a65164\conf\Catalina\localhost\e-commerce.xml] has finished in [1,578] ms
12-May-2026 22:01:50.158 INFO [main] org.apache.coyote.AbstractProtocol.start Starting ProtocolHandler ["http-nio-8080"]
12-May-2026 22:01:50.190 INFO [main] org.apache.catalina.startup.Catalina.start Server startup in [1706] milliseconds
12-May-2026 22:13:15.446 INFO [main] org.apache.catalina.core.StandardServer.await A valid shutdown command was received via the shutdown port. Stopping the Server instance.
12-May-2026 22:13:15.447 INFO [main] org.apache.coyote.AbstractProtocol.pause Pausing ProtocolHandler ["http-nio-8080"]
12-May-2026 22:13:15.529 INFO [main] org.apache.catalina.core.StandardService.stopInternal Stopping service [Catalina]
12-May-2026 22:13:15.534 WARNING [main] org.apache.catalina.loader.WebappClassLoaderBase.clearReferencesJdbc The web application [e-commerce] registered the JDBC driver [com.mysql.cj.jdbc.Driver] but failed to unregister it when the web application was stopped. To prevent a memory leak, the JDBC Driver has been forcibly unregistered.
12-May-2026 22:13:15.535 WARNING [main] org.apache.catalina.loader.WebappClassLoaderBase.clearReferencesThreads The web application [e-commerce] appears to have started a thread named [mysql-cj-abandoned-connection-cleanup] but has failed to stop it. This is very likely to create a memory leak. Stack trace of thread:
 java.base@17.0.8/java.lang.Object.wait(Native Method)
 java.base@17.0.8/java.lang.ref.ReferenceQueue.remove(ReferenceQueue.java:155)
 com.mysql.cj.jdbc.AbandonedConnectionCleanupThread.run(AbandonedConnectionCleanupThread.java:91)
 java.base@17.0.8/java.util.concurrent.ThreadPoolExecutor.runWorker(ThreadPoolExecutor.java:1136)
 java.base@17.0.8/java.util.concurrent.ThreadPoolExecutor$Worker.run(ThreadPoolExecutor.java:635)
 java.base@17.0.8/java.lang.Thread.run(Thread.java:833)
12-May-2026 22:13:15.542 INFO [main] org.apache.coyote.AbstractProtocol.stop Stopping ProtocolHandler ["http-nio-8080"]
12-May-2026 22:13:15.553 INFO [main] org.apache.coyote.AbstractProtocol.destroy Destroying ProtocolHandler ["http-nio-8080"]
12-May-2026 22:13:15.605 INFO [mysql-cj-abandoned-connection-cleanup] org.apache.catalina.loader.WebappClassLoaderBase.checkStateForResourceLoading Illegal access: this web application instance has been stopped already. Could not load []. The following stack trace is thrown for debugging purposes as well as to attempt to terminate the thread which caused the illegal access.
	java.lang.IllegalStateException: Illegal access: this web application instance has been stopped already. Could not load []. The following stack trace is thrown for debugging purposes as well as to attempt to terminate the thread which caused the illegal access.
		at org.apache.catalina.loader.WebappClassLoaderBase.checkStateForResourceLoading(WebappClassLoaderBase.java:1244)
		at org.apache.catalina.loader.WebappClassLoaderBase.getResource(WebappClassLoaderBase.java:854)
		at com.mysql.cj.jdbc.AbandonedConnectionCleanupThread.checkThreadContextClassLoader(AbandonedConnectionCleanupThread.java:123)
		at com.mysql.cj.jdbc.AbandonedConnectionCleanupThread.run(AbandonedConnectionCleanupThread.java:90)
		at java.base/java.util.concurrent.ThreadPoolExecutor.runWorker(ThreadPoolExecutor.java:1136)
		at java.base/java.util.concurrent.ThreadPoolExecutor$Worker.run(ThreadPoolExecutor.java:635)
		at java.base/java.lang.Thread.run(Thread.java:833)
12-May-2026 22:13:22.613 INFO [main] org.apache.catalina.startup.VersionLoggerListener.log Server version name:   Apache Tomcat/11.0.21
12-May-2026 22:13:22.616 INFO [main] org.apache.catalina.startup.VersionLoggerListener.log Server built:          Mar 30 2026 14:59:44 UTC
12-May-2026 22:13:22.616 INFO [main] org.apache.catalina.startup.VersionLoggerListener.log Server version number: 11.0.21.0
12-May-2026 22:13:22.617 INFO [main] org.apache.catalina.startup.VersionLoggerListener.log OS Name:               Windows 10
12-May-2026 22:13:22.617 INFO [main] org.apache.catalina.startup.VersionLoggerListener.log OS Version:            10.0
12-May-2026 22:13:22.617 INFO [main] org.apache.catalina.startup.VersionLoggerListener.log Architecture:          amd64
12-May-2026 22:13:22.617 INFO [main] org.apache.catalina.startup.VersionLoggerListener.log Java Home:             C:\Program Files\Java\jdk-17.0.8
12-May-2026 22:13:22.618 INFO [main] org.apache.catalina.startup.VersionLoggerListener.log JVM Version:           17.0.8+9-LTS-211
12-May-2026 22:13:22.618 INFO [main] org.apache.catalina.startup.VersionLoggerListener.log JVM Vendor:            Oracle Corporation
12-May-2026 22:13:22.618 INFO [main] org.apache.catalina.startup.VersionLoggerListener.log CATALINA_BASE:         C:\e-commerce\.devtomcat\Tomcat_95a65164
12-May-2026 22:13:22.619 INFO [main] org.apache.catalina.startup.VersionLoggerListener.log CATALINA_HOME:         E:\apache-tomcat-11.0.21
12-May-2026 22:13:22.621 INFO [main] org.apache.catalina.startup.VersionLoggerListener.log Command line argument: -Dcom.sun.management.jmxremote
12-May-2026 22:13:22.621 INFO [main] org.apache.catalina.startup.VersionLoggerListener.log Command line argument: -Dcom.sun.management.jmxremote.port=1099
12-May-2026 22:13:22.621 INFO [main] org.apache.catalina.startup.VersionLoggerListener.log Command line argument: -Dcom.sun.management.jmxremote.ssl=false
12-May-2026 22:13:22.621 INFO [main] org.apache.catalina.startup.VersionLoggerListener.log Command line argument: -Dcom.sun.management.jmxremote.authenticate=false
12-May-2026 22:13:22.622 INFO [main] org.apache.catalina.startup.VersionLoggerListener.log Command line argument: -Dcom.sun.management.jmxremote.local.only=false
12-May-2026 22:13:22.622 INFO [main] org.apache.catalina.startup.VersionLoggerListener.log Command line argument: --add-opens=java.base/java.lang=ALL-UNNAMED
12-May-2026 22:13:22.622 INFO [main] org.apache.catalina.startup.VersionLoggerListener.log Command line argument: --add-opens=java.base/java.io=ALL-UNNAMED
12-May-2026 22:13:22.622 INFO [main] org.apache.catalina.startup.VersionLoggerListener.log Command line argument: --add-opens=java.base/java.util=ALL-UNNAMED
12-May-2026 22:13:22.622 INFO [main] org.apache.catalina.startup.VersionLoggerListener.log Command line argument: --add-opens=java.base/java.util.concurrent=ALL-UNNAMED
12-May-2026 22:13:22.622 INFO [main] org.apache.catalina.startup.VersionLoggerListener.log Command line argument: --add-opens=java.rmi/sun.rmi.transport=ALL-UNNAMED
12-May-2026 22:13:22.622 INFO [main] org.apache.catalina.startup.VersionLoggerListener.log Command line argument: -Dcatalina.home=E:\apache-tomcat-11.0.21
12-May-2026 22:13:22.623 INFO [main] org.apache.catalina.startup.VersionLoggerListener.log Command line argument: -Dcatalina.base=C:\e-commerce\.devtomcat\Tomcat_95a65164
12-May-2026 22:13:22.623 INFO [main] org.apache.catalina.startup.VersionLoggerListener.log Command line argument: -Djava.io.tmpdir=C:\e-commerce\.devtomcat\Tomcat_95a65164\temp
12-May-2026 22:13:22.623 INFO [main] org.apache.catalina.startup.VersionLoggerListener.log Command line argument: -Djava.util.logging.config.file=C:\e-commerce\.devtomcat\Tomcat_95a65164\conf\logging.properties
12-May-2026 22:13:22.623 INFO [main] org.apache.catalina.startup.VersionLoggerListener.log Command line argument: -Djava.util.logging.manager=org.apache.juli.ClassLoaderLogManager
12-May-2026 22:13:22.623 INFO [main] org.apache.catalina.startup.VersionLoggerListener.log Command line argument: -Dserver.port=8080
12-May-2026 22:13:22.623 INFO [main] org.apache.catalina.startup.VersionLoggerListener.log Command line argument: -Dserver.shutdown.port=8005
12-May-2026 22:13:22.624 INFO [main] org.apache.catalina.startup.VersionLoggerListener.log Command line argument: -javaagent:C:\Program Files\JetBrains\IntelliJ IDEA 2025.3.1.1\lib\idea_rt.jar=62799
12-May-2026 22:13:22.624 INFO [main] org.apache.catalina.startup.VersionLoggerListener.log Command line argument: -Dfile.encoding=UTF-8
12-May-2026 22:13:22.627 INFO [main] org.apache.catalina.core.AprLifecycleListener.lifecycleEvent Loaded Apache Tomcat Native library [2.0.14] using APR version [1.7.6].
12-May-2026 22:13:22.633 INFO [main] org.apache.catalina.core.AprLifecycleListener.initializeSSL OpenSSL successfully initialized [OpenSSL 3.5.5 27 Jan 2026]
12-May-2026 22:13:22.956 INFO [main] org.apache.coyote.AbstractProtocol.init Initializing ProtocolHandler ["http-nio-8080"]
12-May-2026 22:13:22.983 INFO [main] org.apache.catalina.startup.Catalina.load Server initialization in [651] milliseconds
12-May-2026 22:13:23.047 INFO [main] org.apache.catalina.core.StandardService.startInternal Starting service [Catalina]
12-May-2026 22:13:23.047 INFO [main] org.apache.catalina.core.StandardEngine.startInternal Starting Servlet engine: [Apache Tomcat/11.0.21]
12-May-2026 22:13:23.059 INFO [main] org.apache.catalina.startup.HostConfig.deployDescriptor Deploying deployment descriptor [C:\e-commerce\.devtomcat\Tomcat_95a65164\conf\Catalina\localhost\e-commerce.xml]
12-May-2026 22:13:24.456 INFO [main] org.apache.jasper.servlet.TldScanner.scanJars At least one JAR was scanned for TLDs yet contained no TLDs. Enable debug logging for this logger for a complete list of JARs that were scanned but no TLDs were found in them. Skipping unneeded JARs during scanning can improve startup time and JSP compilation time.
12-May-2026 22:13:24.601 WARNING [main] org.apache.catalina.util.SessionIdGeneratorBase.createSecureRandom Creation of SecureRandom instance for session ID generation using [SHA1PRNG] took [108] milliseconds.
12-May-2026 22:13:24.633 INFO [main] org.apache.catalina.startup.HostConfig.deployDescriptor Deployment of deployment descriptor [C:\e-commerce\.devtomcat\Tomcat_95a65164\conf\Catalina\localhost\e-commerce.xml] has finished in [1,573] ms
12-May-2026 22:13:24.639 INFO [main] org.apache.coyote.AbstractProtocol.start Starting ProtocolHandler ["http-nio-8080"]
12-May-2026 22:13:24.672 INFO [main] org.apache.catalina.startup.Catalina.start Server startup in [1687] milliseconds
12-May-2026 22:15:39.991 INFO [main] org.apache.catalina.core.StandardServer.await A valid shutdown command was received via the shutdown port. Stopping the Server instance.
12-May-2026 22:15:39.992 INFO [main] org.apache.coyote.AbstractProtocol.pause Pausing ProtocolHandler ["http-nio-8080"]
12-May-2026 22:15:40.074 INFO [main] org.apache.catalina.core.StandardService.stopInternal Stopping service [Catalina]
12-May-2026 22:15:40.079 WARNING [main] org.apache.catalina.loader.WebappClassLoaderBase.clearReferencesJdbc The web application [e-commerce] registered the JDBC driver [com.mysql.cj.jdbc.Driver] but failed to unregister it when the web application was stopped. To prevent a memory leak, the JDBC Driver has been forcibly unregistered.
12-May-2026 22:15:40.080 WARNING [main] org.apache.catalina.loader.WebappClassLoaderBase.clearReferencesThreads The web application [e-commerce] appears to have started a thread named [mysql-cj-abandoned-connection-cleanup] but has failed to stop it. This is very likely to create a memory leak. Stack trace of thread:
 java.base@17.0.8/java.lang.Object.wait(Native Method)
 java.base@17.0.8/java.lang.ref.ReferenceQueue.remove(ReferenceQueue.java:155)
 com.mysql.cj.jdbc.AbandonedConnectionCleanupThread.run(AbandonedConnectionCleanupThread.java:91)
 java.base@17.0.8/java.util.concurrent.ThreadPoolExecutor.runWorker(ThreadPoolExecutor.java:1136)
 java.base@17.0.8/java.util.concurrent.ThreadPoolExecutor$Worker.run(ThreadPoolExecutor.java:635)
 java.base@17.0.8/java.lang.Thread.run(Thread.java:833)
12-May-2026 22:15:40.084 INFO [main] org.apache.coyote.AbstractProtocol.stop Stopping ProtocolHandler ["http-nio-8080"]
12-May-2026 22:15:40.088 INFO [main] org.apache.coyote.AbstractProtocol.destroy Destroying ProtocolHandler ["http-nio-8080"]
12-May-2026 22:15:40.139 INFO [mysql-cj-abandoned-connection-cleanup] org.apache.catalina.loader.WebappClassLoaderBase.checkStateForResourceLoading Illegal access: this web application instance has been stopped already. Could not load []. The following stack trace is thrown for debugging purposes as well as to attempt to terminate the thread which caused the illegal access.
	java.lang.IllegalStateException: Illegal access: this web application instance has been stopped already. Could not load []. The following stack trace is thrown for debugging purposes as well as to attempt to terminate the thread which caused the illegal access.
		at org.apache.catalina.loader.WebappClassLoaderBase.checkStateForResourceLoading(WebappClassLoaderBase.java:1244)
		at org.apache.catalina.loader.WebappClassLoaderBase.getResource(WebappClassLoaderBase.java:854)
		at com.mysql.cj.jdbc.AbandonedConnectionCleanupThread.checkThreadContextClassLoader(AbandonedConnectionCleanupThread.java:123)
		at com.mysql.cj.jdbc.AbandonedConnectionCleanupThread.run(AbandonedConnectionCleanupThread.java:90)
		at java.base/java.util.concurrent.ThreadPoolExecutor.runWorker(ThreadPoolExecutor.java:1136)
		at java.base/java.util.concurrent.ThreadPoolExecutor$Worker.run(ThreadPoolExecutor.java:635)
		at java.base/java.lang.Thread.run(Thread.java:833)
12-May-2026 22:15:44.954 INFO [main] org.apache.catalina.startup.VersionLoggerListener.log Server version name:   Apache Tomcat/11.0.21
12-May-2026 22:15:44.957 INFO [main] org.apache.catalina.startup.VersionLoggerListener.log Server built:          Mar 30 2026 14:59:44 UTC
12-May-2026 22:15:44.957 INFO [main] org.apache.catalina.startup.VersionLoggerListener.log Server version number: 11.0.21.0
12-May-2026 22:15:44.958 INFO [main] org.apache.catalina.startup.VersionLoggerListener.log OS Name:               Windows 10
12-May-2026 22:15:44.982 INFO [main] org.apache.catalina.startup.VersionLoggerListener.log OS Version:            10.0
12-May-2026 22:15:44.983 INFO [main] org.apache.catalina.startup.VersionLoggerListener.log Architecture:          amd64
12-May-2026 22:15:44.983 INFO [main] org.apache.catalina.startup.VersionLoggerListener.log Java Home:             C:\Program Files\Java\jdk-17.0.8
12-May-2026 22:15:44.983 INFO [main] org.apache.catalina.startup.VersionLoggerListener.log JVM Version:           17.0.8+9-LTS-211
12-May-2026 22:15:44.983 INFO [main] org.apache.catalina.startup.VersionLoggerListener.log JVM Vendor:            Oracle Corporation
12-May-2026 22:15:44.984 INFO [main] org.apache.catalina.startup.VersionLoggerListener.log CATALINA_BASE:         C:\e-commerce\.devtomcat\Tomcat_95a65164
12-May-2026 22:15:44.984 INFO [main] org.apache.catalina.startup.VersionLoggerListener.log CATALINA_HOME:         E:\apache-tomcat-11.0.21
12-May-2026 22:15:44.987 INFO [main] org.apache.catalina.startup.VersionLoggerListener.log Command line argument: -Dcom.sun.management.jmxremote
12-May-2026 22:15:44.987 INFO [main] org.apache.catalina.startup.VersionLoggerListener.log Command line argument: -Dcom.sun.management.jmxremote.port=1099
12-May-2026 22:15:44.988 INFO [main] org.apache.catalina.startup.VersionLoggerListener.log Command line argument: -Dcom.sun.management.jmxremote.ssl=false
12-May-2026 22:15:44.988 INFO [main] org.apache.catalina.startup.VersionLoggerListener.log Command line argument: -Dcom.sun.management.jmxremote.authenticate=false
12-May-2026 22:15:44.988 INFO [main] org.apache.catalina.startup.VersionLoggerListener.log Command line argument: -Dcom.sun.management.jmxremote.local.only=false
12-May-2026 22:15:44.988 INFO [main] org.apache.catalina.startup.VersionLoggerListener.log Command line argument: --add-opens=java.base/java.lang=ALL-UNNAMED
12-May-2026 22:15:44.988 INFO [main] org.apache.catalina.startup.VersionLoggerListener.log Command line argument: --add-opens=java.base/java.io=ALL-UNNAMED
12-May-2026 22:15:44.989 INFO [main] org.apache.catalina.startup.VersionLoggerListener.log Command line argument: --add-opens=java.base/java.util=ALL-UNNAMED
12-May-2026 22:15:44.989 INFO [main] org.apache.catalina.startup.VersionLoggerListener.log Command line argument: --add-opens=java.base/java.util.concurrent=ALL-UNNAMED
12-May-2026 22:15:44.989 INFO [main] org.apache.catalina.startup.VersionLoggerListener.log Command line argument: --add-opens=java.rmi/sun.rmi.transport=ALL-UNNAMED
12-May-2026 22:15:44.989 INFO [main] org.apache.catalina.startup.VersionLoggerListener.log Command line argument: -Dcatalina.home=E:\apache-tomcat-11.0.21
12-May-2026 22:15:44.990 INFO [main] org.apache.catalina.startup.VersionLoggerListener.log Command line argument: -Dcatalina.base=C:\e-commerce\.devtomcat\Tomcat_95a65164
12-May-2026 22:15:44.990 INFO [main] org.apache.catalina.startup.VersionLoggerListener.log Command line argument: -Djava.io.tmpdir=C:\e-commerce\.devtomcat\Tomcat_95a65164\temp
12-May-2026 22:15:44.990 INFO [main] org.apache.catalina.startup.VersionLoggerListener.log Command line argument: -Djava.util.logging.config.file=C:\e-commerce\.devtomcat\Tomcat_95a65164\conf\logging.properties
12-May-2026 22:15:44.990 INFO [main] org.apache.catalina.startup.VersionLoggerListener.log Command line argument: -Djava.util.logging.manager=org.apache.juli.ClassLoaderLogManager
12-May-2026 22:15:44.990 INFO [main] org.apache.catalina.startup.VersionLoggerListener.log Command line argument: -Dserver.port=8080
12-May-2026 22:15:44.991 INFO [main] org.apache.catalina.startup.VersionLoggerListener.log Command line argument: -Dserver.shutdown.port=8005
12-May-2026 22:15:44.991 INFO [main] org.apache.catalina.startup.VersionLoggerListener.log Command line argument: -javaagent:C:\Program Files\JetBrains\IntelliJ IDEA 2025.3.1.1\lib\idea_rt.jar=57902
12-May-2026 22:15:44.991 INFO [main] org.apache.catalina.startup.VersionLoggerListener.log Command line argument: -Dfile.encoding=UTF-8
12-May-2026 22:15:44.995 INFO [main] org.apache.catalina.core.AprLifecycleListener.lifecycleEvent Loaded Apache Tomcat Native library [2.0.14] using APR version [1.7.6].
12-May-2026 22:15:45.002 INFO [main] org.apache.catalina.core.AprLifecycleListener.initializeSSL OpenSSL successfully initialized [OpenSSL 3.5.5 27 Jan 2026]
12-May-2026 22:15:45.378 INFO [main] org.apache.coyote.AbstractProtocol.init Initializing ProtocolHandler ["http-nio-8080"]
12-May-2026 22:15:45.407 INFO [main] org.apache.catalina.startup.Catalina.load Server initialization in [1028] milliseconds
12-May-2026 22:15:45.480 INFO [main] org.apache.catalina.core.StandardService.startInternal Starting service [Catalina]
12-May-2026 22:15:45.480 INFO [main] org.apache.catalina.core.StandardEngine.startInternal Starting Servlet engine: [Apache Tomcat/11.0.21]
12-May-2026 22:15:45.502 INFO [main] org.apache.catalina.startup.HostConfig.deployDescriptor Deploying deployment descriptor [C:\e-commerce\.devtomcat\Tomcat_95a65164\conf\Catalina\localhost\e-commerce.xml]
12-May-2026 22:15:46.827 INFO [main] org.apache.jasper.servlet.TldScanner.scanJars At least one JAR was scanned for TLDs yet contained no TLDs. Enable debug logging for this logger for a complete list of JARs that were scanned but no TLDs were found in them. Skipping unneeded JARs during scanning can improve startup time and JSP compilation time.
12-May-2026 22:15:46.979 WARNING [main] org.apache.catalina.util.SessionIdGeneratorBase.createSecureRandom Creation of SecureRandom instance for session ID generation using [SHA1PRNG] took [112] milliseconds.
12-May-2026 22:15:47.008 INFO [main] org.apache.catalina.startup.HostConfig.deployDescriptor Deployment of deployment descriptor [C:\e-commerce\.devtomcat\Tomcat_95a65164\conf\Catalina\localhost\e-commerce.xml] has finished in [1,506] ms
12-May-2026 22:15:47.016 INFO [main] org.apache.coyote.AbstractProtocol.start Starting ProtocolHandler ["http-nio-8080"]
12-May-2026 22:15:47.045 INFO [main] org.apache.catalina.startup.Catalina.start Server startup in [1637] milliseconds
12-May-2026 22:21:01.938 INFO [main] org.apache.catalina.core.StandardServer.await A valid shutdown command was received via the shutdown port. Stopping the Server instance.
12-May-2026 22:21:01.939 INFO [main] org.apache.coyote.AbstractProtocol.pause Pausing ProtocolHandler ["http-nio-8080"]
12-May-2026 22:21:02.021 INFO [main] org.apache.catalina.core.StandardService.stopInternal Stopping service [Catalina]
12-May-2026 22:21:02.026 WARNING [main] org.apache.catalina.loader.WebappClassLoaderBase.clearReferencesJdbc The web application [e-commerce] registered the JDBC driver [com.mysql.cj.jdbc.Driver] but failed to unregister it when the web application was stopped. To prevent a memory leak, the JDBC Driver has been forcibly unregistered.
12-May-2026 22:21:02.027 WARNING [main] org.apache.catalina.loader.WebappClassLoaderBase.clearReferencesThreads The web application [e-commerce] appears to have started a thread named [mysql-cj-abandoned-connection-cleanup] but has failed to stop it. This is very likely to create a memory leak. Stack trace of thread:
 java.base@17.0.8/java.lang.Object.wait(Native Method)
 java.base@17.0.8/java.lang.ref.ReferenceQueue.remove(ReferenceQueue.java:155)
 com.mysql.cj.jdbc.AbandonedConnectionCleanupThread.run(AbandonedConnectionCleanupThread.java:91)
 java.base@17.0.8/java.util.concurrent.ThreadPoolExecutor.runWorker(ThreadPoolExecutor.java:1136)
 java.base@17.0.8/java.util.concurrent.ThreadPoolExecutor$Worker.run(ThreadPoolExecutor.java:635)
 java.base@17.0.8/java.lang.Thread.run(Thread.java:833)
12-May-2026 22:21:02.032 INFO [main] org.apache.coyote.AbstractProtocol.stop Stopping ProtocolHandler ["http-nio-8080"]
12-May-2026 22:21:02.035 INFO [main] org.apache.coyote.AbstractProtocol.destroy Destroying ProtocolHandler ["http-nio-8080"]
12-May-2026 22:21:02.089 INFO [mysql-cj-abandoned-connection-cleanup] org.apache.catalina.loader.WebappClassLoaderBase.checkStateForResourceLoading Illegal access: this web application instance has been stopped already. Could not load []. The following stack trace is thrown for debugging purposes as well as to attempt to terminate the thread which caused the illegal access.
	java.lang.IllegalStateException: Illegal access: this web application instance has been stopped already. Could not load []. The following stack trace is thrown for debugging purposes as well as to attempt to terminate the thread which caused the illegal access.
		at org.apache.catalina.loader.WebappClassLoaderBase.checkStateForResourceLoading(WebappClassLoaderBase.java:1244)
		at org.apache.catalina.loader.WebappClassLoaderBase.getResource(WebappClassLoaderBase.java:854)
		at com.mysql.cj.jdbc.AbandonedConnectionCleanupThread.checkThreadContextClassLoader(AbandonedConnectionCleanupThread.java:123)
		at com.mysql.cj.jdbc.AbandonedConnectionCleanupThread.run(AbandonedConnectionCleanupThread.java:90)
		at java.base/java.util.concurrent.ThreadPoolExecutor.runWorker(ThreadPoolExecutor.java:1136)
		at java.base/java.util.concurrent.ThreadPoolExecutor$Worker.run(ThreadPoolExecutor.java:635)
		at java.base/java.lang.Thread.run(Thread.java:833)
12-May-2026 22:21:07.647 INFO [main] org.apache.catalina.startup.VersionLoggerListener.log Server version name:   Apache Tomcat/11.0.21
12-May-2026 22:21:07.651 INFO [main] org.apache.catalina.startup.VersionLoggerListener.log Server built:          Mar 30 2026 14:59:44 UTC
12-May-2026 22:21:07.652 INFO [main] org.apache.catalina.startup.VersionLoggerListener.log Server version number: 11.0.21.0
12-May-2026 22:21:07.652 INFO [main] org.apache.catalina.startup.VersionLoggerListener.log OS Name:               Windows 10
12-May-2026 22:21:07.652 INFO [main] org.apache.catalina.startup.VersionLoggerListener.log OS Version:            10.0
12-May-2026 22:21:07.652 INFO [main] org.apache.catalina.startup.VersionLoggerListener.log Architecture:          amd64
12-May-2026 22:21:07.652 INFO [main] org.apache.catalina.startup.VersionLoggerListener.log Java Home:             C:\Program Files\Java\jdk-17.0.8
12-May-2026 22:21:07.653 INFO [main] org.apache.catalina.startup.VersionLoggerListener.log JVM Version:           17.0.8+9-LTS-211
12-May-2026 22:21:07.653 INFO [main] org.apache.catalina.startup.VersionLoggerListener.log JVM Vendor:            Oracle Corporation
12-May-2026 22:21:07.653 INFO [main] org.apache.catalina.startup.VersionLoggerListener.log CATALINA_BASE:         C:\e-commerce\.devtomcat\Tomcat_95a65164
12-May-2026 22:21:07.653 INFO [main] org.apache.catalina.startup.VersionLoggerListener.log CATALINA_HOME:         E:\apache-tomcat-11.0.21
12-May-2026 22:21:07.656 INFO [main] org.apache.catalina.startup.VersionLoggerListener.log Command line argument: -Dcom.sun.management.jmxremote
12-May-2026 22:21:07.656 INFO [main] org.apache.catalina.startup.VersionLoggerListener.log Command line argument: -Dcom.sun.management.jmxremote.port=1099
12-May-2026 22:21:07.657 INFO [main] org.apache.catalina.startup.VersionLoggerListener.log Command line argument: -Dcom.sun.management.jmxremote.ssl=false
12-May-2026 22:21:07.657 INFO [main] org.apache.catalina.startup.VersionLoggerListener.log Command line argument: -Dcom.sun.management.jmxremote.authenticate=false
12-May-2026 22:21:07.657 INFO [main] org.apache.catalina.startup.VersionLoggerListener.log Command line argument: -Dcom.sun.management.jmxremote.local.only=false
12-May-2026 22:21:07.657 INFO [main] org.apache.catalina.startup.VersionLoggerListener.log Command line argument: --add-opens=java.base/java.lang=ALL-UNNAMED
12-May-2026 22:21:07.657 INFO [main] org.apache.catalina.startup.VersionLoggerListener.log Command line argument: --add-opens=java.base/java.io=ALL-UNNAMED
12-May-2026 22:21:07.657 INFO [main] org.apache.catalina.startup.VersionLoggerListener.log Command line argument: --add-opens=java.base/java.util=ALL-UNNAMED
12-May-2026 22:21:07.658 INFO [main] org.apache.catalina.startup.VersionLoggerListener.log Command line argument: --add-opens=java.base/java.util.concurrent=ALL-UNNAMED
12-May-2026 22:21:07.658 INFO [main] org.apache.catalina.startup.VersionLoggerListener.log Command line argument: --add-opens=java.rmi/sun.rmi.transport=ALL-UNNAMED
12-May-2026 22:21:07.658 INFO [main] org.apache.catalina.startup.VersionLoggerListener.log Command line argument: -Dcatalina.home=E:\apache-tomcat-11.0.21
12-May-2026 22:21:07.659 INFO [main] org.apache.catalina.startup.VersionLoggerListener.log Command line argument: -Dcatalina.base=C:\e-commerce\.devtomcat\Tomcat_95a65164
12-May-2026 22:21:07.659 INFO [main] org.apache.catalina.startup.VersionLoggerListener.log Command line argument: -Djava.io.tmpdir=C:\e-commerce\.devtomcat\Tomcat_95a65164\temp
12-May-2026 22:21:07.659 INFO [main] org.apache.catalina.startup.VersionLoggerListener.log Command line argument: -Djava.util.logging.config.file=C:\e-commerce\.devtomcat\Tomcat_95a65164\conf\logging.properties
12-May-2026 22:21:07.659 INFO [main] org.apache.catalina.startup.VersionLoggerListener.log Command line argument: -Djava.util.logging.manager=org.apache.juli.ClassLoaderLogManager
12-May-2026 22:21:07.659 INFO [main] org.apache.catalina.startup.VersionLoggerListener.log Command line argument: -Dserver.port=8080
12-May-2026 22:21:07.660 INFO [main] org.apache.catalina.startup.VersionLoggerListener.log Command line argument: -Dserver.shutdown.port=8005
12-May-2026 22:21:07.660 INFO [main] org.apache.catalina.startup.VersionLoggerListener.log Command line argument: -javaagent:C:\Program Files\JetBrains\IntelliJ IDEA 2025.3.1.1\lib\idea_rt.jar=64200
12-May-2026 22:21:07.660 INFO [main] org.apache.catalina.startup.VersionLoggerListener.log Command line argument: -Dfile.encoding=UTF-8
12-May-2026 22:21:07.663 INFO [main] org.apache.catalina.core.AprLifecycleListener.lifecycleEvent Loaded Apache Tomcat Native library [2.0.14] using APR version [1.7.6].
12-May-2026 22:21:07.671 INFO [main] org.apache.catalina.core.AprLifecycleListener.initializeSSL OpenSSL successfully initialized [OpenSSL 3.5.5 27 Jan 2026]
12-May-2026 22:21:07.968 INFO [main] org.apache.coyote.AbstractProtocol.init Initializing ProtocolHandler ["http-nio-8080"]
12-May-2026 22:21:07.999 INFO [main] org.apache.catalina.startup.Catalina.load Server initialization in [778] milliseconds
12-May-2026 22:21:08.066 INFO [main] org.apache.catalina.core.StandardService.startInternal Starting service [Catalina]
12-May-2026 22:21:08.067 INFO [main] org.apache.catalina.core.StandardEngine.startInternal Starting Servlet engine: [Apache Tomcat/11.0.21]
12-May-2026 22:21:08.082 INFO [main] org.apache.catalina.startup.HostConfig.deployDescriptor Deploying deployment descriptor [C:\e-commerce\.devtomcat\Tomcat_95a65164\conf\Catalina\localhost\e-commerce.xml]
12-May-2026 22:21:09.531 INFO [main] org.apache.jasper.servlet.TldScanner.scanJars At least one JAR was scanned for TLDs yet contained no TLDs. Enable debug logging for this logger for a complete list of JARs that were scanned but no TLDs were found in them. Skipping unneeded JARs during scanning can improve startup time and JSP compilation time.
12-May-2026 22:21:09.669 WARNING [main] org.apache.catalina.util.SessionIdGeneratorBase.createSecureRandom Creation of SecureRandom instance for session ID generation using [SHA1PRNG] took [105] milliseconds.
12-May-2026 22:21:09.703 INFO [main] org.apache.catalina.startup.HostConfig.deployDescriptor Deployment of deployment descriptor [C:\e-commerce\.devtomcat\Tomcat_95a65164\conf\Catalina\localhost\e-commerce.xml] has finished in [1,621] ms
12-May-2026 22:21:09.710 INFO [main] org.apache.coyote.AbstractProtocol.start Starting ProtocolHandler ["http-nio-8080"]
12-May-2026 22:21:09.740 INFO [main] org.apache.catalina.startup.Catalina.start Server startup in [1740] milliseconds
12-May-2026 22:22:47.919 INFO [main] org.apache.catalina.core.StandardServer.await A valid shutdown command was received via the shutdown port. Stopping the Server instance.
12-May-2026 22:22:47.920 INFO [main] org.apache.coyote.AbstractProtocol.pause Pausing ProtocolHandler ["http-nio-8080"]
12-May-2026 22:22:48.013 INFO [main] org.apache.catalina.core.StandardService.stopInternal Stopping service [Catalina]
12-May-2026 22:22:48.019 WARNING [main] org.apache.catalina.loader.WebappClassLoaderBase.clearReferencesJdbc The web application [e-commerce] registered the JDBC driver [com.mysql.cj.jdbc.Driver] but failed to unregister it when the web application was stopped. To prevent a memory leak, the JDBC Driver has been forcibly unregistered.
12-May-2026 22:22:48.020 WARNING [main] org.apache.catalina.loader.WebappClassLoaderBase.clearReferencesThreads The web application [e-commerce] appears to have started a thread named [mysql-cj-abandoned-connection-cleanup] but has failed to stop it. This is very likely to create a memory leak. Stack trace of thread:
 java.base@17.0.8/java.lang.Object.wait(Native Method)
 java.base@17.0.8/java.lang.ref.ReferenceQueue.remove(ReferenceQueue.java:155)
 com.mysql.cj.jdbc.AbandonedConnectionCleanupThread.run(AbandonedConnectionCleanupThread.java:91)
 java.base@17.0.8/java.util.concurrent.ThreadPoolExecutor.runWorker(ThreadPoolExecutor.java:1136)
 java.base@17.0.8/java.util.concurrent.ThreadPoolExecutor$Worker.run(ThreadPoolExecutor.java:635)
 java.base@17.0.8/java.lang.Thread.run(Thread.java:833)
12-May-2026 22:22:48.025 INFO [main] org.apache.coyote.AbstractProtocol.stop Stopping ProtocolHandler ["http-nio-8080"]
12-May-2026 22:22:48.029 INFO [main] org.apache.coyote.AbstractProtocol.destroy Destroying ProtocolHandler ["http-nio-8080"]
12-May-2026 22:22:48.093 INFO [mysql-cj-abandoned-connection-cleanup] org.apache.catalina.loader.WebappClassLoaderBase.checkStateForResourceLoading Illegal access: this web application instance has been stopped already. Could not load []. The following stack trace is thrown for debugging purposes as well as to attempt to terminate the thread which caused the illegal access.
	java.lang.IllegalStateException: Illegal access: this web application instance has been stopped already. Could not load []. The following stack trace is thrown for debugging purposes as well as to attempt to terminate the thread which caused the illegal access.
		at org.apache.catalina.loader.WebappClassLoaderBase.checkStateForResourceLoading(WebappClassLoaderBase.java:1244)
		at org.apache.catalina.loader.WebappClassLoaderBase.getResource(WebappClassLoaderBase.java:854)
		at com.mysql.cj.jdbc.AbandonedConnectionCleanupThread.checkThreadContextClassLoader(AbandonedConnectionCleanupThread.java:123)
		at com.mysql.cj.jdbc.AbandonedConnectionCleanupThread.run(AbandonedConnectionCleanupThread.java:90)
		at java.base/java.util.concurrent.ThreadPoolExecutor.runWorker(ThreadPoolExecutor.java:1136)
		at java.base/java.util.concurrent.ThreadPoolExecutor$Worker.run(ThreadPoolExecutor.java:635)
		at java.base/java.lang.Thread.run(Thread.java:833)
12-May-2026 22:22:53.115 INFO [main] org.apache.catalina.startup.VersionLoggerListener.log Server version name:   Apache Tomcat/11.0.21
12-May-2026 22:22:53.119 INFO [main] org.apache.catalina.startup.VersionLoggerListener.log Server built:          Mar 30 2026 14:59:44 UTC
12-May-2026 22:22:53.119 INFO [main] org.apache.catalina.startup.VersionLoggerListener.log Server version number: 11.0.21.0
12-May-2026 22:22:53.119 INFO [main] org.apache.catalina.startup.VersionLoggerListener.log OS Name:               Windows 10
12-May-2026 22:22:53.120 INFO [main] org.apache.catalina.startup.VersionLoggerListener.log OS Version:            10.0
12-May-2026 22:22:53.120 INFO [main] org.apache.catalina.startup.VersionLoggerListener.log Architecture:          amd64
12-May-2026 22:22:53.120 INFO [main] org.apache.catalina.startup.VersionLoggerListener.log Java Home:             C:\Program Files\Java\jdk-17.0.8
12-May-2026 22:22:53.120 INFO [main] org.apache.catalina.startup.VersionLoggerListener.log JVM Version:           17.0.8+9-LTS-211
12-May-2026 22:22:53.121 INFO [main] org.apache.catalina.startup.VersionLoggerListener.log JVM Vendor:            Oracle Corporation
12-May-2026 22:22:53.121 INFO [main] org.apache.catalina.startup.VersionLoggerListener.log CATALINA_BASE:         C:\e-commerce\.devtomcat\Tomcat_95a65164
12-May-2026 22:22:53.121 INFO [main] org.apache.catalina.startup.VersionLoggerListener.log CATALINA_HOME:         E:\apache-tomcat-11.0.21
12-May-2026 22:22:53.125 INFO [main] org.apache.catalina.startup.VersionLoggerListener.log Command line argument: -Dcom.sun.management.jmxremote
12-May-2026 22:22:53.125 INFO [main] org.apache.catalina.startup.VersionLoggerListener.log Command line argument: -Dcom.sun.management.jmxremote.port=1099
12-May-2026 22:22:53.126 INFO [main] org.apache.catalina.startup.VersionLoggerListener.log Command line argument: -Dcom.sun.management.jmxremote.ssl=false
12-May-2026 22:22:53.126 INFO [main] org.apache.catalina.startup.VersionLoggerListener.log Command line argument: -Dcom.sun.management.jmxremote.authenticate=false
12-May-2026 22:22:53.126 INFO [main] org.apache.catalina.startup.VersionLoggerListener.log Command line argument: -Dcom.sun.management.jmxremote.local.only=false
12-May-2026 22:22:53.126 INFO [main] org.apache.catalina.startup.VersionLoggerListener.log Command line argument: --add-opens=java.base/java.lang=ALL-UNNAMED
12-May-2026 22:22:53.126 INFO [main] org.apache.catalina.startup.VersionLoggerListener.log Command line argument: --add-opens=java.base/java.io=ALL-UNNAMED
12-May-2026 22:22:53.126 INFO [main] org.apache.catalina.startup.VersionLoggerListener.log Command line argument: --add-opens=java.base/java.util=ALL-UNNAMED
12-May-2026 22:22:53.127 INFO [main] org.apache.catalina.startup.VersionLoggerListener.log Command line argument: --add-opens=java.base/java.util.concurrent=ALL-UNNAMED
12-May-2026 22:22:53.127 INFO [main] org.apache.catalina.startup.VersionLoggerListener.log Command line argument: --add-opens=java.rmi/sun.rmi.transport=ALL-UNNAMED
12-May-2026 22:22:53.127 INFO [main] org.apache.catalina.startup.VersionLoggerListener.log Command line argument: -Dcatalina.home=E:\apache-tomcat-11.0.21
12-May-2026 22:22:53.127 INFO [main] org.apache.catalina.startup.VersionLoggerListener.log Command line argument: -Dcatalina.base=C:\e-commerce\.devtomcat\Tomcat_95a65164
12-May-2026 22:22:53.127 INFO [main] org.apache.catalina.startup.VersionLoggerListener.log Command line argument: -Djava.io.tmpdir=C:\e-commerce\.devtomcat\Tomcat_95a65164\temp
12-May-2026 22:22:53.128 INFO [main] org.apache.catalina.startup.VersionLoggerListener.log Command line argument: -Djava.util.logging.config.file=C:\e-commerce\.devtomcat\Tomcat_95a65164\conf\logging.properties
12-May-2026 22:22:53.128 INFO [main] org.apache.catalina.startup.VersionLoggerListener.log Command line argument: -Djava.util.logging.manager=org.apache.juli.ClassLoaderLogManager
12-May-2026 22:22:53.128 INFO [main] org.apache.catalina.startup.VersionLoggerListener.log Command line argument: -Dserver.port=8080
12-May-2026 22:22:53.128 INFO [main] org.apache.catalina.startup.VersionLoggerListener.log Command line argument: -Dserver.shutdown.port=8005
12-May-2026 22:22:53.129 INFO [main] org.apache.catalina.startup.VersionLoggerListener.log Command line argument: -javaagent:C:\Program Files\JetBrains\IntelliJ IDEA 2025.3.1.1\lib\idea_rt.jar=59968
12-May-2026 22:22:53.129 INFO [main] org.apache.catalina.startup.VersionLoggerListener.log Command line argument: -Dfile.encoding=UTF-8
12-May-2026 22:22:53.132 INFO [main] org.apache.catalina.core.AprLifecycleListener.lifecycleEvent Loaded Apache Tomcat Native library [2.0.14] using APR version [1.7.6].
12-May-2026 22:22:53.139 INFO [main] org.apache.catalina.core.AprLifecycleListener.initializeSSL OpenSSL successfully initialized [OpenSSL 3.5.5 27 Jan 2026]
12-May-2026 22:22:53.665 INFO [main] org.apache.coyote.AbstractProtocol.init Initializing ProtocolHandler ["http-nio-8080"]
12-May-2026 22:22:53.696 INFO [main] org.apache.catalina.startup.Catalina.load Server initialization in [895] milliseconds
12-May-2026 22:22:53.774 INFO [main] org.apache.catalina.core.StandardService.startInternal Starting service [Catalina]
12-May-2026 22:22:53.774 INFO [main] org.apache.catalina.core.StandardEngine.startInternal Starting Servlet engine: [Apache Tomcat/11.0.21]
12-May-2026 22:22:53.795 INFO [main] org.apache.catalina.startup.HostConfig.deployDescriptor Deploying deployment descriptor [C:\e-commerce\.devtomcat\Tomcat_95a65164\conf\Catalina\localhost\e-commerce.xml]
12-May-2026 22:22:55.295 INFO [main] org.apache.jasper.servlet.TldScanner.scanJars At least one JAR was scanned for TLDs yet contained no TLDs. Enable debug logging for this logger for a complete list of JARs that were scanned but no TLDs were found in them. Skipping unneeded JARs during scanning can improve startup time and JSP compilation time.
12-May-2026 22:22:55.434 WARNING [main] org.apache.catalina.util.SessionIdGeneratorBase.createSecureRandom Creation of SecureRandom instance for session ID generation using [SHA1PRNG] took [108] milliseconds.
12-May-2026 22:22:55.475 INFO [main] org.apache.catalina.startup.HostConfig.deployDescriptor Deployment of deployment descriptor [C:\e-commerce\.devtomcat\Tomcat_95a65164\conf\Catalina\localhost\e-commerce.xml] has finished in [1,679] ms
12-May-2026 22:22:55.482 INFO [main] org.apache.coyote.AbstractProtocol.start Starting ProtocolHandler ["http-nio-8080"]
12-May-2026 22:22:55.517 INFO [main] org.apache.catalina.startup.Catalina.start Server startup in [1820] milliseconds
12-May-2026 22:26:25.901 INFO [main] org.apache.catalina.core.StandardServer.await A valid shutdown command was received via the shutdown port. Stopping the Server instance.
12-May-2026 22:26:25.902 INFO [main] org.apache.coyote.AbstractProtocol.pause Pausing ProtocolHandler ["http-nio-8080"]
12-May-2026 22:26:25.989 INFO [main] org.apache.catalina.core.StandardService.stopInternal Stopping service [Catalina]
12-May-2026 22:26:25.994 WARNING [main] org.apache.catalina.loader.WebappClassLoaderBase.clearReferencesJdbc The web application [e-commerce] registered the JDBC driver [com.mysql.cj.jdbc.Driver] but failed to unregister it when the web application was stopped. To prevent a memory leak, the JDBC Driver has been forcibly unregistered.
12-May-2026 22:26:25.996 WARNING [main] org.apache.catalina.loader.WebappClassLoaderBase.clearReferencesThreads The web application [e-commerce] appears to have started a thread named [mysql-cj-abandoned-connection-cleanup] but has failed to stop it. This is very likely to create a memory leak. Stack trace of thread:
 java.base@17.0.8/java.lang.Object.wait(Native Method)
 java.base@17.0.8/java.lang.ref.ReferenceQueue.remove(ReferenceQueue.java:155)
 com.mysql.cj.jdbc.AbandonedConnectionCleanupThread.run(AbandonedConnectionCleanupThread.java:91)
 java.base@17.0.8/java.util.concurrent.ThreadPoolExecutor.runWorker(ThreadPoolExecutor.java:1136)
 java.base@17.0.8/java.util.concurrent.ThreadPoolExecutor$Worker.run(ThreadPoolExecutor.java:635)
 java.base@17.0.8/java.lang.Thread.run(Thread.java:833)
12-May-2026 22:26:26.001 INFO [main] org.apache.coyote.AbstractProtocol.stop Stopping ProtocolHandler ["http-nio-8080"]
12-May-2026 22:26:26.018 INFO [main] org.apache.coyote.AbstractProtocol.destroy Destroying ProtocolHandler ["http-nio-8080"]
12-May-2026 22:26:26.068 INFO [mysql-cj-abandoned-connection-cleanup] org.apache.catalina.loader.WebappClassLoaderBase.checkStateForResourceLoading Illegal access: this web application instance has been stopped already. Could not load []. The following stack trace is thrown for debugging purposes as well as to attempt to terminate the thread which caused the illegal access.
	java.lang.IllegalStateException: Illegal access: this web application instance has been stopped already. Could not load []. The following stack trace is thrown for debugging purposes as well as to attempt to terminate the thread which caused the illegal access.
		at org.apache.catalina.loader.WebappClassLoaderBase.checkStateForResourceLoading(WebappClassLoaderBase.java:1244)
		at org.apache.catalina.loader.WebappClassLoaderBase.getResource(WebappClassLoaderBase.java:854)
		at com.mysql.cj.jdbc.AbandonedConnectionCleanupThread.checkThreadContextClassLoader(AbandonedConnectionCleanupThread.java:123)
		at com.mysql.cj.jdbc.AbandonedConnectionCleanupThread.run(AbandonedConnectionCleanupThread.java:90)
		at java.base/java.util.concurrent.ThreadPoolExecutor.runWorker(ThreadPoolExecutor.java:1136)
		at java.base/java.util.concurrent.ThreadPoolExecutor$Worker.run(ThreadPoolExecutor.java:635)
		at java.base/java.lang.Thread.run(Thread.java:833)
12-May-2026 22:28:19.224 INFO [main] org.apache.catalina.startup.VersionLoggerListener.log Server version name:   Apache Tomcat/11.0.21
12-May-2026 22:28:19.228 INFO [main] org.apache.catalina.startup.VersionLoggerListener.log Server built:          Mar 30 2026 14:59:44 UTC
12-May-2026 22:28:19.228 INFO [main] org.apache.catalina.startup.VersionLoggerListener.log Server version number: 11.0.21.0
12-May-2026 22:28:19.229 INFO [main] org.apache.catalina.startup.VersionLoggerListener.log OS Name:               Windows 10
12-May-2026 22:28:19.229 INFO [main] org.apache.catalina.startup.VersionLoggerListener.log OS Version:            10.0
12-May-2026 22:28:19.229 INFO [main] org.apache.catalina.startup.VersionLoggerListener.log Architecture:          amd64
12-May-2026 22:28:19.229 INFO [main] org.apache.catalina.startup.VersionLoggerListener.log Java Home:             C:\Program Files\Java\jdk-17.0.8
12-May-2026 22:28:19.230 INFO [main] org.apache.catalina.startup.VersionLoggerListener.log JVM Version:           17.0.8+9-LTS-211
12-May-2026 22:28:19.230 INFO [main] org.apache.catalina.startup.VersionLoggerListener.log JVM Vendor:            Oracle Corporation
12-May-2026 22:28:19.230 INFO [main] org.apache.catalina.startup.VersionLoggerListener.log CATALINA_BASE:         C:\e-commerce\.devtomcat\Tomcat_95a65164
12-May-2026 22:28:19.231 INFO [main] org.apache.catalina.startup.VersionLoggerListener.log CATALINA_HOME:         E:\apache-tomcat-11.0.21
12-May-2026 22:28:19.232 INFO [main] org.apache.catalina.startup.VersionLoggerListener.log Command line argument: -Dcom.sun.management.jmxremote
12-May-2026 22:28:19.233 INFO [main] org.apache.catalina.startup.VersionLoggerListener.log Command line argument: -Dcom.sun.management.jmxremote.port=1099
12-May-2026 22:28:19.233 INFO [main] org.apache.catalina.startup.VersionLoggerListener.log Command line argument: -Dcom.sun.management.jmxremote.ssl=false
12-May-2026 22:28:19.233 INFO [main] org.apache.catalina.startup.VersionLoggerListener.log Command line argument: -Dcom.sun.management.jmxremote.authenticate=false
12-May-2026 22:28:19.233 INFO [main] org.apache.catalina.startup.VersionLoggerListener.log Command line argument: -Dcom.sun.management.jmxremote.local.only=false
12-May-2026 22:28:19.233 INFO [main] org.apache.catalina.startup.VersionLoggerListener.log Command line argument: --add-opens=java.base/java.lang=ALL-UNNAMED
12-May-2026 22:28:19.234 INFO [main] org.apache.catalina.startup.VersionLoggerListener.log Command line argument: --add-opens=java.base/java.io=ALL-UNNAMED
12-May-2026 22:28:19.234 INFO [main] org.apache.catalina.startup.VersionLoggerListener.log Command line argument: --add-opens=java.base/java.util=ALL-UNNAMED
12-May-2026 22:28:19.234 INFO [main] org.apache.catalina.startup.VersionLoggerListener.log Command line argument: --add-opens=java.base/java.util.concurrent=ALL-UNNAMED
12-May-2026 22:28:19.234 INFO [main] org.apache.catalina.startup.VersionLoggerListener.log Command line argument: --add-opens=java.rmi/sun.rmi.transport=ALL-UNNAMED
12-May-2026 22:28:19.235 INFO [main] org.apache.catalina.startup.VersionLoggerListener.log Command line argument: -Dcatalina.home=E:\apache-tomcat-11.0.21
12-May-2026 22:28:19.235 INFO [main] org.apache.catalina.startup.VersionLoggerListener.log Command line argument: -Dcatalina.base=C:\e-commerce\.devtomcat\Tomcat_95a65164
12-May-2026 22:28:19.235 INFO [main] org.apache.catalina.startup.VersionLoggerListener.log Command line argument: -Djava.io.tmpdir=C:\e-commerce\.devtomcat\Tomcat_95a65164\temp
12-May-2026 22:28:19.235 INFO [main] org.apache.catalina.startup.VersionLoggerListener.log Command line argument: -Djava.util.logging.config.file=C:\e-commerce\.devtomcat\Tomcat_95a65164\conf\logging.properties
12-May-2026 22:28:19.235 INFO [main] org.apache.catalina.startup.VersionLoggerListener.log Command line argument: -Djava.util.logging.manager=org.apache.juli.ClassLoaderLogManager
12-May-2026 22:28:19.236 INFO [main] org.apache.catalina.startup.VersionLoggerListener.log Command line argument: -Dserver.port=8080
12-May-2026 22:28:19.236 INFO [main] org.apache.catalina.startup.VersionLoggerListener.log Command line argument: -Dserver.shutdown.port=8005
12-May-2026 22:28:19.236 INFO [main] org.apache.catalina.startup.VersionLoggerListener.log Command line argument: -javaagent:C:\Program Files\JetBrains\IntelliJ IDEA 2025.3.1.1\lib\idea_rt.jar=62239
12-May-2026 22:28:19.236 INFO [main] org.apache.catalina.startup.VersionLoggerListener.log Command line argument: -Dfile.encoding=UTF-8
12-May-2026 22:28:19.239 INFO [main] org.apache.catalina.core.AprLifecycleListener.lifecycleEvent Loaded Apache Tomcat Native library [2.0.14] using APR version [1.7.6].
12-May-2026 22:28:19.244 INFO [main] org.apache.catalina.core.AprLifecycleListener.initializeSSL OpenSSL successfully initialized [OpenSSL 3.5.5 27 Jan 2026]
12-May-2026 22:28:19.543 INFO [main] org.apache.coyote.AbstractProtocol.init Initializing ProtocolHandler ["http-nio-8080"]
12-May-2026 22:28:19.575 INFO [main] org.apache.catalina.startup.Catalina.load Server initialization in [626] milliseconds
12-May-2026 22:28:19.653 INFO [main] org.apache.catalina.core.StandardService.startInternal Starting service [Catalina]
12-May-2026 22:28:19.653 INFO [main] org.apache.catalina.core.StandardEngine.startInternal Starting Servlet engine: [Apache Tomcat/11.0.21]
12-May-2026 22:28:19.680 INFO [main] org.apache.catalina.startup.HostConfig.deployDescriptor Deploying deployment descriptor [C:\e-commerce\.devtomcat\Tomcat_95a65164\conf\Catalina\localhost\e-commerce.xml]
12-May-2026 22:28:21.610 INFO [main] org.apache.jasper.servlet.TldScanner.scanJars At least one JAR was scanned for TLDs yet contained no TLDs. Enable debug logging for this logger for a complete list of JARs that were scanned but no TLDs were found in them. Skipping unneeded JARs during scanning can improve startup time and JSP compilation time.
12-May-2026 22:28:21.757 WARNING [main] org.apache.catalina.util.SessionIdGeneratorBase.createSecureRandom Creation of SecureRandom instance for session ID generation using [SHA1PRNG] took [111] milliseconds.
12-May-2026 22:28:21.786 INFO [main] org.apache.catalina.startup.HostConfig.deployDescriptor Deployment of deployment descriptor [C:\e-commerce\.devtomcat\Tomcat_95a65164\conf\Catalina\localhost\e-commerce.xml] has finished in [2,107] ms
12-May-2026 22:28:21.791 INFO [main] org.apache.coyote.AbstractProtocol.start Starting ProtocolHandler ["http-nio-8080"]
12-May-2026 22:28:21.814 INFO [main] org.apache.catalina.startup.Catalina.start Server startup in [2239] milliseconds
12-May-2026 22:47:35.643 INFO [main] org.apache.catalina.core.StandardServer.await A valid shutdown command was received via the shutdown port. Stopping the Server instance.
12-May-2026 22:47:35.648 INFO [main] org.apache.coyote.AbstractProtocol.pause Pausing ProtocolHandler ["http-nio-8080"]
12-May-2026 22:47:35.740 INFO [main] org.apache.catalina.core.StandardService.stopInternal Stopping service [Catalina]
12-May-2026 22:47:35.745 WARNING [main] org.apache.catalina.loader.WebappClassLoaderBase.clearReferencesJdbc The web application [e-commerce] registered the JDBC driver [com.mysql.cj.jdbc.Driver] but failed to unregister it when the web application was stopped. To prevent a memory leak, the JDBC Driver has been forcibly unregistered.
12-May-2026 22:47:35.746 WARNING [main] org.apache.catalina.loader.WebappClassLoaderBase.clearReferencesThreads The web application [e-commerce] appears to have started a thread named [mysql-cj-abandoned-connection-cleanup] but has failed to stop it. This is very likely to create a memory leak. Stack trace of thread:
 java.base@17.0.8/java.lang.Object.wait(Native Method)
 java.base@17.0.8/java.lang.ref.ReferenceQueue.remove(ReferenceQueue.java:155)
 com.mysql.cj.jdbc.AbandonedConnectionCleanupThread.run(AbandonedConnectionCleanupThread.java:91)
 java.base@17.0.8/java.util.concurrent.ThreadPoolExecutor.runWorker(ThreadPoolExecutor.java:1136)
 java.base@17.0.8/java.util.concurrent.ThreadPoolExecutor$Worker.run(ThreadPoolExecutor.java:635)
 java.base@17.0.8/java.lang.Thread.run(Thread.java:833)
12-May-2026 22:47:35.751 INFO [main] org.apache.coyote.AbstractProtocol.stop Stopping ProtocolHandler ["http-nio-8080"]
12-May-2026 22:47:35.765 INFO [main] org.apache.coyote.AbstractProtocol.destroy Destroying ProtocolHandler ["http-nio-8080"]
12-May-2026 22:53:54.115 INFO [main] org.apache.catalina.startup.VersionLoggerListener.log Server version name:   Apache Tomcat/11.0.21
12-May-2026 22:53:54.119 INFO [main] org.apache.catalina.startup.VersionLoggerListener.log Server built:          Mar 30 2026 14:59:44 UTC
12-May-2026 22:53:54.119 INFO [main] org.apache.catalina.startup.VersionLoggerListener.log Server version number: 11.0.21.0
12-May-2026 22:53:54.119 INFO [main] org.apache.catalina.startup.VersionLoggerListener.log OS Name:               Windows 10
12-May-2026 22:53:54.119 INFO [main] org.apache.catalina.startup.VersionLoggerListener.log OS Version:            10.0
12-May-2026 22:53:54.120 INFO [main] org.apache.catalina.startup.VersionLoggerListener.log Architecture:          amd64
12-May-2026 22:53:54.120 INFO [main] org.apache.catalina.startup.VersionLoggerListener.log Java Home:             C:\Program Files\Java\jdk-17.0.8
12-May-2026 22:53:54.120 INFO [main] org.apache.catalina.startup.VersionLoggerListener.log JVM Version:           17.0.8+9-LTS-211
12-May-2026 22:53:54.120 INFO [main] org.apache.catalina.startup.VersionLoggerListener.log JVM Vendor:            Oracle Corporation
12-May-2026 22:53:54.121 INFO [main] org.apache.catalina.startup.VersionLoggerListener.log CATALINA_BASE:         C:\e-commerce\.devtomcat\Tomcat_95a65164
12-May-2026 22:53:54.121 INFO [main] org.apache.catalina.startup.VersionLoggerListener.log CATALINA_HOME:         E:\apache-tomcat-11.0.21
12-May-2026 22:53:54.123 INFO [main] org.apache.catalina.startup.VersionLoggerListener.log Command line argument: -Dcom.sun.management.jmxremote
12-May-2026 22:53:54.123 INFO [main] org.apache.catalina.startup.VersionLoggerListener.log Command line argument: -Dcom.sun.management.jmxremote.port=1099
12-May-2026 22:53:54.123 INFO [main] org.apache.catalina.startup.VersionLoggerListener.log Command line argument: -Dcom.sun.management.jmxremote.ssl=false
12-May-2026 22:53:54.123 INFO [main] org.apache.catalina.startup.VersionLoggerListener.log Command line argument: -Dcom.sun.management.jmxremote.authenticate=false
12-May-2026 22:53:54.123 INFO [main] org.apache.catalina.startup.VersionLoggerListener.log Command line argument: -Dcom.sun.management.jmxremote.local.only=false
12-May-2026 22:53:54.124 INFO [main] org.apache.catalina.startup.VersionLoggerListener.log Command line argument: --add-opens=java.base/java.lang=ALL-UNNAMED
12-May-2026 22:53:54.124 INFO [main] org.apache.catalina.startup.VersionLoggerListener.log Command line argument: --add-opens=java.base/java.io=ALL-UNNAMED
12-May-2026 22:53:54.124 INFO [main] org.apache.catalina.startup.VersionLoggerListener.log Command line argument: --add-opens=java.base/java.util=ALL-UNNAMED
12-May-2026 22:53:54.124 INFO [main] org.apache.catalina.startup.VersionLoggerListener.log Command line argument: --add-opens=java.base/java.util.concurrent=ALL-UNNAMED
12-May-2026 22:53:54.125 INFO [main] org.apache.catalina.startup.VersionLoggerListener.log Command line argument: --add-opens=java.rmi/sun.rmi.transport=ALL-UNNAMED
12-May-2026 22:53:54.125 INFO [main] org.apache.catalina.startup.VersionLoggerListener.log Command line argument: -Dcatalina.home=E:\apache-tomcat-11.0.21
12-May-2026 22:53:54.125 INFO [main] org.apache.catalina.startup.VersionLoggerListener.log Command line argument: -Dcatalina.base=C:\e-commerce\.devtomcat\Tomcat_95a65164
12-May-2026 22:53:54.126 INFO [main] org.apache.catalina.startup.VersionLoggerListener.log Command line argument: -Djava.io.tmpdir=C:\e-commerce\.devtomcat\Tomcat_95a65164\temp
12-May-2026 22:53:54.126 INFO [main] org.apache.catalina.startup.VersionLoggerListener.log Command line argument: -Djava.util.logging.config.file=C:\e-commerce\.devtomcat\Tomcat_95a65164\conf\logging.properties
12-May-2026 22:53:54.126 INFO [main] org.apache.catalina.startup.VersionLoggerListener.log Command line argument: -Djava.util.logging.manager=org.apache.juli.ClassLoaderLogManager
12-May-2026 22:53:54.126 INFO [main] org.apache.catalina.startup.VersionLoggerListener.log Command line argument: -Dserver.port=8080
12-May-2026 22:53:54.126 INFO [main] org.apache.catalina.startup.VersionLoggerListener.log Command line argument: -Dserver.shutdown.port=8005
12-May-2026 22:53:54.127 INFO [main] org.apache.catalina.startup.VersionLoggerListener.log Command line argument: -javaagent:C:\Program Files\JetBrains\IntelliJ IDEA 2025.3.1.1\lib\idea_rt.jar=54804
12-May-2026 22:53:54.127 INFO [main] org.apache.catalina.startup.VersionLoggerListener.log Command line argument: -Dfile.encoding=UTF-8
12-May-2026 22:53:54.131 INFO [main] org.apache.catalina.core.AprLifecycleListener.lifecycleEvent Loaded Apache Tomcat Native library [2.0.14] using APR version [1.7.6].
12-May-2026 22:53:54.138 INFO [main] org.apache.catalina.core.AprLifecycleListener.initializeSSL OpenSSL successfully initialized [OpenSSL 3.5.5 27 Jan 2026]
12-May-2026 22:53:54.840 INFO [main] org.apache.coyote.AbstractProtocol.init Initializing ProtocolHandler ["http-nio-8080"]
12-May-2026 22:53:54.875 INFO [main] org.apache.catalina.startup.Catalina.load Server initialization in [1063] milliseconds
12-May-2026 22:53:54.940 INFO [main] org.apache.catalina.core.StandardService.startInternal Starting service [Catalina]
12-May-2026 22:53:54.941 INFO [main] org.apache.catalina.core.StandardEngine.startInternal Starting Servlet engine: [Apache Tomcat/11.0.21]
12-May-2026 22:53:54.957 INFO [main] org.apache.catalina.startup.HostConfig.deployDescriptor Deploying deployment descriptor [C:\e-commerce\.devtomcat\Tomcat_95a65164\conf\Catalina\localhost\e-commerce.xml]
12-May-2026 22:53:56.365 INFO [main] org.apache.jasper.servlet.TldScanner.scanJars At least one JAR was scanned for TLDs yet contained no TLDs. Enable debug logging for this logger for a complete list of JARs that were scanned but no TLDs were found in them. Skipping unneeded JARs during scanning can improve startup time and JSP compilation time.
12-May-2026 22:53:56.507 INFO [main] org.apache.catalina.startup.HostConfig.deployDescriptor Deployment of deployment descriptor [C:\e-commerce\.devtomcat\Tomcat_95a65164\conf\Catalina\localhost\e-commerce.xml] has finished in [1,549] ms
12-May-2026 22:53:56.514 INFO [main] org.apache.coyote.AbstractProtocol.start Starting ProtocolHandler ["http-nio-8080"]
12-May-2026 22:53:56.548 INFO [main] org.apache.catalina.startup.Catalina.start Server startup in [1672] milliseconds
12-May-2026 23:01:14.048 INFO [main] org.apache.catalina.core.StandardServer.await A valid shutdown command was received via the shutdown port. Stopping the Server instance.
12-May-2026 23:01:14.049 INFO [main] org.apache.coyote.AbstractProtocol.pause Pausing ProtocolHandler ["http-nio-8080"]
12-May-2026 23:01:14.133 INFO [main] org.apache.catalina.core.StandardService.stopInternal Stopping service [Catalina]
12-May-2026 23:01:14.139 WARNING [main] org.apache.catalina.loader.WebappClassLoaderBase.clearReferencesJdbc The web application [e-commerce] registered the JDBC driver [com.mysql.cj.jdbc.Driver] but failed to unregister it when the web application was stopped. To prevent a memory leak, the JDBC Driver has been forcibly unregistered.
12-May-2026 23:01:14.140 WARNING [main] org.apache.catalina.loader.WebappClassLoaderBase.clearReferencesThreads The web application [e-commerce] appears to have started a thread named [mysql-cj-abandoned-connection-cleanup] but has failed to stop it. This is very likely to create a memory leak. Stack trace of thread:
 java.base@17.0.8/java.lang.Object.wait(Native Method)
 java.base@17.0.8/java.lang.ref.ReferenceQueue.remove(ReferenceQueue.java:155)
 com.mysql.cj.jdbc.AbandonedConnectionCleanupThread.run(AbandonedConnectionCleanupThread.java:91)
 java.base@17.0.8/java.util.concurrent.ThreadPoolExecutor.runWorker(ThreadPoolExecutor.java:1136)
 java.base@17.0.8/java.util.concurrent.ThreadPoolExecutor$Worker.run(ThreadPoolExecutor.java:635)
 java.base@17.0.8/java.lang.Thread.run(Thread.java:833)
12-May-2026 23:01:14.144 INFO [main] org.apache.coyote.AbstractProtocol.stop Stopping ProtocolHandler ["http-nio-8080"]
12-May-2026 23:01:14.149 INFO [main] org.apache.coyote.AbstractProtocol.destroy Destroying ProtocolHandler ["http-nio-8080"]
12-May-2026 23:01:14.202 INFO [mysql-cj-abandoned-connection-cleanup] org.apache.catalina.loader.WebappClassLoaderBase.checkStateForResourceLoading Illegal access: this web application instance has been stopped already. Could not load []. The following stack trace is thrown for debugging purposes as well as to attempt to terminate the thread which caused the illegal access.
	java.lang.IllegalStateException: Illegal access: this web application instance has been stopped already. Could not load []. The following stack trace is thrown for debugging purposes as well as to attempt to terminate the thread which caused the illegal access.
		at org.apache.catalina.loader.WebappClassLoaderBase.checkStateForResourceLoading(WebappClassLoaderBase.java:1244)
		at org.apache.catalina.loader.WebappClassLoaderBase.getResource(WebappClassLoaderBase.java:854)
		at com.mysql.cj.jdbc.AbandonedConnectionCleanupThread.checkThreadContextClassLoader(AbandonedConnectionCleanupThread.java:123)
		at com.mysql.cj.jdbc.AbandonedConnectionCleanupThread.run(AbandonedConnectionCleanupThread.java:90)
		at java.base/java.util.concurrent.ThreadPoolExecutor.runWorker(ThreadPoolExecutor.java:1136)
		at java.base/java.util.concurrent.ThreadPoolExecutor$Worker.run(ThreadPoolExecutor.java:635)
		at java.base/java.lang.Thread.run(Thread.java:833)
12-May-2026 23:01:17.359 INFO [main] org.apache.catalina.startup.VersionLoggerListener.log Server version name:   Apache Tomcat/11.0.21
12-May-2026 23:01:17.363 INFO [main] org.apache.catalina.startup.VersionLoggerListener.log Server built:          Mar 30 2026 14:59:44 UTC
12-May-2026 23:01:17.363 INFO [main] org.apache.catalina.startup.VersionLoggerListener.log Server version number: 11.0.21.0
12-May-2026 23:01:17.364 INFO [main] org.apache.catalina.startup.VersionLoggerListener.log OS Name:               Windows 10
12-May-2026 23:01:17.364 INFO [main] org.apache.catalina.startup.VersionLoggerListener.log OS Version:            10.0
12-May-2026 23:01:17.364 INFO [main] org.apache.catalina.startup.VersionLoggerListener.log Architecture:          amd64
12-May-2026 23:01:17.364 INFO [main] org.apache.catalina.startup.VersionLoggerListener.log Java Home:             C:\Program Files\Java\jdk-17.0.8
12-May-2026 23:01:17.365 INFO [main] org.apache.catalina.startup.VersionLoggerListener.log JVM Version:           17.0.8+9-LTS-211
12-May-2026 23:01:17.365 INFO [main] org.apache.catalina.startup.VersionLoggerListener.log JVM Vendor:            Oracle Corporation
12-May-2026 23:01:17.365 INFO [main] org.apache.catalina.startup.VersionLoggerListener.log CATALINA_BASE:         C:\e-commerce\.devtomcat\Tomcat_95a65164
12-May-2026 23:01:17.365 INFO [main] org.apache.catalina.startup.VersionLoggerListener.log CATALINA_HOME:         E:\apache-tomcat-11.0.21
12-May-2026 23:01:17.367 INFO [main] org.apache.catalina.startup.VersionLoggerListener.log Command line argument: -Dcom.sun.management.jmxremote
12-May-2026 23:01:17.368 INFO [main] org.apache.catalina.startup.VersionLoggerListener.log Command line argument: -Dcom.sun.management.jmxremote.port=1099
12-May-2026 23:01:17.368 INFO [main] org.apache.catalina.startup.VersionLoggerListener.log Command line argument: -Dcom.sun.management.jmxremote.ssl=false
12-May-2026 23:01:17.368 INFO [main] org.apache.catalina.startup.VersionLoggerListener.log Command line argument: -Dcom.sun.management.jmxremote.authenticate=false
12-May-2026 23:01:17.369 INFO [main] org.apache.catalina.startup.VersionLoggerListener.log Command line argument: -Dcom.sun.management.jmxremote.local.only=false
12-May-2026 23:01:17.369 INFO [main] org.apache.catalina.startup.VersionLoggerListener.log Command line argument: --add-opens=java.base/java.lang=ALL-UNNAMED
12-May-2026 23:01:17.369 INFO [main] org.apache.catalina.startup.VersionLoggerListener.log Command line argument: --add-opens=java.base/java.io=ALL-UNNAMED
12-May-2026 23:01:17.369 INFO [main] org.apache.catalina.startup.VersionLoggerListener.log Command line argument: --add-opens=java.base/java.util=ALL-UNNAMED
12-May-2026 23:01:17.369 INFO [main] org.apache.catalina.startup.VersionLoggerListener.log Command line argument: --add-opens=java.base/java.util.concurrent=ALL-UNNAMED
12-May-2026 23:01:17.369 INFO [main] org.apache.catalina.startup.VersionLoggerListener.log Command line argument: --add-opens=java.rmi/sun.rmi.transport=ALL-UNNAMED
12-May-2026 23:01:17.370 INFO [main] org.apache.catalina.startup.VersionLoggerListener.log Command line argument: -Dcatalina.home=E:\apache-tomcat-11.0.21
12-May-2026 23:01:17.370 INFO [main] org.apache.catalina.startup.VersionLoggerListener.log Command line argument: -Dcatalina.base=C:\e-commerce\.devtomcat\Tomcat_95a65164
12-May-2026 23:01:17.370 INFO [main] org.apache.catalina.startup.VersionLoggerListener.log Command line argument: -Djava.io.tmpdir=C:\e-commerce\.devtomcat\Tomcat_95a65164\temp
12-May-2026 23:01:17.370 INFO [main] org.apache.catalina.startup.VersionLoggerListener.log Command line argument: -Djava.util.logging.config.file=C:\e-commerce\.devtomcat\Tomcat_95a65164\conf\logging.properties
12-May-2026 23:01:17.370 INFO [main] org.apache.catalina.startup.VersionLoggerListener.log Command line argument: -Djava.util.logging.manager=org.apache.juli.ClassLoaderLogManager
12-May-2026 23:01:17.370 INFO [main] org.apache.catalina.startup.VersionLoggerListener.log Command line argument: -Dserver.port=8080
12-May-2026 23:01:17.371 INFO [main] org.apache.catalina.startup.VersionLoggerListener.log Command line argument: -Dserver.shutdown.port=8005
12-May-2026 23:01:17.371 INFO [main] org.apache.catalina.startup.VersionLoggerListener.log Command line argument: -javaagent:C:\Program Files\JetBrains\IntelliJ IDEA 2025.3.1.1\lib\idea_rt.jar=59385
12-May-2026 23:01:17.371 INFO [main] org.apache.catalina.startup.VersionLoggerListener.log Command line argument: -Dfile.encoding=UTF-8
12-May-2026 23:01:17.375 INFO [main] org.apache.catalina.core.AprLifecycleListener.lifecycleEvent Loaded Apache Tomcat Native library [2.0.14] using APR version [1.7.6].
12-May-2026 23:01:17.380 INFO [main] org.apache.catalina.core.AprLifecycleListener.initializeSSL OpenSSL successfully initialized [OpenSSL 3.5.5 27 Jan 2026]
12-May-2026 23:01:17.661 INFO [main] org.apache.coyote.AbstractProtocol.init Initializing ProtocolHandler ["http-nio-8080"]
12-May-2026 23:01:17.693 INFO [main] org.apache.catalina.startup.Catalina.load Server initialization in [607] milliseconds
12-May-2026 23:01:17.765 INFO [main] org.apache.catalina.core.StandardService.startInternal Starting service [Catalina]
12-May-2026 23:01:17.765 INFO [main] org.apache.catalina.core.StandardEngine.startInternal Starting Servlet engine: [Apache Tomcat/11.0.21]
12-May-2026 23:01:17.784 INFO [main] org.apache.catalina.startup.HostConfig.deployDescriptor Deploying deployment descriptor [C:\e-commerce\.devtomcat\Tomcat_95a65164\conf\Catalina\localhost\e-commerce.xml]
12-May-2026 23:01:19.603 INFO [main] org.apache.jasper.servlet.TldScanner.scanJars At least one JAR was scanned for TLDs yet contained no TLDs. Enable debug logging for this logger for a complete list of JARs that were scanned but no TLDs were found in them. Skipping unneeded JARs during scanning can improve startup time and JSP compilation time.
12-May-2026 23:01:19.814 WARNING [main] org.apache.catalina.util.SessionIdGeneratorBase.createSecureRandom Creation of SecureRandom instance for session ID generation using [SHA1PRNG] took [158] milliseconds.
12-May-2026 23:01:19.866 INFO [main] org.apache.catalina.startup.HostConfig.deployDescriptor Deployment of deployment descriptor [C:\e-commerce\.devtomcat\Tomcat_95a65164\conf\Catalina\localhost\e-commerce.xml] has finished in [2,082] ms
12-May-2026 23:01:19.872 INFO [main] org.apache.coyote.AbstractProtocol.start Starting ProtocolHandler ["http-nio-8080"]
12-May-2026 23:01:19.938 INFO [main] org.apache.catalina.startup.Catalina.start Server startup in [2244] milliseconds
12-May-2026 23:07:41.109 INFO [main] org.apache.catalina.core.StandardServer.await A valid shutdown command was received via the shutdown port. Stopping the Server instance.
12-May-2026 23:07:41.112 INFO [main] org.apache.coyote.AbstractProtocol.pause Pausing ProtocolHandler ["http-nio-8080"]
12-May-2026 23:07:41.599 INFO [main] org.apache.catalina.core.StandardService.stopInternal Stopping service [Catalina]
12-May-2026 23:07:41.628 WARNING [main] org.apache.catalina.loader.WebappClassLoaderBase.clearReferencesJdbc The web application [e-commerce] registered the JDBC driver [com.mysql.cj.jdbc.Driver] but failed to unregister it when the web application was stopped. To prevent a memory leak, the JDBC Driver has been forcibly unregistered.
12-May-2026 23:07:41.632 WARNING [main] org.apache.catalina.loader.WebappClassLoaderBase.clearReferencesThreads The web application [e-commerce] appears to have started a thread named [mysql-cj-abandoned-connection-cleanup] but has failed to stop it. This is very likely to create a memory leak. Stack trace of thread:
 java.base@17.0.8/java.lang.Object.wait(Native Method)
 java.base@17.0.8/java.lang.ref.ReferenceQueue.remove(ReferenceQueue.java:155)
 com.mysql.cj.jdbc.AbandonedConnectionCleanupThread.run(AbandonedConnectionCleanupThread.java:91)
 java.base@17.0.8/java.util.concurrent.ThreadPoolExecutor.runWorker(ThreadPoolExecutor.java:1136)
 java.base@17.0.8/java.util.concurrent.ThreadPoolExecutor$Worker.run(ThreadPoolExecutor.java:635)
 java.base@17.0.8/java.lang.Thread.run(Thread.java:833)
12-May-2026 23:07:41.655 INFO [main] org.apache.coyote.AbstractProtocol.stop Stopping ProtocolHandler ["http-nio-8080"]
12-May-2026 23:07:41.672 INFO [main] org.apache.coyote.AbstractProtocol.destroy Destroying ProtocolHandler ["http-nio-8080"]
12-May-2026 23:07:41.946 INFO [mysql-cj-abandoned-connection-cleanup] org.apache.catalina.loader.WebappClassLoaderBase.checkStateForResourceLoading Illegal access: this web application instance has been stopped already. Could not load []. The following stack trace is thrown for debugging purposes as well as to attempt to terminate the thread which caused the illegal access.
	java.lang.IllegalStateException: Illegal access: this web application instance has been stopped already. Could not load []. The following stack trace is thrown for debugging purposes as well as to attempt to terminate the thread which caused the illegal access.
		at org.apache.catalina.loader.WebappClassLoaderBase.checkStateForResourceLoading(WebappClassLoaderBase.java:1244)
		at org.apache.catalina.loader.WebappClassLoaderBase.getResource(WebappClassLoaderBase.java:854)
		at com.mysql.cj.jdbc.AbandonedConnectionCleanupThread.checkThreadContextClassLoader(AbandonedConnectionCleanupThread.java:123)
		at com.mysql.cj.jdbc.AbandonedConnectionCleanupThread.run(AbandonedConnectionCleanupThread.java:90)
		at java.base/java.util.concurrent.ThreadPoolExecutor.runWorker(ThreadPoolExecutor.java:1136)
		at java.base/java.util.concurrent.ThreadPoolExecutor$Worker.run(ThreadPoolExecutor.java:635)
		at java.base/java.lang.Thread.run(Thread.java:833)
12-May-2026 23:07:41.964 INFO [mysql-cj-abandoned-connection-cleanup] org.apache.catalina.loader.WebappClassLoaderBase.checkStateForResourceLoading Illegal access: this web application instance has been stopped already. Could not load []. The following stack trace is thrown for debugging purposes as well as to attempt to terminate the thread which caused the illegal access.
	java.lang.IllegalStateException: Illegal access: this web application instance has been stopped already. Could not load []. The following stack trace is thrown for debugging purposes as well as to attempt to terminate the thread which caused the illegal access.
		at org.apache.catalina.loader.WebappClassLoaderBase.checkStateForResourceLoading(WebappClassLoaderBase.java:1244)
		at org.apache.catalina.loader.WebappClassLoaderBase.getResource(WebappClassLoaderBase.java:854)
		at com.mysql.cj.jdbc.AbandonedConnectionCleanupThread.checkThreadContextClassLoader(AbandonedConnectionCleanupThread.java:123)
		at com.mysql.cj.jdbc.AbandonedConnectionCleanupThread.run(AbandonedConnectionCleanupThread.java:90)
		at java.base/java.util.concurrent.ThreadPoolExecutor.runWorker(ThreadPoolExecutor.java:1136)
		at java.base/java.util.concurrent.ThreadPoolExecutor$Worker.run(ThreadPoolExecutor.java:635)
		at java.base/java.lang.Thread.run(Thread.java:833)
12-May-2026 23:07:58.488 INFO [main] org.apache.catalina.startup.VersionLoggerListener.log Server version name:   Apache Tomcat/11.0.21
12-May-2026 23:07:58.495 INFO [main] org.apache.catalina.startup.VersionLoggerListener.log Server built:          Mar 30 2026 14:59:44 UTC
12-May-2026 23:07:58.495 INFO [main] org.apache.catalina.startup.VersionLoggerListener.log Server version number: 11.0.21.0
12-May-2026 23:07:58.496 INFO [main] org.apache.catalina.startup.VersionLoggerListener.log OS Name:               Windows 10
12-May-2026 23:07:58.496 INFO [main] org.apache.catalina.startup.VersionLoggerListener.log OS Version:            10.0
12-May-2026 23:07:58.497 INFO [main] org.apache.catalina.startup.VersionLoggerListener.log Architecture:          amd64
12-May-2026 23:07:58.497 INFO [main] org.apache.catalina.startup.VersionLoggerListener.log Java Home:             C:\Program Files\Java\jdk-17.0.8
12-May-2026 23:07:58.498 INFO [main] org.apache.catalina.startup.VersionLoggerListener.log JVM Version:           17.0.8+9-LTS-211
12-May-2026 23:07:58.498 INFO [main] org.apache.catalina.startup.VersionLoggerListener.log JVM Vendor:            Oracle Corporation
12-May-2026 23:07:58.498 INFO [main] org.apache.catalina.startup.VersionLoggerListener.log CATALINA_BASE:         C:\e-commerce\.devtomcat\Tomcat_95a65164
12-May-2026 23:07:58.499 INFO [main] org.apache.catalina.startup.VersionLoggerListener.log CATALINA_HOME:         E:\apache-tomcat-11.0.21
12-May-2026 23:07:58.503 INFO [main] org.apache.catalina.startup.VersionLoggerListener.log Command line argument: -Dcom.sun.management.jmxremote
12-May-2026 23:07:58.504 INFO [main] org.apache.catalina.startup.VersionLoggerListener.log Command line argument: -Dcom.sun.management.jmxremote.port=1099
12-May-2026 23:07:58.504 INFO [main] org.apache.catalina.startup.VersionLoggerListener.log Command line argument: -Dcom.sun.management.jmxremote.ssl=false
12-May-2026 23:07:58.504 INFO [main] org.apache.catalina.startup.VersionLoggerListener.log Command line argument: -Dcom.sun.management.jmxremote.authenticate=false
12-May-2026 23:07:58.504 INFO [main] org.apache.catalina.startup.VersionLoggerListener.log Command line argument: -Dcom.sun.management.jmxremote.local.only=false
12-May-2026 23:07:58.504 INFO [main] org.apache.catalina.startup.VersionLoggerListener.log Command line argument: --add-opens=java.base/java.lang=ALL-UNNAMED
12-May-2026 23:07:58.507 INFO [main] org.apache.catalina.startup.VersionLoggerListener.log Command line argument: --add-opens=java.base/java.io=ALL-UNNAMED
12-May-2026 23:07:58.507 INFO [main] org.apache.catalina.startup.VersionLoggerListener.log Command line argument: --add-opens=java.base/java.util=ALL-UNNAMED
12-May-2026 23:07:58.507 INFO [main] org.apache.catalina.startup.VersionLoggerListener.log Command line argument: --add-opens=java.base/java.util.concurrent=ALL-UNNAMED
12-May-2026 23:07:58.507 INFO [main] org.apache.catalina.startup.VersionLoggerListener.log Command line argument: --add-opens=java.rmi/sun.rmi.transport=ALL-UNNAMED
12-May-2026 23:07:58.507 INFO [main] org.apache.catalina.startup.VersionLoggerListener.log Command line argument: -Dcatalina.home=E:\apache-tomcat-11.0.21
12-May-2026 23:07:58.508 INFO [main] org.apache.catalina.startup.VersionLoggerListener.log Command line argument: -Dcatalina.base=C:\e-commerce\.devtomcat\Tomcat_95a65164
12-May-2026 23:07:58.508 INFO [main] org.apache.catalina.startup.VersionLoggerListener.log Command line argument: -Djava.io.tmpdir=C:\e-commerce\.devtomcat\Tomcat_95a65164\temp
12-May-2026 23:07:58.509 INFO [main] org.apache.catalina.startup.VersionLoggerListener.log Command line argument: -Djava.util.logging.config.file=C:\e-commerce\.devtomcat\Tomcat_95a65164\conf\logging.properties
12-May-2026 23:07:58.509 INFO [main] org.apache.catalina.startup.VersionLoggerListener.log Command line argument: -Djava.util.logging.manager=org.apache.juli.ClassLoaderLogManager
12-May-2026 23:07:58.509 INFO [main] org.apache.catalina.startup.VersionLoggerListener.log Command line argument: -Dserver.port=8080
12-May-2026 23:07:58.510 INFO [main] org.apache.catalina.startup.VersionLoggerListener.log Command line argument: -Dserver.shutdown.port=8005
12-May-2026 23:07:58.510 INFO [main] org.apache.catalina.startup.VersionLoggerListener.log Command line argument: -javaagent:C:\Program Files\JetBrains\IntelliJ IDEA 2025.3.1.1\lib\idea_rt.jar=52839
12-May-2026 23:07:58.510 INFO [main] org.apache.catalina.startup.VersionLoggerListener.log Command line argument: -Dfile.encoding=UTF-8
12-May-2026 23:07:58.517 INFO [main] org.apache.catalina.core.AprLifecycleListener.lifecycleEvent Loaded Apache Tomcat Native library [2.0.14] using APR version [1.7.6].
12-May-2026 23:07:58.529 INFO [main] org.apache.catalina.core.AprLifecycleListener.initializeSSL OpenSSL successfully initialized [OpenSSL 3.5.5 27 Jan 2026]
12-May-2026 23:07:59.091 INFO [main] org.apache.coyote.AbstractProtocol.init Initializing ProtocolHandler ["http-nio-8080"]
12-May-2026 23:07:59.149 INFO [main] org.apache.catalina.startup.Catalina.load Server initialization in [2039] milliseconds
12-May-2026 23:07:59.278 INFO [main] org.apache.catalina.core.StandardService.startInternal Starting service [Catalina]
12-May-2026 23:07:59.279 INFO [main] org.apache.catalina.core.StandardEngine.startInternal Starting Servlet engine: [Apache Tomcat/11.0.21]
12-May-2026 23:07:59.318 INFO [main] org.apache.catalina.startup.HostConfig.deployDescriptor Deploying deployment descriptor [C:\e-commerce\.devtomcat\Tomcat_95a65164\conf\Catalina\localhost\e-commerce.xml]
12-May-2026 23:08:02.910 INFO [main] org.apache.jasper.servlet.TldScanner.scanJars At least one JAR was scanned for TLDs yet contained no TLDs. Enable debug logging for this logger for a complete list of JARs that were scanned but no TLDs were found in them. Skipping unneeded JARs during scanning can improve startup time and JSP compilation time.
12-May-2026 23:08:03.208 WARNING [main] org.apache.catalina.util.SessionIdGeneratorBase.createSecureRandom Creation of SecureRandom instance for session ID generation using [SHA1PRNG] took [208] milliseconds.
12-May-2026 23:08:03.327 INFO [main] org.apache.catalina.startup.HostConfig.deployDescriptor Deployment of deployment descriptor [C:\e-commerce\.devtomcat\Tomcat_95a65164\conf\Catalina\localhost\e-commerce.xml] has finished in [4,011] ms
12-May-2026 23:08:03.342 INFO [main] org.apache.coyote.AbstractProtocol.start Starting ProtocolHandler ["http-nio-8080"]
12-May-2026 23:08:03.412 INFO [main] org.apache.catalina.startup.Catalina.start Server startup in [4261] milliseconds
12-May-2026 23:17:47.765 INFO [main] org.apache.catalina.core.StandardServer.await A valid shutdown command was received via the shutdown port. Stopping the Server instance.
12-May-2026 23:17:47.767 INFO [main] org.apache.coyote.AbstractProtocol.pause Pausing ProtocolHandler ["http-nio-8080"]
12-May-2026 23:17:48.763 INFO [main] org.apache.catalina.core.StandardService.stopInternal Stopping service [Catalina]
12-May-2026 23:17:49.021 WARNING [main] org.apache.catalina.loader.WebappClassLoaderBase.clearReferencesJdbc The web application [e-commerce] registered the JDBC driver [com.mysql.cj.jdbc.Driver] but failed to unregister it when the web application was stopped. To prevent a memory leak, the JDBC Driver has been forcibly unregistered.
12-May-2026 23:17:49.032 WARNING [main] org.apache.catalina.loader.WebappClassLoaderBase.clearReferencesThreads The web application [e-commerce] appears to have started a thread named [mysql-cj-abandoned-connection-cleanup] but has failed to stop it. This is very likely to create a memory leak. Stack trace of thread:
 java.base@17.0.8/java.lang.Object.wait(Native Method)
 java.base@17.0.8/java.lang.ref.ReferenceQueue.remove(ReferenceQueue.java:155)
 com.mysql.cj.jdbc.AbandonedConnectionCleanupThread.run(AbandonedConnectionCleanupThread.java:91)
 java.base@17.0.8/java.util.concurrent.ThreadPoolExecutor.runWorker(ThreadPoolExecutor.java:1136)
 java.base@17.0.8/java.util.concurrent.ThreadPoolExecutor$Worker.run(ThreadPoolExecutor.java:635)
 java.base@17.0.8/java.lang.Thread.run(Thread.java:833)
12-May-2026 23:17:49.094 INFO [main] org.apache.coyote.AbstractProtocol.stop Stopping ProtocolHandler ["http-nio-8080"]
12-May-2026 23:17:49.127 INFO [main] org.apache.coyote.AbstractProtocol.destroy Destroying ProtocolHandler ["http-nio-8080"]
12-May-2026 23:17:49.578 INFO [mysql-cj-abandoned-connection-cleanup] org.apache.catalina.loader.WebappClassLoaderBase.checkStateForResourceLoading Illegal access: this web application instance has been stopped already. Could not load []. The following stack trace is thrown for debugging purposes as well as to attempt to terminate the thread which caused the illegal access.
	java.lang.IllegalStateException: Illegal access: this web application instance has been stopped already. Could not load []. The following stack trace is thrown for debugging purposes as well as to attempt to terminate the thread which caused the illegal access.
		at org.apache.catalina.loader.WebappClassLoaderBase.checkStateForResourceLoading(WebappClassLoaderBase.java:1244)
		at org.apache.catalina.loader.WebappClassLoaderBase.getResource(WebappClassLoaderBase.java:854)
		at com.mysql.cj.jdbc.AbandonedConnectionCleanupThread.checkThreadContextClassLoader(AbandonedConnectionCleanupThread.java:123)
		at com.mysql.cj.jdbc.AbandonedConnectionCleanupThread.run(AbandonedConnectionCleanupThread.java:90)
		at java.base/java.util.concurrent.ThreadPoolExecutor.runWorker(ThreadPoolExecutor.java:1136)
		at java.base/java.util.concurrent.ThreadPoolExecutor$Worker.run(ThreadPoolExecutor.java:635)
		at java.base/java.lang.Thread.run(Thread.java:833)
12-May-2026 23:19:05.840 INFO [main] org.apache.catalina.startup.VersionLoggerListener.log Server version name:   Apache Tomcat/11.0.21
12-May-2026 23:19:05.855 INFO [main] org.apache.catalina.startup.VersionLoggerListener.log Server built:          Mar 30 2026 14:59:44 UTC
12-May-2026 23:19:05.857 INFO [main] org.apache.catalina.startup.VersionLoggerListener.log Server version number: 11.0.21.0
12-May-2026 23:19:05.858 INFO [main] org.apache.catalina.startup.VersionLoggerListener.log OS Name:               Windows 10
12-May-2026 23:19:05.858 INFO [main] org.apache.catalina.startup.VersionLoggerListener.log OS Version:            10.0
12-May-2026 23:19:05.860 INFO [main] org.apache.catalina.startup.VersionLoggerListener.log Architecture:          amd64
12-May-2026 23:19:05.861 INFO [main] org.apache.catalina.startup.VersionLoggerListener.log Java Home:             C:\Program Files\Java\jdk-17.0.8
12-May-2026 23:19:05.862 INFO [main] org.apache.catalina.startup.VersionLoggerListener.log JVM Version:           17.0.8+9-LTS-211
12-May-2026 23:19:05.864 INFO [main] org.apache.catalina.startup.VersionLoggerListener.log JVM Vendor:            Oracle Corporation
12-May-2026 23:19:05.865 INFO [main] org.apache.catalina.startup.VersionLoggerListener.log CATALINA_BASE:         C:\e-commerce\.devtomcat\Tomcat_95a65164
12-May-2026 23:19:05.867 INFO [main] org.apache.catalina.startup.VersionLoggerListener.log CATALINA_HOME:         E:\apache-tomcat-11.0.21
12-May-2026 23:19:05.881 INFO [main] org.apache.catalina.startup.VersionLoggerListener.log Command line argument: -Dcom.sun.management.jmxremote
12-May-2026 23:19:05.883 INFO [main] org.apache.catalina.startup.VersionLoggerListener.log Command line argument: -Dcom.sun.management.jmxremote.port=1099
12-May-2026 23:19:05.884 INFO [main] org.apache.catalina.startup.VersionLoggerListener.log Command line argument: -Dcom.sun.management.jmxremote.ssl=false
12-May-2026 23:19:05.884 INFO [main] org.apache.catalina.startup.VersionLoggerListener.log Command line argument: -Dcom.sun.management.jmxremote.authenticate=false
12-May-2026 23:19:05.885 INFO [main] org.apache.catalina.startup.VersionLoggerListener.log Command line argument: -Dcom.sun.management.jmxremote.local.only=false
12-May-2026 23:19:05.886 INFO [main] org.apache.catalina.startup.VersionLoggerListener.log Command line argument: --add-opens=java.base/java.lang=ALL-UNNAMED
12-May-2026 23:19:05.887 INFO [main] org.apache.catalina.startup.VersionLoggerListener.log Command line argument: --add-opens=java.base/java.io=ALL-UNNAMED
12-May-2026 23:19:05.888 INFO [main] org.apache.catalina.startup.VersionLoggerListener.log Command line argument: --add-opens=java.base/java.util=ALL-UNNAMED
12-May-2026 23:19:05.889 INFO [main] org.apache.catalina.startup.VersionLoggerListener.log Command line argument: --add-opens=java.base/java.util.concurrent=ALL-UNNAMED
12-May-2026 23:19:05.890 INFO [main] org.apache.catalina.startup.VersionLoggerListener.log Command line argument: --add-opens=java.rmi/sun.rmi.transport=ALL-UNNAMED
12-May-2026 23:19:05.891 INFO [main] org.apache.catalina.startup.VersionLoggerListener.log Command line argument: -Dcatalina.home=E:\apache-tomcat-11.0.21
12-May-2026 23:19:05.892 INFO [main] org.apache.catalina.startup.VersionLoggerListener.log Command line argument: -Dcatalina.base=C:\e-commerce\.devtomcat\Tomcat_95a65164
12-May-2026 23:19:05.893 INFO [main] org.apache.catalina.startup.VersionLoggerListener.log Command line argument: -Djava.io.tmpdir=C:\e-commerce\.devtomcat\Tomcat_95a65164\temp
12-May-2026 23:19:05.894 INFO [main] org.apache.catalina.startup.VersionLoggerListener.log Command line argument: -Djava.util.logging.config.file=C:\e-commerce\.devtomcat\Tomcat_95a65164\conf\logging.properties
12-May-2026 23:19:05.895 INFO [main] org.apache.catalina.startup.VersionLoggerListener.log Command line argument: -Djava.util.logging.manager=org.apache.juli.ClassLoaderLogManager
12-May-2026 23:19:05.896 INFO [main] org.apache.catalina.startup.VersionLoggerListener.log Command line argument: -Dserver.port=8080
12-May-2026 23:19:05.897 INFO [main] org.apache.catalina.startup.VersionLoggerListener.log Command line argument: -Dserver.shutdown.port=8005
12-May-2026 23:19:05.897 INFO [main] org.apache.catalina.startup.VersionLoggerListener.log Command line argument: -javaagent:C:\Program Files\JetBrains\IntelliJ IDEA 2025.3.1.1\lib\idea_rt.jar=57109
12-May-2026 23:19:05.898 INFO [main] org.apache.catalina.startup.VersionLoggerListener.log Command line argument: -Dfile.encoding=UTF-8
12-May-2026 23:19:05.920 INFO [main] org.apache.catalina.core.AprLifecycleListener.lifecycleEvent Loaded Apache Tomcat Native library [2.0.14] using APR version [1.7.6].
12-May-2026 23:19:05.973 INFO [main] org.apache.catalina.core.AprLifecycleListener.initializeSSL OpenSSL successfully initialized [OpenSSL 3.5.5 27 Jan 2026]
12-May-2026 23:19:07.055 INFO [main] org.apache.coyote.AbstractProtocol.init Initializing ProtocolHandler ["http-nio-8080"]
12-May-2026 23:19:07.145 INFO [main] org.apache.catalina.startup.Catalina.load Server initialization in [2332] milliseconds
12-May-2026 23:19:07.407 INFO [main] org.apache.catalina.core.StandardService.startInternal Starting service [Catalina]
12-May-2026 23:19:07.407 INFO [main] org.apache.catalina.core.StandardEngine.startInternal Starting Servlet engine: [Apache Tomcat/11.0.21]
12-May-2026 23:19:07.471 INFO [main] org.apache.catalina.startup.HostConfig.deployDescriptor Deploying deployment descriptor [C:\e-commerce\.devtomcat\Tomcat_95a65164\conf\Catalina\localhost\e-commerce.xml]
12-May-2026 23:19:14.760 INFO [main] org.apache.jasper.servlet.TldScanner.scanJars At least one JAR was scanned for TLDs yet contained no TLDs. Enable debug logging for this logger for a complete list of JARs that were scanned but no TLDs were found in them. Skipping unneeded JARs during scanning can improve startup time and JSP compilation time.
12-May-2026 23:19:15.568 WARNING [main] org.apache.catalina.util.SessionIdGeneratorBase.createSecureRandom Creation of SecureRandom instance for session ID generation using [SHA1PRNG] took [644] milliseconds.
12-May-2026 23:19:15.780 INFO [main] org.apache.catalina.startup.HostConfig.deployDescriptor Deployment of deployment descriptor [C:\e-commerce\.devtomcat\Tomcat_95a65164\conf\Catalina\localhost\e-commerce.xml] has finished in [8,309] ms
12-May-2026 23:19:15.816 INFO [main] org.apache.coyote.AbstractProtocol.start Starting ProtocolHandler ["http-nio-8080"]
12-May-2026 23:19:17.419 INFO [main] org.apache.catalina.startup.Catalina.start Server startup in [10272] milliseconds
12-May-2026 23:22:19.744 INFO [main] org.apache.catalina.core.StandardServer.await A valid shutdown command was received via the shutdown port. Stopping the Server instance.
12-May-2026 23:22:19.747 INFO [main] org.apache.coyote.AbstractProtocol.pause Pausing ProtocolHandler ["http-nio-8080"]
12-May-2026 23:22:20.186 INFO [main] org.apache.catalina.core.StandardService.stopInternal Stopping service [Catalina]
12-May-2026 23:22:20.208 WARNING [main] org.apache.catalina.loader.WebappClassLoaderBase.clearReferencesJdbc The web application [e-commerce] registered the JDBC driver [com.mysql.cj.jdbc.Driver] but failed to unregister it when the web application was stopped. To prevent a memory leak, the JDBC Driver has been forcibly unregistered.
12-May-2026 23:22:20.210 WARNING [main] org.apache.catalina.loader.WebappClassLoaderBase.clearReferencesThreads The web application [e-commerce] appears to have started a thread named [mysql-cj-abandoned-connection-cleanup] but has failed to stop it. This is very likely to create a memory leak. Stack trace of thread:
 java.base@17.0.8/java.lang.Object.wait(Native Method)
 java.base@17.0.8/java.lang.ref.ReferenceQueue.remove(ReferenceQueue.java:155)
 com.mysql.cj.jdbc.AbandonedConnectionCleanupThread.run(AbandonedConnectionCleanupThread.java:91)
 java.base@17.0.8/java.util.concurrent.ThreadPoolExecutor.runWorker(ThreadPoolExecutor.java:1136)
 java.base@17.0.8/java.util.concurrent.ThreadPoolExecutor$Worker.run(ThreadPoolExecutor.java:635)
 java.base@17.0.8/java.lang.Thread.run(Thread.java:833)
12-May-2026 23:22:20.234 INFO [main] org.apache.coyote.AbstractProtocol.stop Stopping ProtocolHandler ["http-nio-8080"]
12-May-2026 23:22:20.246 INFO [main] org.apache.coyote.AbstractProtocol.destroy Destroying ProtocolHandler ["http-nio-8080"]
12-May-2026 23:22:20.489 INFO [mysql-cj-abandoned-connection-cleanup] org.apache.catalina.loader.WebappClassLoaderBase.checkStateForResourceLoading Illegal access: this web application instance has been stopped already. Could not load []. The following stack trace is thrown for debugging purposes as well as to attempt to terminate the thread which caused the illegal access.
	java.lang.IllegalStateException: Illegal access: this web application instance has been stopped already. Could not load []. The following stack trace is thrown for debugging purposes as well as to attempt to terminate the thread which caused the illegal access.
		at org.apache.catalina.loader.WebappClassLoaderBase.checkStateForResourceLoading(WebappClassLoaderBase.java:1244)
		at org.apache.catalina.loader.WebappClassLoaderBase.getResource(WebappClassLoaderBase.java:854)
		at com.mysql.cj.jdbc.AbandonedConnectionCleanupThread.checkThreadContextClassLoader(AbandonedConnectionCleanupThread.java:123)
		at com.mysql.cj.jdbc.AbandonedConnectionCleanupThread.run(AbandonedConnectionCleanupThread.java:90)
		at java.base/java.util.concurrent.ThreadPoolExecutor.runWorker(ThreadPoolExecutor.java:1136)
		at java.base/java.util.concurrent.ThreadPoolExecutor$Worker.run(ThreadPoolExecutor.java:635)
		at java.base/java.lang.Thread.run(Thread.java:833)
12-May-2026 23:22:58.001 INFO [main] org.apache.catalina.startup.VersionLoggerListener.log Server version name:   Apache Tomcat/11.0.21
12-May-2026 23:22:58.013 INFO [main] org.apache.catalina.startup.VersionLoggerListener.log Server built:          Mar 30 2026 14:59:44 UTC
12-May-2026 23:22:58.015 INFO [main] org.apache.catalina.startup.VersionLoggerListener.log Server version number: 11.0.21.0
12-May-2026 23:22:58.016 INFO [main] org.apache.catalina.startup.VersionLoggerListener.log OS Name:               Windows 10
12-May-2026 23:22:58.023 INFO [main] org.apache.catalina.startup.VersionLoggerListener.log OS Version:            10.0
12-May-2026 23:22:58.024 INFO [main] org.apache.catalina.startup.VersionLoggerListener.log Architecture:          amd64
12-May-2026 23:22:58.025 INFO [main] org.apache.catalina.startup.VersionLoggerListener.log Java Home:             C:\Program Files\Java\jdk-17.0.8
12-May-2026 23:22:58.026 INFO [main] org.apache.catalina.startup.VersionLoggerListener.log JVM Version:           17.0.8+9-LTS-211
12-May-2026 23:22:58.026 INFO [main] org.apache.catalina.startup.VersionLoggerListener.log JVM Vendor:            Oracle Corporation
12-May-2026 23:22:58.027 INFO [main] org.apache.catalina.startup.VersionLoggerListener.log CATALINA_BASE:         C:\e-commerce\.devtomcat\Tomcat_95a65164
12-May-2026 23:22:58.029 INFO [main] org.apache.catalina.startup.VersionLoggerListener.log CATALINA_HOME:         E:\apache-tomcat-11.0.21
12-May-2026 23:22:58.038 INFO [main] org.apache.catalina.startup.VersionLoggerListener.log Command line argument: -Dcom.sun.management.jmxremote
12-May-2026 23:22:58.039 INFO [main] org.apache.catalina.startup.VersionLoggerListener.log Command line argument: -Dcom.sun.management.jmxremote.port=1099
12-May-2026 23:22:58.040 INFO [main] org.apache.catalina.startup.VersionLoggerListener.log Command line argument: -Dcom.sun.management.jmxremote.ssl=false
12-May-2026 23:22:58.040 INFO [main] org.apache.catalina.startup.VersionLoggerListener.log Command line argument: -Dcom.sun.management.jmxremote.authenticate=false
12-May-2026 23:22:58.041 INFO [main] org.apache.catalina.startup.VersionLoggerListener.log Command line argument: -Dcom.sun.management.jmxremote.local.only=false
12-May-2026 23:22:58.041 INFO [main] org.apache.catalina.startup.VersionLoggerListener.log Command line argument: --add-opens=java.base/java.lang=ALL-UNNAMED
12-May-2026 23:22:58.042 INFO [main] org.apache.catalina.startup.VersionLoggerListener.log Command line argument: --add-opens=java.base/java.io=ALL-UNNAMED
12-May-2026 23:22:58.042 INFO [main] org.apache.catalina.startup.VersionLoggerListener.log Command line argument: --add-opens=java.base/java.util=ALL-UNNAMED
12-May-2026 23:22:58.043 INFO [main] org.apache.catalina.startup.VersionLoggerListener.log Command line argument: --add-opens=java.base/java.util.concurrent=ALL-UNNAMED
12-May-2026 23:22:58.044 INFO [main] org.apache.catalina.startup.VersionLoggerListener.log Command line argument: --add-opens=java.rmi/sun.rmi.transport=ALL-UNNAMED
12-May-2026 23:22:58.044 INFO [main] org.apache.catalina.startup.VersionLoggerListener.log Command line argument: -Dcatalina.home=E:\apache-tomcat-11.0.21
12-May-2026 23:22:58.045 INFO [main] org.apache.catalina.startup.VersionLoggerListener.log Command line argument: -Dcatalina.base=C:\e-commerce\.devtomcat\Tomcat_95a65164
12-May-2026 23:22:58.045 INFO [main] org.apache.catalina.startup.VersionLoggerListener.log Command line argument: -Djava.io.tmpdir=C:\e-commerce\.devtomcat\Tomcat_95a65164\temp
12-May-2026 23:22:58.046 INFO [main] org.apache.catalina.startup.VersionLoggerListener.log Command line argument: -Djava.util.logging.config.file=C:\e-commerce\.devtomcat\Tomcat_95a65164\conf\logging.properties
12-May-2026 23:22:58.046 INFO [main] org.apache.catalina.startup.VersionLoggerListener.log Command line argument: -Djava.util.logging.manager=org.apache.juli.ClassLoaderLogManager
12-May-2026 23:22:58.047 INFO [main] org.apache.catalina.startup.VersionLoggerListener.log Command line argument: -Dserver.port=8080
12-May-2026 23:22:58.047 INFO [main] org.apache.catalina.startup.VersionLoggerListener.log Command line argument: -Dserver.shutdown.port=8005
12-May-2026 23:22:58.047 INFO [main] org.apache.catalina.startup.VersionLoggerListener.log Command line argument: -javaagent:C:\Program Files\JetBrains\IntelliJ IDEA 2025.3.1.1\lib\idea_rt.jar=65163
12-May-2026 23:22:58.048 INFO [main] org.apache.catalina.startup.VersionLoggerListener.log Command line argument: -Dfile.encoding=UTF-8
12-May-2026 23:22:58.060 INFO [main] org.apache.catalina.core.AprLifecycleListener.lifecycleEvent Loaded Apache Tomcat Native library [2.0.14] using APR version [1.7.6].
12-May-2026 23:22:58.086 INFO [main] org.apache.catalina.core.AprLifecycleListener.initializeSSL OpenSSL successfully initialized [OpenSSL 3.5.5 27 Jan 2026]
12-May-2026 23:22:59.708 INFO [main] org.apache.coyote.AbstractProtocol.init Initializing ProtocolHandler ["http-nio-8080"]
12-May-2026 23:22:59.807 INFO [main] org.apache.catalina.startup.Catalina.load Server initialization in [3121] milliseconds
12-May-2026 23:23:00.102 INFO [main] org.apache.catalina.core.StandardService.startInternal Starting service [Catalina]
12-May-2026 23:23:00.103 INFO [main] org.apache.catalina.core.StandardEngine.startInternal Starting Servlet engine: [Apache Tomcat/11.0.21]
12-May-2026 23:23:00.168 INFO [main] org.apache.catalina.startup.HostConfig.deployDescriptor Deploying deployment descriptor [C:\e-commerce\.devtomcat\Tomcat_95a65164\conf\Catalina\localhost\e-commerce.xml]
12-May-2026 23:23:06.314 INFO [main] org.apache.jasper.servlet.TldScanner.scanJars At least one JAR was scanned for TLDs yet contained no TLDs. Enable debug logging for this logger for a complete list of JARs that were scanned but no TLDs were found in them. Skipping unneeded JARs during scanning can improve startup time and JSP compilation time.
12-May-2026 23:23:06.813 WARNING [main] org.apache.catalina.util.SessionIdGeneratorBase.createSecureRandom Creation of SecureRandom instance for session ID generation using [SHA1PRNG] took [366] milliseconds.
12-May-2026 23:23:06.947 INFO [main] org.apache.catalina.startup.HostConfig.deployDescriptor Deployment of deployment descriptor [C:\e-commerce\.devtomcat\Tomcat_95a65164\conf\Catalina\localhost\e-commerce.xml] has finished in [6,779] ms
12-May-2026 23:23:06.971 INFO [main] org.apache.coyote.AbstractProtocol.start Starting ProtocolHandler ["http-nio-8080"]
12-May-2026 23:23:07.101 INFO [main] org.apache.catalina.startup.Catalina.start Server startup in [7293] milliseconds
12-May-2026 23:25:16.600 INFO [main] org.apache.catalina.core.StandardServer.await A valid shutdown command was received via the shutdown port. Stopping the Server instance.
12-May-2026 23:25:16.603 INFO [main] org.apache.coyote.AbstractProtocol.pause Pausing ProtocolHandler ["http-nio-8080"]
12-May-2026 23:25:17.048 INFO [main] org.apache.catalina.core.StandardService.stopInternal Stopping service [Catalina]
12-May-2026 23:25:17.067 WARNING [main] org.apache.catalina.loader.WebappClassLoaderBase.clearReferencesJdbc The web application [e-commerce] registered the JDBC driver [com.mysql.cj.jdbc.Driver] but failed to unregister it when the web application was stopped. To prevent a memory leak, the JDBC Driver has been forcibly unregistered.
12-May-2026 23:25:17.070 WARNING [main] org.apache.catalina.loader.WebappClassLoaderBase.clearReferencesThreads The web application [e-commerce] appears to have started a thread named [mysql-cj-abandoned-connection-cleanup] but has failed to stop it. This is very likely to create a memory leak. Stack trace of thread:
 java.base@17.0.8/java.lang.Object.wait(Native Method)
 java.base@17.0.8/java.lang.ref.ReferenceQueue.remove(ReferenceQueue.java:155)
 com.mysql.cj.jdbc.AbandonedConnectionCleanupThread.run(AbandonedConnectionCleanupThread.java:91)
 java.base@17.0.8/java.util.concurrent.ThreadPoolExecutor.runWorker(ThreadPoolExecutor.java:1136)
 java.base@17.0.8/java.util.concurrent.ThreadPoolExecutor$Worker.run(ThreadPoolExecutor.java:635)
 java.base@17.0.8/java.lang.Thread.run(Thread.java:833)
12-May-2026 23:25:17.089 INFO [main] org.apache.coyote.AbstractProtocol.stop Stopping ProtocolHandler ["http-nio-8080"]
12-May-2026 23:25:17.100 INFO [main] org.apache.coyote.AbstractProtocol.destroy Destroying ProtocolHandler ["http-nio-8080"]
12-May-2026 23:25:17.185 INFO [mysql-cj-abandoned-connection-cleanup] org.apache.catalina.loader.WebappClassLoaderBase.checkStateForResourceLoading Illegal access: this web application instance has been stopped already. Could not load []. The following stack trace is thrown for debugging purposes as well as to attempt to terminate the thread which caused the illegal access.
	java.lang.IllegalStateException: Illegal access: this web application instance has been stopped already. Could not load []. The following stack trace is thrown for debugging purposes as well as to attempt to terminate the thread which caused the illegal access.
		at org.apache.catalina.loader.WebappClassLoaderBase.checkStateForResourceLoading(WebappClassLoaderBase.java:1244)
		at org.apache.catalina.loader.WebappClassLoaderBase.getResource(WebappClassLoaderBase.java:854)
		at com.mysql.cj.jdbc.AbandonedConnectionCleanupThread.checkThreadContextClassLoader(AbandonedConnectionCleanupThread.java:123)
		at com.mysql.cj.jdbc.AbandonedConnectionCleanupThread.run(AbandonedConnectionCleanupThread.java:90)
		at java.base/java.util.concurrent.ThreadPoolExecutor.runWorker(ThreadPoolExecutor.java:1136)
		at java.base/java.util.concurrent.ThreadPoolExecutor$Worker.run(ThreadPoolExecutor.java:635)
		at java.base/java.lang.Thread.run(Thread.java:833)
12-May-2026 23:25:58.377 INFO [main] org.apache.catalina.startup.VersionLoggerListener.log Server version name:   Apache Tomcat/11.0.21
12-May-2026 23:25:58.391 INFO [main] org.apache.catalina.startup.VersionLoggerListener.log Server built:          Mar 30 2026 14:59:44 UTC
12-May-2026 23:25:58.393 INFO [main] org.apache.catalina.startup.VersionLoggerListener.log Server version number: 11.0.21.0
12-May-2026 23:25:58.394 INFO [main] org.apache.catalina.startup.VersionLoggerListener.log OS Name:               Windows 10
12-May-2026 23:25:58.395 INFO [main] org.apache.catalina.startup.VersionLoggerListener.log OS Version:            10.0
12-May-2026 23:25:58.396 INFO [main] org.apache.catalina.startup.VersionLoggerListener.log Architecture:          amd64
12-May-2026 23:25:58.397 INFO [main] org.apache.catalina.startup.VersionLoggerListener.log Java Home:             C:\Program Files\Java\jdk-17.0.8
12-May-2026 23:25:58.398 INFO [main] org.apache.catalina.startup.VersionLoggerListener.log JVM Version:           17.0.8+9-LTS-211
12-May-2026 23:25:58.399 INFO [main] org.apache.catalina.startup.VersionLoggerListener.log JVM Vendor:            Oracle Corporation
12-May-2026 23:25:58.399 INFO [main] org.apache.catalina.startup.VersionLoggerListener.log CATALINA_BASE:         C:\e-commerce\.devtomcat\Tomcat_95a65164
12-May-2026 23:25:58.400 INFO [main] org.apache.catalina.startup.VersionLoggerListener.log CATALINA_HOME:         E:\apache-tomcat-11.0.21
12-May-2026 23:25:58.407 INFO [main] org.apache.catalina.startup.VersionLoggerListener.log Command line argument: -Dcom.sun.management.jmxremote
12-May-2026 23:25:58.407 INFO [main] org.apache.catalina.startup.VersionLoggerListener.log Command line argument: -Dcom.sun.management.jmxremote.port=1099
12-May-2026 23:25:58.409 INFO [main] org.apache.catalina.startup.VersionLoggerListener.log Command line argument: -Dcom.sun.management.jmxremote.ssl=false
12-May-2026 23:25:58.409 INFO [main] org.apache.catalina.startup.VersionLoggerListener.log Command line argument: -Dcom.sun.management.jmxremote.authenticate=false
12-May-2026 23:25:58.410 INFO [main] org.apache.catalina.startup.VersionLoggerListener.log Command line argument: -Dcom.sun.management.jmxremote.local.only=false
12-May-2026 23:25:58.411 INFO [main] org.apache.catalina.startup.VersionLoggerListener.log Command line argument: --add-opens=java.base/java.lang=ALL-UNNAMED
12-May-2026 23:25:58.411 INFO [main] org.apache.catalina.startup.VersionLoggerListener.log Command line argument: --add-opens=java.base/java.io=ALL-UNNAMED
12-May-2026 23:25:58.412 INFO [main] org.apache.catalina.startup.VersionLoggerListener.log Command line argument: --add-opens=java.base/java.util=ALL-UNNAMED
12-May-2026 23:25:58.412 INFO [main] org.apache.catalina.startup.VersionLoggerListener.log Command line argument: --add-opens=java.base/java.util.concurrent=ALL-UNNAMED
12-May-2026 23:25:58.413 INFO [main] org.apache.catalina.startup.VersionLoggerListener.log Command line argument: --add-opens=java.rmi/sun.rmi.transport=ALL-UNNAMED
12-May-2026 23:25:58.414 INFO [main] org.apache.catalina.startup.VersionLoggerListener.log Command line argument: -Dcatalina.home=E:\apache-tomcat-11.0.21
12-May-2026 23:25:58.415 INFO [main] org.apache.catalina.startup.VersionLoggerListener.log Command line argument: -Dcatalina.base=C:\e-commerce\.devtomcat\Tomcat_95a65164
12-May-2026 23:25:58.415 INFO [main] org.apache.catalina.startup.VersionLoggerListener.log Command line argument: -Djava.io.tmpdir=C:\e-commerce\.devtomcat\Tomcat_95a65164\temp
12-May-2026 23:25:58.416 INFO [main] org.apache.catalina.startup.VersionLoggerListener.log Command line argument: -Djava.util.logging.config.file=C:\e-commerce\.devtomcat\Tomcat_95a65164\conf\logging.properties
12-May-2026 23:25:58.417 INFO [main] org.apache.catalina.startup.VersionLoggerListener.log Command line argument: -Djava.util.logging.manager=org.apache.juli.ClassLoaderLogManager
12-May-2026 23:25:58.418 INFO [main] org.apache.catalina.startup.VersionLoggerListener.log Command line argument: -Dserver.port=8080
12-May-2026 23:25:58.419 INFO [main] org.apache.catalina.startup.VersionLoggerListener.log Command line argument: -Dserver.shutdown.port=8005
12-May-2026 23:25:58.420 INFO [main] org.apache.catalina.startup.VersionLoggerListener.log Command line argument: -javaagent:C:\Program Files\JetBrains\IntelliJ IDEA 2025.3.1.1\lib\idea_rt.jar=57561
12-May-2026 23:25:58.420 INFO [main] org.apache.catalina.startup.VersionLoggerListener.log Command line argument: -Dfile.encoding=UTF-8
12-May-2026 23:25:58.432 INFO [main] org.apache.catalina.core.AprLifecycleListener.lifecycleEvent Loaded Apache Tomcat Native library [2.0.14] using APR version [1.7.6].
12-May-2026 23:25:58.460 INFO [main] org.apache.catalina.core.AprLifecycleListener.initializeSSL OpenSSL successfully initialized [OpenSSL 3.5.5 27 Jan 2026]
12-May-2026 23:25:59.908 INFO [main] org.apache.coyote.AbstractProtocol.init Initializing ProtocolHandler ["http-nio-8080"]
12-May-2026 23:26:00.023 INFO [main] org.apache.catalina.startup.Catalina.load Server initialization in [3307] milliseconds
12-May-2026 23:26:00.374 INFO [main] org.apache.catalina.core.StandardService.startInternal Starting service [Catalina]
12-May-2026 23:26:00.375 INFO [main] org.apache.catalina.core.StandardEngine.startInternal Starting Servlet engine: [Apache Tomcat/11.0.21]
12-May-2026 23:26:00.435 INFO [main] org.apache.catalina.startup.HostConfig.deployDescriptor Deploying deployment descriptor [C:\e-commerce\.devtomcat\Tomcat_95a65164\conf\Catalina\localhost\e-commerce.xml]
12-May-2026 23:26:08.245 INFO [main] org.apache.jasper.servlet.TldScanner.scanJars At least one JAR was scanned for TLDs yet contained no TLDs. Enable debug logging for this logger for a complete list of JARs that were scanned but no TLDs were found in them. Skipping unneeded JARs during scanning can improve startup time and JSP compilation time.
12-May-2026 23:26:08.696 WARNING [main] org.apache.catalina.util.SessionIdGeneratorBase.createSecureRandom Creation of SecureRandom instance for session ID generation using [SHA1PRNG] took [325] milliseconds.
12-May-2026 23:26:08.843 INFO [main] org.apache.catalina.startup.HostConfig.deployDescriptor Deployment of deployment descriptor [C:\e-commerce\.devtomcat\Tomcat_95a65164\conf\Catalina\localhost\e-commerce.xml] has finished in [8,407] ms
12-May-2026 23:26:08.866 INFO [main] org.apache.coyote.AbstractProtocol.start Starting ProtocolHandler ["http-nio-8080"]
12-May-2026 23:26:09.032 INFO [main] org.apache.catalina.startup.Catalina.start Server startup in [9007] milliseconds
12-May-2026 23:30:08.282 INFO [main] org.apache.catalina.core.StandardServer.await A valid shutdown command was received via the shutdown port. Stopping the Server instance.
12-May-2026 23:30:08.285 INFO [main] org.apache.coyote.AbstractProtocol.pause Pausing ProtocolHandler ["http-nio-8080"]
12-May-2026 23:30:08.958 INFO [main] org.apache.catalina.core.StandardService.stopInternal Stopping service [Catalina]
12-May-2026 23:30:09.005 WARNING [main] org.apache.catalina.loader.WebappClassLoaderBase.clearReferencesJdbc The web application [e-commerce] registered the JDBC driver [com.mysql.cj.jdbc.Driver] but failed to unregister it when the web application was stopped. To prevent a memory leak, the JDBC Driver has been forcibly unregistered.
12-May-2026 23:30:09.009 WARNING [main] org.apache.catalina.loader.WebappClassLoaderBase.clearReferencesThreads The web application [e-commerce] appears to have started a thread named [mysql-cj-abandoned-connection-cleanup] but has failed to stop it. This is very likely to create a memory leak. Stack trace of thread:
 java.base@17.0.8/java.lang.Object.wait(Native Method)
 java.base@17.0.8/java.lang.ref.ReferenceQueue.remove(ReferenceQueue.java:155)
 com.mysql.cj.jdbc.AbandonedConnectionCleanupThread.run(AbandonedConnectionCleanupThread.java:91)
 java.base@17.0.8/java.util.concurrent.ThreadPoolExecutor.runWorker(ThreadPoolExecutor.java:1136)
 java.base@17.0.8/java.util.concurrent.ThreadPoolExecutor$Worker.run(ThreadPoolExecutor.java:635)
 java.base@17.0.8/java.lang.Thread.run(Thread.java:833)
12-May-2026 23:30:09.035 INFO [main] org.apache.coyote.AbstractProtocol.stop Stopping ProtocolHandler ["http-nio-8080"]
12-May-2026 23:30:09.076 INFO [main] org.apache.coyote.AbstractProtocol.destroy Destroying ProtocolHandler ["http-nio-8080"]
12-May-2026 23:30:09.518 INFO [mysql-cj-abandoned-connection-cleanup] org.apache.catalina.loader.WebappClassLoaderBase.checkStateForResourceLoading Illegal access: this web application instance has been stopped already. Could not load []. The following stack trace is thrown for debugging purposes as well as to attempt to terminate the thread which caused the illegal access.
	java.lang.IllegalStateException: Illegal access: this web application instance has been stopped already. Could not load []. The following stack trace is thrown for debugging purposes as well as to attempt to terminate the thread which caused the illegal access.
		at org.apache.catalina.loader.WebappClassLoaderBase.checkStateForResourceLoading(WebappClassLoaderBase.java:1244)
		at org.apache.catalina.loader.WebappClassLoaderBase.getResource(WebappClassLoaderBase.java:854)
		at com.mysql.cj.jdbc.AbandonedConnectionCleanupThread.checkThreadContextClassLoader(AbandonedConnectionCleanupThread.java:123)
		at com.mysql.cj.jdbc.AbandonedConnectionCleanupThread.run(AbandonedConnectionCleanupThread.java:90)
		at java.base/java.util.concurrent.ThreadPoolExecutor.runWorker(ThreadPoolExecutor.java:1136)
		at java.base/java.util.concurrent.ThreadPoolExecutor$Worker.run(ThreadPoolExecutor.java:635)
		at java.base/java.lang.Thread.run(Thread.java:833)
12-May-2026 23:30:36.638 INFO [main] org.apache.catalina.startup.VersionLoggerListener.log Server version name:   Apache Tomcat/11.0.21
12-May-2026 23:30:36.657 INFO [main] org.apache.catalina.startup.VersionLoggerListener.log Server built:          Mar 30 2026 14:59:44 UTC
12-May-2026 23:30:36.658 INFO [main] org.apache.catalina.startup.VersionLoggerListener.log Server version number: 11.0.21.0
12-May-2026 23:30:36.659 INFO [main] org.apache.catalina.startup.VersionLoggerListener.log OS Name:               Windows 10
12-May-2026 23:30:36.660 INFO [main] org.apache.catalina.startup.VersionLoggerListener.log OS Version:            10.0
12-May-2026 23:30:36.661 INFO [main] org.apache.catalina.startup.VersionLoggerListener.log Architecture:          amd64
12-May-2026 23:30:36.662 INFO [main] org.apache.catalina.startup.VersionLoggerListener.log Java Home:             C:\Program Files\Java\jdk-17.0.8
12-May-2026 23:30:36.664 INFO [main] org.apache.catalina.startup.VersionLoggerListener.log JVM Version:           17.0.8+9-LTS-211
12-May-2026 23:30:36.664 INFO [main] org.apache.catalina.startup.VersionLoggerListener.log JVM Vendor:            Oracle Corporation
12-May-2026 23:30:36.665 INFO [main] org.apache.catalina.startup.VersionLoggerListener.log CATALINA_BASE:         C:\e-commerce\.devtomcat\Tomcat_95a65164
12-May-2026 23:30:36.666 INFO [main] org.apache.catalina.startup.VersionLoggerListener.log CATALINA_HOME:         E:\apache-tomcat-11.0.21
12-May-2026 23:30:36.674 INFO [main] org.apache.catalina.startup.VersionLoggerListener.log Command line argument: -Dcom.sun.management.jmxremote
12-May-2026 23:30:36.675 INFO [main] org.apache.catalina.startup.VersionLoggerListener.log Command line argument: -Dcom.sun.management.jmxremote.port=1099
12-May-2026 23:30:36.676 INFO [main] org.apache.catalina.startup.VersionLoggerListener.log Command line argument: -Dcom.sun.management.jmxremote.ssl=false
12-May-2026 23:30:36.677 INFO [main] org.apache.catalina.startup.VersionLoggerListener.log Command line argument: -Dcom.sun.management.jmxremote.authenticate=false
12-May-2026 23:30:36.678 INFO [main] org.apache.catalina.startup.VersionLoggerListener.log Command line argument: -Dcom.sun.management.jmxremote.local.only=false
12-May-2026 23:30:36.679 INFO [main] org.apache.catalina.startup.VersionLoggerListener.log Command line argument: --add-opens=java.base/java.lang=ALL-UNNAMED
12-May-2026 23:30:36.680 INFO [main] org.apache.catalina.startup.VersionLoggerListener.log Command line argument: --add-opens=java.base/java.io=ALL-UNNAMED
12-May-2026 23:30:36.681 INFO [main] org.apache.catalina.startup.VersionLoggerListener.log Command line argument: --add-opens=java.base/java.util=ALL-UNNAMED
12-May-2026 23:30:36.681 INFO [main] org.apache.catalina.startup.VersionLoggerListener.log Command line argument: --add-opens=java.base/java.util.concurrent=ALL-UNNAMED
12-May-2026 23:30:36.682 INFO [main] org.apache.catalina.startup.VersionLoggerListener.log Command line argument: --add-opens=java.rmi/sun.rmi.transport=ALL-UNNAMED
12-May-2026 23:30:36.684 INFO [main] org.apache.catalina.startup.VersionLoggerListener.log Command line argument: -Dcatalina.home=E:\apache-tomcat-11.0.21
12-May-2026 23:30:36.685 INFO [main] org.apache.catalina.startup.VersionLoggerListener.log Command line argument: -Dcatalina.base=C:\e-commerce\.devtomcat\Tomcat_95a65164
12-May-2026 23:30:36.686 INFO [main] org.apache.catalina.startup.VersionLoggerListener.log Command line argument: -Djava.io.tmpdir=C:\e-commerce\.devtomcat\Tomcat_95a65164\temp
12-May-2026 23:30:36.687 INFO [main] org.apache.catalina.startup.VersionLoggerListener.log Command line argument: -Djava.util.logging.config.file=C:\e-commerce\.devtomcat\Tomcat_95a65164\conf\logging.properties
12-May-2026 23:30:36.687 INFO [main] org.apache.catalina.startup.VersionLoggerListener.log Command line argument: -Djava.util.logging.manager=org.apache.juli.ClassLoaderLogManager
12-May-2026 23:30:36.688 INFO [main] org.apache.catalina.startup.VersionLoggerListener.log Command line argument: -Dserver.port=8080
12-May-2026 23:30:36.689 INFO [main] org.apache.catalina.startup.VersionLoggerListener.log Command line argument: -Dserver.shutdown.port=8005
12-May-2026 23:30:36.689 INFO [main] org.apache.catalina.startup.VersionLoggerListener.log Command line argument: -javaagent:C:\Program Files\JetBrains\IntelliJ IDEA 2025.3.1.1\lib\idea_rt.jar=58955
12-May-2026 23:30:36.690 INFO [main] org.apache.catalina.startup.VersionLoggerListener.log Command line argument: -Dfile.encoding=UTF-8
12-May-2026 23:30:36.703 INFO [main] org.apache.catalina.core.AprLifecycleListener.lifecycleEvent Loaded Apache Tomcat Native library [2.0.14] using APR version [1.7.6].
12-May-2026 23:30:36.736 INFO [main] org.apache.catalina.core.AprLifecycleListener.initializeSSL OpenSSL successfully initialized [OpenSSL 3.5.5 27 Jan 2026]
12-May-2026 23:30:37.957 INFO [main] org.apache.coyote.AbstractProtocol.init Initializing ProtocolHandler ["http-nio-8080"]
12-May-2026 23:30:38.070 INFO [main] org.apache.catalina.startup.Catalina.load Server initialization in [3040] milliseconds
12-May-2026 23:30:38.387 INFO [main] org.apache.catalina.core.StandardService.startInternal Starting service [Catalina]
12-May-2026 23:30:38.388 INFO [main] org.apache.catalina.core.StandardEngine.startInternal Starting Servlet engine: [Apache Tomcat/11.0.21]
12-May-2026 23:30:38.446 INFO [main] org.apache.catalina.startup.HostConfig.deployDescriptor Deploying deployment descriptor [C:\e-commerce\.devtomcat\Tomcat_95a65164\conf\Catalina\localhost\e-commerce.xml]
12-May-2026 23:30:44.978 INFO [main] org.apache.jasper.servlet.TldScanner.scanJars At least one JAR was scanned for TLDs yet contained no TLDs. Enable debug logging for this logger for a complete list of JARs that were scanned but no TLDs were found in them. Skipping unneeded JARs during scanning can improve startup time and JSP compilation time.
12-May-2026 23:30:45.467 WARNING [main] org.apache.catalina.util.SessionIdGeneratorBase.createSecureRandom Creation of SecureRandom instance for session ID generation using [SHA1PRNG] took [356] milliseconds.
12-May-2026 23:30:45.594 INFO [main] org.apache.catalina.startup.HostConfig.deployDescriptor Deployment of deployment descriptor [C:\e-commerce\.devtomcat\Tomcat_95a65164\conf\Catalina\localhost\e-commerce.xml] has finished in [7,147] ms
12-May-2026 23:30:45.623 INFO [main] org.apache.coyote.AbstractProtocol.start Starting ProtocolHandler ["http-nio-8080"]
12-May-2026 23:30:45.747 INFO [main] org.apache.catalina.startup.Catalina.start Server startup in [7676] milliseconds
12-May-2026 23:37:07.160 INFO [main] org.apache.catalina.core.StandardServer.await A valid shutdown command was received via the shutdown port. Stopping the Server instance.
12-May-2026 23:37:07.164 INFO [main] org.apache.coyote.AbstractProtocol.pause Pausing ProtocolHandler ["http-nio-8080"]
12-May-2026 23:37:08.181 INFO [main] org.apache.catalina.core.StandardService.stopInternal Stopping service [Catalina]
12-May-2026 23:37:08.300 WARNING [main] org.apache.catalina.loader.WebappClassLoaderBase.clearReferencesJdbc The web application [e-commerce] registered the JDBC driver [com.mysql.cj.jdbc.Driver] but failed to unregister it when the web application was stopped. To prevent a memory leak, the JDBC Driver has been forcibly unregistered.
12-May-2026 23:37:08.318 WARNING [main] org.apache.catalina.loader.WebappClassLoaderBase.clearReferencesThreads The web application [e-commerce] appears to have started a thread named [mysql-cj-abandoned-connection-cleanup] but has failed to stop it. This is very likely to create a memory leak. Stack trace of thread:
 java.base@17.0.8/java.lang.Object.wait(Native Method)
 java.base@17.0.8/java.lang.ref.ReferenceQueue.remove(ReferenceQueue.java:155)
 com.mysql.cj.jdbc.AbandonedConnectionCleanupThread.run(AbandonedConnectionCleanupThread.java:91)
 java.base@17.0.8/java.util.concurrent.ThreadPoolExecutor.runWorker(ThreadPoolExecutor.java:1136)
 java.base@17.0.8/java.util.concurrent.ThreadPoolExecutor$Worker.run(ThreadPoolExecutor.java:635)
 java.base@17.0.8/java.lang.Thread.run(Thread.java:833)
12-May-2026 23:37:08.415 INFO [main] org.apache.coyote.AbstractProtocol.stop Stopping ProtocolHandler ["http-nio-8080"]
12-May-2026 23:37:08.479 INFO [main] org.apache.coyote.AbstractProtocol.destroy Destroying ProtocolHandler ["http-nio-8080"]
12-May-2026 23:37:44.075 INFO [main] org.apache.catalina.startup.VersionLoggerListener.log Server version name:   Apache Tomcat/11.0.21
12-May-2026 23:37:44.088 INFO [main] org.apache.catalina.startup.VersionLoggerListener.log Server built:          Mar 30 2026 14:59:44 UTC
12-May-2026 23:37:44.089 INFO [main] org.apache.catalina.startup.VersionLoggerListener.log Server version number: 11.0.21.0
12-May-2026 23:37:44.090 INFO [main] org.apache.catalina.startup.VersionLoggerListener.log OS Name:               Windows 10
12-May-2026 23:37:44.092 INFO [main] org.apache.catalina.startup.VersionLoggerListener.log OS Version:            10.0
12-May-2026 23:37:44.092 INFO [main] org.apache.catalina.startup.VersionLoggerListener.log Architecture:          amd64
12-May-2026 23:37:44.093 INFO [main] org.apache.catalina.startup.VersionLoggerListener.log Java Home:             C:\Program Files\Java\jdk-17.0.8
12-May-2026 23:37:44.094 INFO [main] org.apache.catalina.startup.VersionLoggerListener.log JVM Version:           17.0.8+9-LTS-211
12-May-2026 23:37:44.096 INFO [main] org.apache.catalina.startup.VersionLoggerListener.log JVM Vendor:            Oracle Corporation
12-May-2026 23:37:44.097 INFO [main] org.apache.catalina.startup.VersionLoggerListener.log CATALINA_BASE:         C:\e-commerce\.devtomcat\Tomcat_95a65164
12-May-2026 23:37:44.097 INFO [main] org.apache.catalina.startup.VersionLoggerListener.log CATALINA_HOME:         E:\apache-tomcat-11.0.21
12-May-2026 23:37:44.110 INFO [main] org.apache.catalina.startup.VersionLoggerListener.log Command line argument: -Dcom.sun.management.jmxremote
12-May-2026 23:37:44.110 INFO [main] org.apache.catalina.startup.VersionLoggerListener.log Command line argument: -Dcom.sun.management.jmxremote.port=1099
12-May-2026 23:37:44.112 INFO [main] org.apache.catalina.startup.VersionLoggerListener.log Command line argument: -Dcom.sun.management.jmxremote.ssl=false
12-May-2026 23:37:44.112 INFO [main] org.apache.catalina.startup.VersionLoggerListener.log Command line argument: -Dcom.sun.management.jmxremote.authenticate=false
12-May-2026 23:37:44.113 INFO [main] org.apache.catalina.startup.VersionLoggerListener.log Command line argument: -Dcom.sun.management.jmxremote.local.only=false
12-May-2026 23:37:44.113 INFO [main] org.apache.catalina.startup.VersionLoggerListener.log Command line argument: --add-opens=java.base/java.lang=ALL-UNNAMED
12-May-2026 23:37:44.114 INFO [main] org.apache.catalina.startup.VersionLoggerListener.log Command line argument: --add-opens=java.base/java.io=ALL-UNNAMED
12-May-2026 23:37:44.115 INFO [main] org.apache.catalina.startup.VersionLoggerListener.log Command line argument: --add-opens=java.base/java.util=ALL-UNNAMED
12-May-2026 23:37:44.115 INFO [main] org.apache.catalina.startup.VersionLoggerListener.log Command line argument: --add-opens=java.base/java.util.concurrent=ALL-UNNAMED
12-May-2026 23:37:44.116 INFO [main] org.apache.catalina.startup.VersionLoggerListener.log Command line argument: --add-opens=java.rmi/sun.rmi.transport=ALL-UNNAMED
12-May-2026 23:37:44.117 INFO [main] org.apache.catalina.startup.VersionLoggerListener.log Command line argument: -Dcatalina.home=E:\apache-tomcat-11.0.21
12-May-2026 23:37:44.118 INFO [main] org.apache.catalina.startup.VersionLoggerListener.log Command line argument: -Dcatalina.base=C:\e-commerce\.devtomcat\Tomcat_95a65164
12-May-2026 23:37:44.119 INFO [main] org.apache.catalina.startup.VersionLoggerListener.log Command line argument: -Djava.io.tmpdir=C:\e-commerce\.devtomcat\Tomcat_95a65164\temp
12-May-2026 23:37:44.120 INFO [main] org.apache.catalina.startup.VersionLoggerListener.log Command line argument: -Djava.util.logging.config.file=C:\e-commerce\.devtomcat\Tomcat_95a65164\conf\logging.properties
12-May-2026 23:37:44.121 INFO [main] org.apache.catalina.startup.VersionLoggerListener.log Command line argument: -Djava.util.logging.manager=org.apache.juli.ClassLoaderLogManager
12-May-2026 23:37:44.121 INFO [main] org.apache.catalina.startup.VersionLoggerListener.log Command line argument: -Dserver.port=8080
12-May-2026 23:37:44.122 INFO [main] org.apache.catalina.startup.VersionLoggerListener.log Command line argument: -Dserver.shutdown.port=8005
12-May-2026 23:37:44.123 INFO [main] org.apache.catalina.startup.VersionLoggerListener.log Command line argument: -javaagent:C:\Program Files\JetBrains\IntelliJ IDEA 2025.3.1.1\lib\idea_rt.jar=55126
12-May-2026 23:37:44.125 INFO [main] org.apache.catalina.startup.VersionLoggerListener.log Command line argument: -Dfile.encoding=UTF-8
12-May-2026 23:37:44.137 INFO [main] org.apache.catalina.core.AprLifecycleListener.lifecycleEvent Loaded Apache Tomcat Native library [2.0.14] using APR version [1.7.6].
12-May-2026 23:37:44.164 INFO [main] org.apache.catalina.core.AprLifecycleListener.initializeSSL OpenSSL successfully initialized [OpenSSL 3.5.5 27 Jan 2026]
12-May-2026 23:37:45.454 INFO [main] org.apache.coyote.AbstractProtocol.init Initializing ProtocolHandler ["http-nio-8080"]
12-May-2026 23:37:45.544 INFO [main] org.apache.catalina.startup.Catalina.load Server initialization in [2959] milliseconds
12-May-2026 23:37:45.809 INFO [main] org.apache.catalina.core.StandardService.startInternal Starting service [Catalina]
12-May-2026 23:37:45.810 INFO [main] org.apache.catalina.core.StandardEngine.startInternal Starting Servlet engine: [Apache Tomcat/11.0.21]
12-May-2026 23:37:45.873 INFO [main] org.apache.catalina.startup.HostConfig.deployDescriptor Deploying deployment descriptor [C:\e-commerce\.devtomcat\Tomcat_95a65164\conf\Catalina\localhost\e-commerce.xml]
12-May-2026 23:37:53.429 INFO [main] org.apache.jasper.servlet.TldScanner.scanJars At least one JAR was scanned for TLDs yet contained no TLDs. Enable debug logging for this logger for a complete list of JARs that were scanned but no TLDs were found in them. Skipping unneeded JARs during scanning can improve startup time and JSP compilation time.
12-May-2026 23:37:53.998 WARNING [main] org.apache.catalina.util.SessionIdGeneratorBase.createSecureRandom Creation of SecureRandom instance for session ID generation using [SHA1PRNG] took [429] milliseconds.
12-May-2026 23:37:54.148 INFO [main] org.apache.catalina.startup.HostConfig.deployDescriptor Deployment of deployment descriptor [C:\e-commerce\.devtomcat\Tomcat_95a65164\conf\Catalina\localhost\e-commerce.xml] has finished in [8,275] ms
12-May-2026 23:37:54.184 INFO [main] org.apache.coyote.AbstractProtocol.start Starting ProtocolHandler ["http-nio-8080"]
12-May-2026 23:37:54.410 INFO [main] org.apache.catalina.startup.Catalina.start Server startup in [8864] milliseconds
