07-May-2026 20:20:29.952 INFO [main] org.apache.catalina.startup.VersionLoggerListener.log Server version name:   Apache Tomcat/11.0.21
07-May-2026 20:20:29.955 INFO [main] org.apache.catalina.startup.VersionLoggerListener.log Server built:          Mar 30 2026 14:59:44 UTC
07-May-2026 20:20:29.956 INFO [main] org.apache.catalina.startup.VersionLoggerListener.log Server version number: 11.0.21.0
07-May-2026 20:20:29.956 INFO [main] org.apache.catalina.startup.VersionLoggerListener.log OS Name:               Windows 10
07-May-2026 20:20:29.957 INFO [main] org.apache.catalina.startup.VersionLoggerListener.log OS Version:            10.0
07-May-2026 20:20:29.957 INFO [main] org.apache.catalina.startup.VersionLoggerListener.log Architecture:          amd64
07-May-2026 20:20:29.957 INFO [main] org.apache.catalina.startup.VersionLoggerListener.log Java Home:             C:\Program Files\Java\jdk-17.0.8
07-May-2026 20:20:29.957 INFO [main] org.apache.catalina.startup.VersionLoggerListener.log JVM Version:           17.0.8+9-LTS-211
07-May-2026 20:20:29.957 INFO [main] org.apache.catalina.startup.VersionLoggerListener.log JVM Vendor:            Oracle Corporation
07-May-2026 20:20:29.958 INFO [main] org.apache.catalina.startup.VersionLoggerListener.log CATALINA_BASE:         C:\e-commerce\.devtomcat\Tomcat_Server_e6f0999f
07-May-2026 20:20:29.958 INFO [main] org.apache.catalina.startup.VersionLoggerListener.log CATALINA_HOME:         E:\apache-tomcat-11.0.21
07-May-2026 20:20:29.962 INFO [main] org.apache.catalina.startup.VersionLoggerListener.log Command line argument: -Dcom.sun.management.jmxremote
07-May-2026 20:20:29.962 INFO [main] org.apache.catalina.startup.VersionLoggerListener.log Command line argument: -Dcom.sun.management.jmxremote.port=1099
07-May-2026 20:20:29.962 INFO [main] org.apache.catalina.startup.VersionLoggerListener.log Command line argument: -Dcom.sun.management.jmxremote.ssl=false
07-May-2026 20:20:29.962 INFO [main] org.apache.catalina.startup.VersionLoggerListener.log Command line argument: -Dcom.sun.management.jmxremote.authenticate=false
07-May-2026 20:20:29.962 INFO [main] org.apache.catalina.startup.VersionLoggerListener.log Command line argument: -Dcom.sun.management.jmxremote.local.only=false
07-May-2026 20:20:29.962 INFO [main] org.apache.catalina.startup.VersionLoggerListener.log Command line argument: --add-opens=java.base/java.lang=ALL-UNNAMED
07-May-2026 20:20:29.962 INFO [main] org.apache.catalina.startup.VersionLoggerListener.log Command line argument: --add-opens=java.base/java.io=ALL-UNNAMED
07-May-2026 20:20:29.963 INFO [main] org.apache.catalina.startup.VersionLoggerListener.log Command line argument: --add-opens=java.base/java.util=ALL-UNNAMED
07-May-2026 20:20:29.963 INFO [main] org.apache.catalina.startup.VersionLoggerListener.log Command line argument: --add-opens=java.base/java.util.concurrent=ALL-UNNAMED
07-May-2026 20:20:29.963 INFO [main] org.apache.catalina.startup.VersionLoggerListener.log Command line argument: --add-opens=java.rmi/sun.rmi.transport=ALL-UNNAMED
07-May-2026 20:20:29.963 INFO [main] org.apache.catalina.startup.VersionLoggerListener.log Command line argument: -Dcatalina.home=E:\apache-tomcat-11.0.21
07-May-2026 20:20:29.963 INFO [main] org.apache.catalina.startup.VersionLoggerListener.log Command line argument: -Dcatalina.base=C:\e-commerce\.devtomcat\Tomcat_Server_e6f0999f
07-May-2026 20:20:29.963 INFO [main] org.apache.catalina.startup.VersionLoggerListener.log Command line argument: -Djava.io.tmpdir=C:\e-commerce\.devtomcat\Tomcat_Server_e6f0999f\temp
07-May-2026 20:20:29.963 INFO [main] org.apache.catalina.startup.VersionLoggerListener.log Command line argument: -Djava.util.logging.config.file=C:\e-commerce\.devtomcat\Tomcat_Server_e6f0999f\conf\logging.properties
07-May-2026 20:20:29.963 INFO [main] org.apache.catalina.startup.VersionLoggerListener.log Command line argument: -Djava.util.logging.manager=org.apache.juli.ClassLoaderLogManager
07-May-2026 20:20:29.964 INFO [main] org.apache.catalina.startup.VersionLoggerListener.log Command line argument: -Dserver.port=8080
07-May-2026 20:20:29.964 INFO [main] org.apache.catalina.startup.VersionLoggerListener.log Command line argument: -Dserver.shutdown.port=8005
07-May-2026 20:20:29.964 INFO [main] org.apache.catalina.startup.VersionLoggerListener.log Command line argument: -javaagent:C:\Program Files\JetBrains\IntelliJ IDEA 2025.3.1.1\lib\idea_rt.jar=50765
07-May-2026 20:20:29.964 INFO [main] org.apache.catalina.startup.VersionLoggerListener.log Command line argument: -Dfile.encoding=UTF-8
07-May-2026 20:20:30.015 INFO [main] org.apache.catalina.core.AprLifecycleListener.lifecycleEvent Loaded Apache Tomcat Native library [2.0.14] using APR version [1.7.6].
07-May-2026 20:20:30.048 INFO [main] org.apache.catalina.core.AprLifecycleListener.initializeSSL OpenSSL successfully initialized [OpenSSL 3.5.5 27 Jan 2026]
07-May-2026 20:20:30.321 INFO [main] org.apache.coyote.AbstractProtocol.init Initializing ProtocolHandler ["http-nio-8080"]
07-May-2026 20:20:30.341 INFO [main] org.apache.catalina.startup.Catalina.load Server initialization in [721] milliseconds
07-May-2026 20:20:30.408 INFO [main] org.apache.catalina.core.StandardService.startInternal Starting service [Catalina]
07-May-2026 20:20:30.408 INFO [main] org.apache.catalina.core.StandardEngine.startInternal Starting Servlet engine: [Apache Tomcat/11.0.21]
07-May-2026 20:20:30.423 INFO [main] org.apache.catalina.startup.HostConfig.deployDescriptor Deploying deployment descriptor [C:\e-commerce\.devtomcat\Tomcat_Server_e6f0999f\conf\Catalina\localhost\e-commerce.xml]
07-May-2026 20:20:31.894 INFO [main] org.apache.jasper.servlet.TldScanner.scanJars At least one JAR was scanned for TLDs yet contained no TLDs. Enable debug logging for this logger for a complete list of JARs that were scanned but no TLDs were found in them. Skipping unneeded JARs during scanning can improve startup time and JSP compilation time.
07-May-2026 20:20:32.034 INFO [main] org.apache.catalina.startup.HostConfig.deployDescriptor Deployment of deployment descriptor [C:\e-commerce\.devtomcat\Tomcat_Server_e6f0999f\conf\Catalina\localhost\e-commerce.xml] has finished in [1,609] ms
07-May-2026 20:20:32.044 INFO [main] org.apache.coyote.AbstractProtocol.start Starting ProtocolHandler ["http-nio-8080"]
07-May-2026 20:20:32.073 INFO [main] org.apache.catalina.startup.Catalina.start Server startup in [1731] milliseconds
07-May-2026 20:22:58.007 INFO [main] org.apache.catalina.core.StandardServer.await A valid shutdown command was received via the shutdown port. Stopping the Server instance.
07-May-2026 20:22:58.009 INFO [main] org.apache.coyote.AbstractProtocol.pause Pausing ProtocolHandler ["http-nio-8080"]
07-May-2026 20:22:58.162 INFO [main] org.apache.catalina.core.StandardService.stopInternal Stopping service [Catalina]
07-May-2026 20:22:58.168 WARNING [main] org.apache.catalina.loader.WebappClassLoaderBase.clearReferencesJdbc The web application [e-commerce] registered the JDBC driver [com.mysql.cj.jdbc.Driver] but failed to unregister it when the web application was stopped. To prevent a memory leak, the JDBC Driver has been forcibly unregistered.
07-May-2026 20:22:58.169 WARNING [main] org.apache.catalina.loader.WebappClassLoaderBase.clearReferencesThreads The web application [e-commerce] appears to have started a thread named [mysql-cj-abandoned-connection-cleanup] but has failed to stop it. This is very likely to create a memory leak. Stack trace of thread:
 java.base@17.0.8/java.lang.Object.wait(Native Method)
 java.base@17.0.8/java.lang.ref.ReferenceQueue.remove(ReferenceQueue.java:155)
 com.mysql.cj.jdbc.AbandonedConnectionCleanupThread.run(AbandonedConnectionCleanupThread.java:91)
 java.base@17.0.8/java.util.concurrent.ThreadPoolExecutor.runWorker(ThreadPoolExecutor.java:1136)
 java.base@17.0.8/java.util.concurrent.ThreadPoolExecutor$Worker.run(ThreadPoolExecutor.java:635)
 java.base@17.0.8/java.lang.Thread.run(Thread.java:833)
07-May-2026 20:22:58.177 INFO [main] org.apache.coyote.AbstractProtocol.stop Stopping ProtocolHandler ["http-nio-8080"]
07-May-2026 20:22:58.194 INFO [main] org.apache.coyote.AbstractProtocol.destroy Destroying ProtocolHandler ["http-nio-8080"]
07-May-2026 20:22:58.256 INFO [mysql-cj-abandoned-connection-cleanup] org.apache.catalina.loader.WebappClassLoaderBase.checkStateForResourceLoading Illegal access: this web application instance has been stopped already. Could not load []. The following stack trace is thrown for debugging purposes as well as to attempt to terminate the thread which caused the illegal access.
	java.lang.IllegalStateException: Illegal access: this web application instance has been stopped already. Could not load []. The following stack trace is thrown for debugging purposes as well as to attempt to terminate the thread which caused the illegal access.
		at org.apache.catalina.loader.WebappClassLoaderBase.checkStateForResourceLoading(WebappClassLoaderBase.java:1244)
		at org.apache.catalina.loader.WebappClassLoaderBase.getResource(WebappClassLoaderBase.java:854)
		at com.mysql.cj.jdbc.AbandonedConnectionCleanupThread.checkThreadContextClassLoader(AbandonedConnectionCleanupThread.java:123)
		at com.mysql.cj.jdbc.AbandonedConnectionCleanupThread.run(AbandonedConnectionCleanupThread.java:90)
		at java.base/java.util.concurrent.ThreadPoolExecutor.runWorker(ThreadPoolExecutor.java:1136)
		at java.base/java.util.concurrent.ThreadPoolExecutor$Worker.run(ThreadPoolExecutor.java:635)
		at java.base/java.lang.Thread.run(Thread.java:833)
07-May-2026 20:23:03.775 INFO [main] org.apache.catalina.startup.VersionLoggerListener.log Server version name:   Apache Tomcat/11.0.21
07-May-2026 20:23:03.785 INFO [main] org.apache.catalina.startup.VersionLoggerListener.log Server built:          Mar 30 2026 14:59:44 UTC
07-May-2026 20:23:03.788 INFO [main] org.apache.catalina.startup.VersionLoggerListener.log Server version number: 11.0.21.0
07-May-2026 20:23:03.788 INFO [main] org.apache.catalina.startup.VersionLoggerListener.log OS Name:               Windows 10
07-May-2026 20:23:03.788 INFO [main] org.apache.catalina.startup.VersionLoggerListener.log OS Version:            10.0
07-May-2026 20:23:03.790 INFO [main] org.apache.catalina.startup.VersionLoggerListener.log Architecture:          amd64
07-May-2026 20:23:03.790 INFO [main] org.apache.catalina.startup.VersionLoggerListener.log Java Home:             C:\Program Files\Java\jdk-17.0.8
07-May-2026 20:23:03.791 INFO [main] org.apache.catalina.startup.VersionLoggerListener.log JVM Version:           17.0.8+9-LTS-211
07-May-2026 20:23:03.791 INFO [main] org.apache.catalina.startup.VersionLoggerListener.log JVM Vendor:            Oracle Corporation
07-May-2026 20:23:03.792 INFO [main] org.apache.catalina.startup.VersionLoggerListener.log CATALINA_BASE:         C:\e-commerce\.devtomcat\Tomcat_Server_e6f0999f
07-May-2026 20:23:03.792 INFO [main] org.apache.catalina.startup.VersionLoggerListener.log CATALINA_HOME:         E:\apache-tomcat-11.0.21
07-May-2026 20:23:03.797 INFO [main] org.apache.catalina.startup.VersionLoggerListener.log Command line argument: -Dcom.sun.management.jmxremote
07-May-2026 20:23:03.798 INFO [main] org.apache.catalina.startup.VersionLoggerListener.log Command line argument: -Dcom.sun.management.jmxremote.port=1099
07-May-2026 20:23:03.798 INFO [main] org.apache.catalina.startup.VersionLoggerListener.log Command line argument: -Dcom.sun.management.jmxremote.ssl=false
07-May-2026 20:23:03.798 INFO [main] org.apache.catalina.startup.VersionLoggerListener.log Command line argument: -Dcom.sun.management.jmxremote.authenticate=false
07-May-2026 20:23:03.798 INFO [main] org.apache.catalina.startup.VersionLoggerListener.log Command line argument: -Dcom.sun.management.jmxremote.local.only=false
07-May-2026 20:23:03.799 INFO [main] org.apache.catalina.startup.VersionLoggerListener.log Command line argument: --add-opens=java.base/java.lang=ALL-UNNAMED
07-May-2026 20:23:03.799 INFO [main] org.apache.catalina.startup.VersionLoggerListener.log Command line argument: --add-opens=java.base/java.io=ALL-UNNAMED
07-May-2026 20:23:03.799 INFO [main] org.apache.catalina.startup.VersionLoggerListener.log Command line argument: --add-opens=java.base/java.util=ALL-UNNAMED
07-May-2026 20:23:03.800 INFO [main] org.apache.catalina.startup.VersionLoggerListener.log Command line argument: --add-opens=java.base/java.util.concurrent=ALL-UNNAMED
07-May-2026 20:23:03.800 INFO [main] org.apache.catalina.startup.VersionLoggerListener.log Command line argument: --add-opens=java.rmi/sun.rmi.transport=ALL-UNNAMED
07-May-2026 20:23:03.800 INFO [main] org.apache.catalina.startup.VersionLoggerListener.log Command line argument: -Dcatalina.home=E:\apache-tomcat-11.0.21
07-May-2026 20:23:03.800 INFO [main] org.apache.catalina.startup.VersionLoggerListener.log Command line argument: -Dcatalina.base=C:\e-commerce\.devtomcat\Tomcat_Server_e6f0999f
07-May-2026 20:23:03.800 INFO [main] org.apache.catalina.startup.VersionLoggerListener.log Command line argument: -Djava.io.tmpdir=C:\e-commerce\.devtomcat\Tomcat_Server_e6f0999f\temp
07-May-2026 20:23:03.800 INFO [main] org.apache.catalina.startup.VersionLoggerListener.log Command line argument: -Djava.util.logging.config.file=C:\e-commerce\.devtomcat\Tomcat_Server_e6f0999f\conf\logging.properties
07-May-2026 20:23:03.800 INFO [main] org.apache.catalina.startup.VersionLoggerListener.log Command line argument: -Djava.util.logging.manager=org.apache.juli.ClassLoaderLogManager
07-May-2026 20:23:03.800 INFO [main] org.apache.catalina.startup.VersionLoggerListener.log Command line argument: -Dserver.port=8080
07-May-2026 20:23:03.801 INFO [main] org.apache.catalina.startup.VersionLoggerListener.log Command line argument: -Dserver.shutdown.port=8005
07-May-2026 20:23:03.801 INFO [main] org.apache.catalina.startup.VersionLoggerListener.log Command line argument: -javaagent:C:\Program Files\JetBrains\IntelliJ IDEA 2025.3.1.1\lib\idea_rt.jar=58037
07-May-2026 20:23:03.801 INFO [main] org.apache.catalina.startup.VersionLoggerListener.log Command line argument: -Dfile.encoding=UTF-8
07-May-2026 20:23:03.804 INFO [main] org.apache.catalina.core.AprLifecycleListener.lifecycleEvent Loaded Apache Tomcat Native library [2.0.14] using APR version [1.7.6].
07-May-2026 20:23:03.818 INFO [main] org.apache.catalina.core.AprLifecycleListener.initializeSSL OpenSSL successfully initialized [OpenSSL 3.5.5 27 Jan 2026]
07-May-2026 20:23:04.195 INFO [main] org.apache.coyote.AbstractProtocol.init Initializing ProtocolHandler ["http-nio-8080"]
07-May-2026 20:23:04.257 INFO [main] org.apache.catalina.startup.Catalina.load Server initialization in [994] milliseconds
07-May-2026 20:23:04.339 INFO [main] org.apache.catalina.core.StandardService.startInternal Starting service [Catalina]
07-May-2026 20:23:04.339 INFO [main] org.apache.catalina.core.StandardEngine.startInternal Starting Servlet engine: [Apache Tomcat/11.0.21]
07-May-2026 20:23:04.357 INFO [main] org.apache.catalina.startup.HostConfig.deployDescriptor Deploying deployment descriptor [C:\e-commerce\.devtomcat\Tomcat_Server_e6f0999f\conf\Catalina\localhost\e-commerce.xml]
07-May-2026 20:23:05.710 INFO [main] org.apache.jasper.servlet.TldScanner.scanJars At least one JAR was scanned for TLDs yet contained no TLDs. Enable debug logging for this logger for a complete list of JARs that were scanned but no TLDs were found in them. Skipping unneeded JARs during scanning can improve startup time and JSP compilation time.
07-May-2026 20:23:05.868 INFO [main] org.apache.catalina.startup.HostConfig.deployDescriptor Deployment of deployment descriptor [C:\e-commerce\.devtomcat\Tomcat_Server_e6f0999f\conf\Catalina\localhost\e-commerce.xml] has finished in [1,510] ms
07-May-2026 20:23:05.879 INFO [main] org.apache.coyote.AbstractProtocol.start Starting ProtocolHandler ["http-nio-8080"]
07-May-2026 20:23:05.906 INFO [main] org.apache.catalina.startup.Catalina.start Server startup in [1648] milliseconds
07-May-2026 20:24:19.587 INFO [main] org.apache.catalina.core.StandardServer.await A valid shutdown command was received via the shutdown port. Stopping the Server instance.
07-May-2026 20:24:19.587 INFO [main] org.apache.coyote.AbstractProtocol.pause Pausing ProtocolHandler ["http-nio-8080"]
07-May-2026 20:24:19.656 INFO [main] org.apache.catalina.core.StandardService.stopInternal Stopping service [Catalina]
07-May-2026 20:24:19.661 WARNING [main] org.apache.catalina.loader.WebappClassLoaderBase.clearReferencesJdbc The web application [e-commerce] registered the JDBC driver [com.mysql.cj.jdbc.Driver] but failed to unregister it when the web application was stopped. To prevent a memory leak, the JDBC Driver has been forcibly unregistered.
07-May-2026 20:24:19.662 WARNING [main] org.apache.catalina.loader.WebappClassLoaderBase.clearReferencesThreads The web application [e-commerce] appears to have started a thread named [mysql-cj-abandoned-connection-cleanup] but has failed to stop it. This is very likely to create a memory leak. Stack trace of thread:
 java.base@17.0.8/java.lang.Object.wait(Native Method)
 java.base@17.0.8/java.lang.ref.ReferenceQueue.remove(ReferenceQueue.java:155)
 com.mysql.cj.jdbc.AbandonedConnectionCleanupThread.run(AbandonedConnectionCleanupThread.java:91)
 java.base@17.0.8/java.util.concurrent.ThreadPoolExecutor.runWorker(ThreadPoolExecutor.java:1136)
 java.base@17.0.8/java.util.concurrent.ThreadPoolExecutor$Worker.run(ThreadPoolExecutor.java:635)
 java.base@17.0.8/java.lang.Thread.run(Thread.java:833)
07-May-2026 20:24:19.668 INFO [main] org.apache.coyote.AbstractProtocol.stop Stopping ProtocolHandler ["http-nio-8080"]
07-May-2026 20:24:19.686 INFO [main] org.apache.coyote.AbstractProtocol.destroy Destroying ProtocolHandler ["http-nio-8080"]
07-May-2026 20:24:19.712 INFO [mysql-cj-abandoned-connection-cleanup] org.apache.catalina.loader.WebappClassLoaderBase.checkStateForResourceLoading Illegal access: this web application instance has been stopped already. Could not load []. The following stack trace is thrown for debugging purposes as well as to attempt to terminate the thread which caused the illegal access.
	java.lang.IllegalStateException: Illegal access: this web application instance has been stopped already. Could not load []. The following stack trace is thrown for debugging purposes as well as to attempt to terminate the thread which caused the illegal access.
		at org.apache.catalina.loader.WebappClassLoaderBase.checkStateForResourceLoading(WebappClassLoaderBase.java:1244)
		at org.apache.catalina.loader.WebappClassLoaderBase.getResource(WebappClassLoaderBase.java:854)
		at com.mysql.cj.jdbc.AbandonedConnectionCleanupThread.checkThreadContextClassLoader(AbandonedConnectionCleanupThread.java:123)
		at com.mysql.cj.jdbc.AbandonedConnectionCleanupThread.run(AbandonedConnectionCleanupThread.java:90)
		at java.base/java.util.concurrent.ThreadPoolExecutor.runWorker(ThreadPoolExecutor.java:1136)
		at java.base/java.util.concurrent.ThreadPoolExecutor$Worker.run(ThreadPoolExecutor.java:635)
		at java.base/java.lang.Thread.run(Thread.java:833)
07-May-2026 20:24:19.714 INFO [mysql-cj-abandoned-connection-cleanup] org.apache.catalina.loader.WebappClassLoaderBase.checkStateForResourceLoading Illegal access: this web application instance has been stopped already. Could not load []. The following stack trace is thrown for debugging purposes as well as to attempt to terminate the thread which caused the illegal access.
	java.lang.IllegalStateException: Illegal access: this web application instance has been stopped already. Could not load []. The following stack trace is thrown for debugging purposes as well as to attempt to terminate the thread which caused the illegal access.
		at org.apache.catalina.loader.WebappClassLoaderBase.checkStateForResourceLoading(WebappClassLoaderBase.java:1244)
		at org.apache.catalina.loader.WebappClassLoaderBase.getResource(WebappClassLoaderBase.java:854)
		at com.mysql.cj.jdbc.AbandonedConnectionCleanupThread.checkThreadContextClassLoader(AbandonedConnectionCleanupThread.java:123)
		at com.mysql.cj.jdbc.AbandonedConnectionCleanupThread.run(AbandonedConnectionCleanupThread.java:90)
		at java.base/java.util.concurrent.ThreadPoolExecutor.runWorker(ThreadPoolExecutor.java:1136)
		at java.base/java.util.concurrent.ThreadPoolExecutor$Worker.run(ThreadPoolExecutor.java:635)
		at java.base/java.lang.Thread.run(Thread.java:833)
07-May-2026 20:38:24.195 INFO [main] org.apache.catalina.startup.VersionLoggerListener.log Server version name:   Apache Tomcat/11.0.21
07-May-2026 20:38:24.200 INFO [main] org.apache.catalina.startup.VersionLoggerListener.log Server built:          Mar 30 2026 14:59:44 UTC
07-May-2026 20:38:24.200 INFO [main] org.apache.catalina.startup.VersionLoggerListener.log Server version number: 11.0.21.0
07-May-2026 20:38:24.200 INFO [main] org.apache.catalina.startup.VersionLoggerListener.log OS Name:               Windows 10
07-May-2026 20:38:24.200 INFO [main] org.apache.catalina.startup.VersionLoggerListener.log OS Version:            10.0
07-May-2026 20:38:24.201 INFO [main] org.apache.catalina.startup.VersionLoggerListener.log Architecture:          amd64
07-May-2026 20:38:24.201 INFO [main] org.apache.catalina.startup.VersionLoggerListener.log Java Home:             C:\Program Files\Java\jdk-17.0.8
07-May-2026 20:38:24.201 INFO [main] org.apache.catalina.startup.VersionLoggerListener.log JVM Version:           17.0.8+9-LTS-211
07-May-2026 20:38:24.202 INFO [main] org.apache.catalina.startup.VersionLoggerListener.log JVM Vendor:            Oracle Corporation
07-May-2026 20:38:24.203 INFO [main] org.apache.catalina.startup.VersionLoggerListener.log CATALINA_BASE:         C:\e-commerce\.devtomcat\Tomcat_Server_e6f0999f
07-May-2026 20:38:24.203 INFO [main] org.apache.catalina.startup.VersionLoggerListener.log CATALINA_HOME:         E:\apache-tomcat-11.0.21
07-May-2026 20:38:24.205 INFO [main] org.apache.catalina.startup.VersionLoggerListener.log Command line argument: -Dcom.sun.management.jmxremote
07-May-2026 20:38:24.205 INFO [main] org.apache.catalina.startup.VersionLoggerListener.log Command line argument: -Dcom.sun.management.jmxremote.port=1099
07-May-2026 20:38:24.206 INFO [main] org.apache.catalina.startup.VersionLoggerListener.log Command line argument: -Dcom.sun.management.jmxremote.ssl=false
07-May-2026 20:38:24.206 INFO [main] org.apache.catalina.startup.VersionLoggerListener.log Command line argument: -Dcom.sun.management.jmxremote.authenticate=false
07-May-2026 20:38:24.206 INFO [main] org.apache.catalina.startup.VersionLoggerListener.log Command line argument: -Dcom.sun.management.jmxremote.local.only=false
07-May-2026 20:38:24.206 INFO [main] org.apache.catalina.startup.VersionLoggerListener.log Command line argument: --add-opens=java.base/java.lang=ALL-UNNAMED
07-May-2026 20:38:24.206 INFO [main] org.apache.catalina.startup.VersionLoggerListener.log Command line argument: --add-opens=java.base/java.io=ALL-UNNAMED
07-May-2026 20:38:24.207 INFO [main] org.apache.catalina.startup.VersionLoggerListener.log Command line argument: --add-opens=java.base/java.util=ALL-UNNAMED
07-May-2026 20:38:24.207 INFO [main] org.apache.catalina.startup.VersionLoggerListener.log Command line argument: --add-opens=java.base/java.util.concurrent=ALL-UNNAMED
07-May-2026 20:38:24.207 INFO [main] org.apache.catalina.startup.VersionLoggerListener.log Command line argument: --add-opens=java.rmi/sun.rmi.transport=ALL-UNNAMED
07-May-2026 20:38:24.207 INFO [main] org.apache.catalina.startup.VersionLoggerListener.log Command line argument: -Dcatalina.home=E:\apache-tomcat-11.0.21
07-May-2026 20:38:24.208 INFO [main] org.apache.catalina.startup.VersionLoggerListener.log Command line argument: -Dcatalina.base=C:\e-commerce\.devtomcat\Tomcat_Server_e6f0999f
07-May-2026 20:38:24.208 INFO [main] org.apache.catalina.startup.VersionLoggerListener.log Command line argument: -Djava.io.tmpdir=C:\e-commerce\.devtomcat\Tomcat_Server_e6f0999f\temp
07-May-2026 20:38:24.208 INFO [main] org.apache.catalina.startup.VersionLoggerListener.log Command line argument: -Djava.util.logging.config.file=C:\e-commerce\.devtomcat\Tomcat_Server_e6f0999f\conf\logging.properties
07-May-2026 20:38:24.208 INFO [main] org.apache.catalina.startup.VersionLoggerListener.log Command line argument: -Djava.util.logging.manager=org.apache.juli.ClassLoaderLogManager
07-May-2026 20:38:24.208 INFO [main] org.apache.catalina.startup.VersionLoggerListener.log Command line argument: -Dserver.port=8080
07-May-2026 20:38:24.209 INFO [main] org.apache.catalina.startup.VersionLoggerListener.log Command line argument: -Dserver.shutdown.port=8005
07-May-2026 20:38:24.209 INFO [main] org.apache.catalina.startup.VersionLoggerListener.log Command line argument: -javaagent:C:\Program Files\JetBrains\IntelliJ IDEA 2025.3.1.1\lib\idea_rt.jar=49613
07-May-2026 20:38:24.209 INFO [main] org.apache.catalina.startup.VersionLoggerListener.log Command line argument: -Dfile.encoding=UTF-8
07-May-2026 20:38:24.212 INFO [main] org.apache.catalina.core.AprLifecycleListener.lifecycleEvent Loaded Apache Tomcat Native library [2.0.14] using APR version [1.7.6].
07-May-2026 20:38:24.220 INFO [main] org.apache.catalina.core.AprLifecycleListener.initializeSSL OpenSSL successfully initialized [OpenSSL 3.5.5 27 Jan 2026]
07-May-2026 20:38:24.711 INFO [main] org.apache.coyote.AbstractProtocol.init Initializing ProtocolHandler ["http-nio-8080"]
07-May-2026 20:38:24.747 INFO [main] org.apache.catalina.startup.Catalina.load Server initialization in [817] milliseconds
07-May-2026 20:38:24.856 INFO [main] org.apache.catalina.core.StandardService.startInternal Starting service [Catalina]
07-May-2026 20:38:24.856 INFO [main] org.apache.catalina.core.StandardEngine.startInternal Starting Servlet engine: [Apache Tomcat/11.0.21]
07-May-2026 20:38:24.890 INFO [main] org.apache.catalina.startup.HostConfig.deployDescriptor Deploying deployment descriptor [C:\e-commerce\.devtomcat\Tomcat_Server_e6f0999f\conf\Catalina\localhost\e-commerce.xml]
07-May-2026 20:38:26.379 INFO [main] org.apache.jasper.servlet.TldScanner.scanJars At least one JAR was scanned for TLDs yet contained no TLDs. Enable debug logging for this logger for a complete list of JARs that were scanned but no TLDs were found in them. Skipping unneeded JARs during scanning can improve startup time and JSP compilation time.
07-May-2026 20:38:26.530 INFO [main] org.apache.catalina.startup.HostConfig.deployDescriptor Deployment of deployment descriptor [C:\e-commerce\.devtomcat\Tomcat_Server_e6f0999f\conf\Catalina\localhost\e-commerce.xml] has finished in [1,639] ms
07-May-2026 20:38:26.542 INFO [main] org.apache.coyote.AbstractProtocol.start Starting ProtocolHandler ["http-nio-8080"]
07-May-2026 20:38:26.569 INFO [main] org.apache.catalina.startup.Catalina.start Server startup in [1821] milliseconds
07-May-2026 20:45:25.120 INFO [main] org.apache.catalina.core.StandardServer.await A valid shutdown command was received via the shutdown port. Stopping the Server instance.
07-May-2026 20:45:25.121 INFO [main] org.apache.coyote.AbstractProtocol.pause Pausing ProtocolHandler ["http-nio-8080"]
07-May-2026 20:45:25.215 INFO [main] org.apache.catalina.core.StandardService.stopInternal Stopping service [Catalina]
07-May-2026 20:45:25.223 INFO [main] org.apache.coyote.AbstractProtocol.stop Stopping ProtocolHandler ["http-nio-8080"]
07-May-2026 20:45:25.226 INFO [main] org.apache.coyote.AbstractProtocol.destroy Destroying ProtocolHandler ["http-nio-8080"]
07-May-2026 20:45:28.560 INFO [main] org.apache.catalina.startup.VersionLoggerListener.log Server version name:   Apache Tomcat/11.0.21
07-May-2026 20:45:28.563 INFO [main] org.apache.catalina.startup.VersionLoggerListener.log Server built:          Mar 30 2026 14:59:44 UTC
07-May-2026 20:45:28.564 INFO [main] org.apache.catalina.startup.VersionLoggerListener.log Server version number: 11.0.21.0
07-May-2026 20:45:28.564 INFO [main] org.apache.catalina.startup.VersionLoggerListener.log OS Name:               Windows 10
07-May-2026 20:45:28.564 INFO [main] org.apache.catalina.startup.VersionLoggerListener.log OS Version:            10.0
07-May-2026 20:45:28.564 INFO [main] org.apache.catalina.startup.VersionLoggerListener.log Architecture:          amd64
07-May-2026 20:45:28.565 INFO [main] org.apache.catalina.startup.VersionLoggerListener.log Java Home:             C:\Program Files\Java\jdk-17.0.8
07-May-2026 20:45:28.565 INFO [main] org.apache.catalina.startup.VersionLoggerListener.log JVM Version:           17.0.8+9-LTS-211
07-May-2026 20:45:28.565 INFO [main] org.apache.catalina.startup.VersionLoggerListener.log JVM Vendor:            Oracle Corporation
07-May-2026 20:45:28.565 INFO [main] org.apache.catalina.startup.VersionLoggerListener.log CATALINA_BASE:         C:\e-commerce\.devtomcat\Tomcat_Server_e6f0999f
07-May-2026 20:45:28.566 INFO [main] org.apache.catalina.startup.VersionLoggerListener.log CATALINA_HOME:         E:\apache-tomcat-11.0.21
07-May-2026 20:45:28.568 INFO [main] org.apache.catalina.startup.VersionLoggerListener.log Command line argument: -Dcom.sun.management.jmxremote
07-May-2026 20:45:28.568 INFO [main] org.apache.catalina.startup.VersionLoggerListener.log Command line argument: -Dcom.sun.management.jmxremote.port=1099
07-May-2026 20:45:28.568 INFO [main] org.apache.catalina.startup.VersionLoggerListener.log Command line argument: -Dcom.sun.management.jmxremote.ssl=false
07-May-2026 20:45:28.568 INFO [main] org.apache.catalina.startup.VersionLoggerListener.log Command line argument: -Dcom.sun.management.jmxremote.authenticate=false
07-May-2026 20:45:28.568 INFO [main] org.apache.catalina.startup.VersionLoggerListener.log Command line argument: -Dcom.sun.management.jmxremote.local.only=false
07-May-2026 20:45:28.568 INFO [main] org.apache.catalina.startup.VersionLoggerListener.log Command line argument: --add-opens=java.base/java.lang=ALL-UNNAMED
07-May-2026 20:45:28.568 INFO [main] org.apache.catalina.startup.VersionLoggerListener.log Command line argument: --add-opens=java.base/java.io=ALL-UNNAMED
07-May-2026 20:45:28.569 INFO [main] org.apache.catalina.startup.VersionLoggerListener.log Command line argument: --add-opens=java.base/java.util=ALL-UNNAMED
07-May-2026 20:45:28.569 INFO [main] org.apache.catalina.startup.VersionLoggerListener.log Command line argument: --add-opens=java.base/java.util.concurrent=ALL-UNNAMED
07-May-2026 20:45:28.569 INFO [main] org.apache.catalina.startup.VersionLoggerListener.log Command line argument: --add-opens=java.rmi/sun.rmi.transport=ALL-UNNAMED
07-May-2026 20:45:28.569 INFO [main] org.apache.catalina.startup.VersionLoggerListener.log Command line argument: -Dcatalina.home=E:\apache-tomcat-11.0.21
07-May-2026 20:45:28.569 INFO [main] org.apache.catalina.startup.VersionLoggerListener.log Command line argument: -Dcatalina.base=C:\e-commerce\.devtomcat\Tomcat_Server_e6f0999f
07-May-2026 20:45:28.570 INFO [main] org.apache.catalina.startup.VersionLoggerListener.log Command line argument: -Djava.io.tmpdir=C:\e-commerce\.devtomcat\Tomcat_Server_e6f0999f\temp
07-May-2026 20:45:28.570 INFO [main] org.apache.catalina.startup.VersionLoggerListener.log Command line argument: -Djava.util.logging.config.file=C:\e-commerce\.devtomcat\Tomcat_Server_e6f0999f\conf\logging.properties
07-May-2026 20:45:28.570 INFO [main] org.apache.catalina.startup.VersionLoggerListener.log Command line argument: -Djava.util.logging.manager=org.apache.juli.ClassLoaderLogManager
07-May-2026 20:45:28.570 INFO [main] org.apache.catalina.startup.VersionLoggerListener.log Command line argument: -Dserver.port=8080
07-May-2026 20:45:28.570 INFO [main] org.apache.catalina.startup.VersionLoggerListener.log Command line argument: -Dserver.shutdown.port=8005
07-May-2026 20:45:28.570 INFO [main] org.apache.catalina.startup.VersionLoggerListener.log Command line argument: -javaagent:C:\Program Files\JetBrains\IntelliJ IDEA 2025.3.1.1\lib\idea_rt.jar=54136
07-May-2026 20:45:28.571 INFO [main] org.apache.catalina.startup.VersionLoggerListener.log Command line argument: -Dfile.encoding=UTF-8
07-May-2026 20:45:28.574 INFO [main] org.apache.catalina.core.AprLifecycleListener.lifecycleEvent Loaded Apache Tomcat Native library [2.0.14] using APR version [1.7.6].
07-May-2026 20:45:28.580 INFO [main] org.apache.catalina.core.AprLifecycleListener.initializeSSL OpenSSL successfully initialized [OpenSSL 3.5.5 27 Jan 2026]
07-May-2026 20:45:28.845 INFO [main] org.apache.coyote.AbstractProtocol.init Initializing ProtocolHandler ["http-nio-8080"]
07-May-2026 20:45:28.873 INFO [main] org.apache.catalina.startup.Catalina.load Server initialization in [553] milliseconds
07-May-2026 20:45:28.932 INFO [main] org.apache.catalina.core.StandardService.startInternal Starting service [Catalina]
07-May-2026 20:45:28.932 INFO [main] org.apache.catalina.core.StandardEngine.startInternal Starting Servlet engine: [Apache Tomcat/11.0.21]
07-May-2026 20:45:28.950 INFO [main] org.apache.catalina.startup.HostConfig.deployDescriptor Deploying deployment descriptor [C:\e-commerce\.devtomcat\Tomcat_Server_e6f0999f\conf\Catalina\localhost\e-commerce.xml]
07-May-2026 20:45:30.140 INFO [main] org.apache.jasper.servlet.TldScanner.scanJars At least one JAR was scanned for TLDs yet contained no TLDs. Enable debug logging for this logger for a complete list of JARs that were scanned but no TLDs were found in them. Skipping unneeded JARs during scanning can improve startup time and JSP compilation time.
07-May-2026 20:45:30.274 INFO [main] org.apache.catalina.startup.HostConfig.deployDescriptor Deployment of deployment descriptor [C:\e-commerce\.devtomcat\Tomcat_Server_e6f0999f\conf\Catalina\localhost\e-commerce.xml] has finished in [1,324] ms
07-May-2026 20:45:30.282 INFO [main] org.apache.coyote.AbstractProtocol.start Starting ProtocolHandler ["http-nio-8080"]
07-May-2026 20:45:30.313 INFO [main] org.apache.catalina.startup.Catalina.start Server startup in [1439] milliseconds
07-May-2026 20:55:22.031 INFO [main] org.apache.catalina.core.StandardServer.await A valid shutdown command was received via the shutdown port. Stopping the Server instance.
07-May-2026 20:55:22.032 INFO [main] org.apache.coyote.AbstractProtocol.pause Pausing ProtocolHandler ["http-nio-8080"]
07-May-2026 20:55:22.107 INFO [main] org.apache.catalina.core.StandardService.stopInternal Stopping service [Catalina]
07-May-2026 20:55:22.113 WARNING [main] org.apache.catalina.loader.WebappClassLoaderBase.clearReferencesJdbc The web application [e-commerce] registered the JDBC driver [com.mysql.cj.jdbc.Driver] but failed to unregister it when the web application was stopped. To prevent a memory leak, the JDBC Driver has been forcibly unregistered.
07-May-2026 20:55:22.115 WARNING [main] org.apache.catalina.loader.WebappClassLoaderBase.clearReferencesThreads The web application [e-commerce] appears to have started a thread named [mysql-cj-abandoned-connection-cleanup] but has failed to stop it. This is very likely to create a memory leak. Stack trace of thread:
 java.base@17.0.8/java.lang.Object.wait(Native Method)
 java.base@17.0.8/java.lang.ref.ReferenceQueue.remove(ReferenceQueue.java:155)
 com.mysql.cj.jdbc.AbandonedConnectionCleanupThread.run(AbandonedConnectionCleanupThread.java:91)
 java.base@17.0.8/java.util.concurrent.ThreadPoolExecutor.runWorker(ThreadPoolExecutor.java:1136)
 java.base@17.0.8/java.util.concurrent.ThreadPoolExecutor$Worker.run(ThreadPoolExecutor.java:635)
 java.base@17.0.8/java.lang.Thread.run(Thread.java:833)
07-May-2026 20:55:22.123 INFO [main] org.apache.coyote.AbstractProtocol.stop Stopping ProtocolHandler ["http-nio-8080"]
07-May-2026 20:55:22.144 INFO [main] org.apache.coyote.AbstractProtocol.destroy Destroying ProtocolHandler ["http-nio-8080"]
07-May-2026 20:55:22.172 INFO [mysql-cj-abandoned-connection-cleanup] org.apache.catalina.loader.WebappClassLoaderBase.checkStateForResourceLoading Illegal access: this web application instance has been stopped already. Could not load []. The following stack trace is thrown for debugging purposes as well as to attempt to terminate the thread which caused the illegal access.
	java.lang.IllegalStateException: Illegal access: this web application instance has been stopped already. Could not load []. The following stack trace is thrown for debugging purposes as well as to attempt to terminate the thread which caused the illegal access.
		at org.apache.catalina.loader.WebappClassLoaderBase.checkStateForResourceLoading(WebappClassLoaderBase.java:1244)
		at org.apache.catalina.loader.WebappClassLoaderBase.getResource(WebappClassLoaderBase.java:854)
		at com.mysql.cj.jdbc.AbandonedConnectionCleanupThread.checkThreadContextClassLoader(AbandonedConnectionCleanupThread.java:123)
		at com.mysql.cj.jdbc.AbandonedConnectionCleanupThread.run(AbandonedConnectionCleanupThread.java:90)
		at java.base/java.util.concurrent.ThreadPoolExecutor.runWorker(ThreadPoolExecutor.java:1136)
		at java.base/java.util.concurrent.ThreadPoolExecutor$Worker.run(ThreadPoolExecutor.java:635)
		at java.base/java.lang.Thread.run(Thread.java:833)
07-May-2026 20:55:27.138 INFO [main] org.apache.catalina.startup.VersionLoggerListener.log Server version name:   Apache Tomcat/11.0.21
07-May-2026 20:55:27.144 INFO [main] org.apache.catalina.startup.VersionLoggerListener.log Server built:          Mar 30 2026 14:59:44 UTC
07-May-2026 20:55:27.145 INFO [main] org.apache.catalina.startup.VersionLoggerListener.log Server version number: 11.0.21.0
07-May-2026 20:55:27.145 INFO [main] org.apache.catalina.startup.VersionLoggerListener.log OS Name:               Windows 10
07-May-2026 20:55:27.145 INFO [main] org.apache.catalina.startup.VersionLoggerListener.log OS Version:            10.0
07-May-2026 20:55:27.146 INFO [main] org.apache.catalina.startup.VersionLoggerListener.log Architecture:          amd64
07-May-2026 20:55:27.146 INFO [main] org.apache.catalina.startup.VersionLoggerListener.log Java Home:             C:\Program Files\Java\jdk-17.0.8
07-May-2026 20:55:27.146 INFO [main] org.apache.catalina.startup.VersionLoggerListener.log JVM Version:           17.0.8+9-LTS-211
07-May-2026 20:55:27.147 INFO [main] org.apache.catalina.startup.VersionLoggerListener.log JVM Vendor:            Oracle Corporation
07-May-2026 20:55:27.147 INFO [main] org.apache.catalina.startup.VersionLoggerListener.log CATALINA_BASE:         C:\e-commerce\.devtomcat\Tomcat_Server_e6f0999f
07-May-2026 20:55:27.147 INFO [main] org.apache.catalina.startup.VersionLoggerListener.log CATALINA_HOME:         E:\apache-tomcat-11.0.21
07-May-2026 20:55:27.150 INFO [main] org.apache.catalina.startup.VersionLoggerListener.log Command line argument: -Dcom.sun.management.jmxremote
07-May-2026 20:55:27.150 INFO [main] org.apache.catalina.startup.VersionLoggerListener.log Command line argument: -Dcom.sun.management.jmxremote.port=1099
07-May-2026 20:55:27.150 INFO [main] org.apache.catalina.startup.VersionLoggerListener.log Command line argument: -Dcom.sun.management.jmxremote.ssl=false
07-May-2026 20:55:27.151 INFO [main] org.apache.catalina.startup.VersionLoggerListener.log Command line argument: -Dcom.sun.management.jmxremote.authenticate=false
07-May-2026 20:55:27.151 INFO [main] org.apache.catalina.startup.VersionLoggerListener.log Command line argument: -Dcom.sun.management.jmxremote.local.only=false
07-May-2026 20:55:27.151 INFO [main] org.apache.catalina.startup.VersionLoggerListener.log Command line argument: --add-opens=java.base/java.lang=ALL-UNNAMED
07-May-2026 20:55:27.152 INFO [main] org.apache.catalina.startup.VersionLoggerListener.log Command line argument: --add-opens=java.base/java.io=ALL-UNNAMED
07-May-2026 20:55:27.152 INFO [main] org.apache.catalina.startup.VersionLoggerListener.log Command line argument: --add-opens=java.base/java.util=ALL-UNNAMED
07-May-2026 20:55:27.152 INFO [main] org.apache.catalina.startup.VersionLoggerListener.log Command line argument: --add-opens=java.base/java.util.concurrent=ALL-UNNAMED
07-May-2026 20:55:27.152 INFO [main] org.apache.catalina.startup.VersionLoggerListener.log Command line argument: --add-opens=java.rmi/sun.rmi.transport=ALL-UNNAMED
07-May-2026 20:55:27.152 INFO [main] org.apache.catalina.startup.VersionLoggerListener.log Command line argument: -Dcatalina.home=E:\apache-tomcat-11.0.21
07-May-2026 20:55:27.152 INFO [main] org.apache.catalina.startup.VersionLoggerListener.log Command line argument: -Dcatalina.base=C:\e-commerce\.devtomcat\Tomcat_Server_e6f0999f
07-May-2026 20:55:27.153 INFO [main] org.apache.catalina.startup.VersionLoggerListener.log Command line argument: -Djava.io.tmpdir=C:\e-commerce\.devtomcat\Tomcat_Server_e6f0999f\temp
07-May-2026 20:55:27.153 INFO [main] org.apache.catalina.startup.VersionLoggerListener.log Command line argument: -Djava.util.logging.config.file=C:\e-commerce\.devtomcat\Tomcat_Server_e6f0999f\conf\logging.properties
07-May-2026 20:55:27.153 INFO [main] org.apache.catalina.startup.VersionLoggerListener.log Command line argument: -Djava.util.logging.manager=org.apache.juli.ClassLoaderLogManager
07-May-2026 20:55:27.153 INFO [main] org.apache.catalina.startup.VersionLoggerListener.log Command line argument: -Dserver.port=8080
07-May-2026 20:55:27.153 INFO [main] org.apache.catalina.startup.VersionLoggerListener.log Command line argument: -Dserver.shutdown.port=8005
07-May-2026 20:55:27.153 INFO [main] org.apache.catalina.startup.VersionLoggerListener.log Command line argument: -javaagent:C:\Program Files\JetBrains\IntelliJ IDEA 2025.3.1.1\lib\idea_rt.jar=50992
07-May-2026 20:55:27.154 INFO [main] org.apache.catalina.startup.VersionLoggerListener.log Command line argument: -Dfile.encoding=UTF-8
07-May-2026 20:55:27.158 INFO [main] org.apache.catalina.core.AprLifecycleListener.lifecycleEvent Loaded Apache Tomcat Native library [2.0.14] using APR version [1.7.6].
07-May-2026 20:55:27.166 INFO [main] org.apache.catalina.core.AprLifecycleListener.initializeSSL OpenSSL successfully initialized [OpenSSL 3.5.5 27 Jan 2026]
07-May-2026 20:55:27.510 INFO [main] org.apache.coyote.AbstractProtocol.init Initializing ProtocolHandler ["http-nio-8080"]
07-May-2026 20:55:27.540 INFO [main] org.apache.catalina.startup.Catalina.load Server initialization in [722] milliseconds
07-May-2026 20:55:27.625 INFO [main] org.apache.catalina.core.StandardService.startInternal Starting service [Catalina]
07-May-2026 20:55:27.625 INFO [main] org.apache.catalina.core.StandardEngine.startInternal Starting Servlet engine: [Apache Tomcat/11.0.21]
07-May-2026 20:55:27.650 INFO [main] org.apache.catalina.startup.HostConfig.deployDescriptor Deploying deployment descriptor [C:\e-commerce\.devtomcat\Tomcat_Server_e6f0999f\conf\Catalina\localhost\e-commerce.xml]
07-May-2026 20:55:29.137 INFO [main] org.apache.jasper.servlet.TldScanner.scanJars At least one JAR was scanned for TLDs yet contained no TLDs. Enable debug logging for this logger for a complete list of JARs that were scanned but no TLDs were found in them. Skipping unneeded JARs during scanning can improve startup time and JSP compilation time.
07-May-2026 20:55:29.293 INFO [main] org.apache.catalina.startup.HostConfig.deployDescriptor Deployment of deployment descriptor [C:\e-commerce\.devtomcat\Tomcat_Server_e6f0999f\conf\Catalina\localhost\e-commerce.xml] has finished in [1,643] ms
07-May-2026 20:55:29.304 INFO [main] org.apache.coyote.AbstractProtocol.start Starting ProtocolHandler ["http-nio-8080"]
07-May-2026 20:55:29.334 INFO [main] org.apache.catalina.startup.Catalina.start Server startup in [1794] milliseconds
07-May-2026 20:55:55.921 INFO [main] org.apache.catalina.core.StandardServer.await A valid shutdown command was received via the shutdown port. Stopping the Server instance.
07-May-2026 20:55:55.921 INFO [main] org.apache.coyote.AbstractProtocol.pause Pausing ProtocolHandler ["http-nio-8080"]
07-May-2026 20:55:56.005 INFO [main] org.apache.catalina.core.StandardService.stopInternal Stopping service [Catalina]
07-May-2026 20:55:56.013 INFO [main] org.apache.coyote.AbstractProtocol.stop Stopping ProtocolHandler ["http-nio-8080"]
07-May-2026 20:55:56.017 INFO [main] org.apache.coyote.AbstractProtocol.destroy Destroying ProtocolHandler ["http-nio-8080"]
07-May-2026 20:56:01.599 INFO [main] org.apache.catalina.startup.VersionLoggerListener.log Server version name:   Apache Tomcat/11.0.21
07-May-2026 20:56:01.603 INFO [main] org.apache.catalina.startup.VersionLoggerListener.log Server built:          Mar 30 2026 14:59:44 UTC
07-May-2026 20:56:01.604 INFO [main] org.apache.catalina.startup.VersionLoggerListener.log Server version number: 11.0.21.0
07-May-2026 20:56:01.604 INFO [main] org.apache.catalina.startup.VersionLoggerListener.log OS Name:               Windows 10
07-May-2026 20:56:01.604 INFO [main] org.apache.catalina.startup.VersionLoggerListener.log OS Version:            10.0
07-May-2026 20:56:01.605 INFO [main] org.apache.catalina.startup.VersionLoggerListener.log Architecture:          amd64
07-May-2026 20:56:01.605 INFO [main] org.apache.catalina.startup.VersionLoggerListener.log Java Home:             C:\Program Files\Java\jdk-17.0.8
07-May-2026 20:56:01.605 INFO [main] org.apache.catalina.startup.VersionLoggerListener.log JVM Version:           17.0.8+9-LTS-211
07-May-2026 20:56:01.606 INFO [main] org.apache.catalina.startup.VersionLoggerListener.log JVM Vendor:            Oracle Corporation
07-May-2026 20:56:01.606 INFO [main] org.apache.catalina.startup.VersionLoggerListener.log CATALINA_BASE:         C:\e-commerce\.devtomcat\Tomcat_Server_e6f0999f
07-May-2026 20:56:01.607 INFO [main] org.apache.catalina.startup.VersionLoggerListener.log CATALINA_HOME:         E:\apache-tomcat-11.0.21
07-May-2026 20:56:01.609 INFO [main] org.apache.catalina.startup.VersionLoggerListener.log Command line argument: -Dcom.sun.management.jmxremote
07-May-2026 20:56:01.609 INFO [main] org.apache.catalina.startup.VersionLoggerListener.log Command line argument: -Dcom.sun.management.jmxremote.port=1099
07-May-2026 20:56:01.609 INFO [main] org.apache.catalina.startup.VersionLoggerListener.log Command line argument: -Dcom.sun.management.jmxremote.ssl=false
07-May-2026 20:56:01.610 INFO [main] org.apache.catalina.startup.VersionLoggerListener.log Command line argument: -Dcom.sun.management.jmxremote.authenticate=false
07-May-2026 20:56:01.610 INFO [main] org.apache.catalina.startup.VersionLoggerListener.log Command line argument: -Dcom.sun.management.jmxremote.local.only=false
07-May-2026 20:56:01.610 INFO [main] org.apache.catalina.startup.VersionLoggerListener.log Command line argument: --add-opens=java.base/java.lang=ALL-UNNAMED
07-May-2026 20:56:01.610 INFO [main] org.apache.catalina.startup.VersionLoggerListener.log Command line argument: --add-opens=java.base/java.io=ALL-UNNAMED
07-May-2026 20:56:01.611 INFO [main] org.apache.catalina.startup.VersionLoggerListener.log Command line argument: --add-opens=java.base/java.util=ALL-UNNAMED
07-May-2026 20:56:01.611 INFO [main] org.apache.catalina.startup.VersionLoggerListener.log Command line argument: --add-opens=java.base/java.util.concurrent=ALL-UNNAMED
07-May-2026 20:56:01.611 INFO [main] org.apache.catalina.startup.VersionLoggerListener.log Command line argument: --add-opens=java.rmi/sun.rmi.transport=ALL-UNNAMED
07-May-2026 20:56:01.611 INFO [main] org.apache.catalina.startup.VersionLoggerListener.log Command line argument: -Dcatalina.home=E:\apache-tomcat-11.0.21
07-May-2026 20:56:01.611 INFO [main] org.apache.catalina.startup.VersionLoggerListener.log Command line argument: -Dcatalina.base=C:\e-commerce\.devtomcat\Tomcat_Server_e6f0999f
07-May-2026 20:56:01.612 INFO [main] org.apache.catalina.startup.VersionLoggerListener.log Command line argument: -Djava.io.tmpdir=C:\e-commerce\.devtomcat\Tomcat_Server_e6f0999f\temp
07-May-2026 20:56:01.612 INFO [main] org.apache.catalina.startup.VersionLoggerListener.log Command line argument: -Djava.util.logging.config.file=C:\e-commerce\.devtomcat\Tomcat_Server_e6f0999f\conf\logging.properties
07-May-2026 20:56:01.612 INFO [main] org.apache.catalina.startup.VersionLoggerListener.log Command line argument: -Djava.util.logging.manager=org.apache.juli.ClassLoaderLogManager
07-May-2026 20:56:01.612 INFO [main] org.apache.catalina.startup.VersionLoggerListener.log Command line argument: -Dserver.port=8080
07-May-2026 20:56:01.613 INFO [main] org.apache.catalina.startup.VersionLoggerListener.log Command line argument: -Dserver.shutdown.port=8005
07-May-2026 20:56:01.613 INFO [main] org.apache.catalina.startup.VersionLoggerListener.log Command line argument: -javaagent:C:\Program Files\JetBrains\IntelliJ IDEA 2025.3.1.1\lib\idea_rt.jar=51847
07-May-2026 20:56:01.613 INFO [main] org.apache.catalina.startup.VersionLoggerListener.log Command line argument: -Dfile.encoding=UTF-8
07-May-2026 20:56:01.617 INFO [main] org.apache.catalina.core.AprLifecycleListener.lifecycleEvent Loaded Apache Tomcat Native library [2.0.14] using APR version [1.7.6].
07-May-2026 20:56:01.629 INFO [main] org.apache.catalina.core.AprLifecycleListener.initializeSSL OpenSSL successfully initialized [OpenSSL 3.5.5 27 Jan 2026]
07-May-2026 20:56:02.067 INFO [main] org.apache.coyote.AbstractProtocol.init Initializing ProtocolHandler ["http-nio-8080"]
07-May-2026 20:56:02.107 INFO [main] org.apache.catalina.startup.Catalina.load Server initialization in [1122] milliseconds
07-May-2026 20:56:02.201 INFO [main] org.apache.catalina.core.StandardService.startInternal Starting service [Catalina]
07-May-2026 20:56:02.201 INFO [main] org.apache.catalina.core.StandardEngine.startInternal Starting Servlet engine: [Apache Tomcat/11.0.21]
07-May-2026 20:56:02.221 INFO [main] org.apache.catalina.startup.HostConfig.deployDescriptor Deploying deployment descriptor [C:\e-commerce\.devtomcat\Tomcat_Server_e6f0999f\conf\Catalina\localhost\e-commerce.xml]
07-May-2026 20:56:03.866 INFO [main] org.apache.jasper.servlet.TldScanner.scanJars At least one JAR was scanned for TLDs yet contained no TLDs. Enable debug logging for this logger for a complete list of JARs that were scanned but no TLDs were found in them. Skipping unneeded JARs during scanning can improve startup time and JSP compilation time.
07-May-2026 20:56:04.013 WARNING [main] org.apache.catalina.util.SessionIdGeneratorBase.createSecureRandom Creation of SecureRandom instance for session ID generation using [SHA1PRNG] took [108] milliseconds.
07-May-2026 20:56:04.050 INFO [main] org.apache.catalina.startup.HostConfig.deployDescriptor Deployment of deployment descriptor [C:\e-commerce\.devtomcat\Tomcat_Server_e6f0999f\conf\Catalina\localhost\e-commerce.xml] has finished in [1,828] ms
07-May-2026 20:56:04.064 INFO [main] org.apache.coyote.AbstractProtocol.start Starting ProtocolHandler ["http-nio-8080"]
07-May-2026 20:56:04.099 INFO [main] org.apache.catalina.startup.Catalina.start Server startup in [1991] milliseconds
07-May-2026 20:56:23.241 INFO [main] org.apache.catalina.core.StandardServer.await A valid shutdown command was received via the shutdown port. Stopping the Server instance.
07-May-2026 20:56:23.243 INFO [main] org.apache.coyote.AbstractProtocol.pause Pausing ProtocolHandler ["http-nio-8080"]
07-May-2026 20:56:23.324 INFO [main] org.apache.catalina.core.StandardService.stopInternal Stopping service [Catalina]
07-May-2026 20:56:23.332 INFO [main] org.apache.coyote.AbstractProtocol.stop Stopping ProtocolHandler ["http-nio-8080"]
07-May-2026 20:56:23.336 INFO [main] org.apache.coyote.AbstractProtocol.destroy Destroying ProtocolHandler ["http-nio-8080"]
07-May-2026 20:56:27.787 INFO [main] org.apache.catalina.startup.VersionLoggerListener.log Server version name:   Apache Tomcat/11.0.21
07-May-2026 20:56:27.792 INFO [main] org.apache.catalina.startup.VersionLoggerListener.log Server built:          Mar 30 2026 14:59:44 UTC
07-May-2026 20:56:27.792 INFO [main] org.apache.catalina.startup.VersionLoggerListener.log Server version number: 11.0.21.0
07-May-2026 20:56:27.793 INFO [main] org.apache.catalina.startup.VersionLoggerListener.log OS Name:               Windows 10
07-May-2026 20:56:27.793 INFO [main] org.apache.catalina.startup.VersionLoggerListener.log OS Version:            10.0
07-May-2026 20:56:27.793 INFO [main] org.apache.catalina.startup.VersionLoggerListener.log Architecture:          amd64
07-May-2026 20:56:27.793 INFO [main] org.apache.catalina.startup.VersionLoggerListener.log Java Home:             C:\Program Files\Java\jdk-17.0.8
07-May-2026 20:56:27.794 INFO [main] org.apache.catalina.startup.VersionLoggerListener.log JVM Version:           17.0.8+9-LTS-211
07-May-2026 20:56:27.794 INFO [main] org.apache.catalina.startup.VersionLoggerListener.log JVM Vendor:            Oracle Corporation
07-May-2026 20:56:27.794 INFO [main] org.apache.catalina.startup.VersionLoggerListener.log CATALINA_BASE:         C:\e-commerce\.devtomcat\Tomcat_Server_e6f0999f
07-May-2026 20:56:27.794 INFO [main] org.apache.catalina.startup.VersionLoggerListener.log CATALINA_HOME:         E:\apache-tomcat-11.0.21
07-May-2026 20:56:27.797 INFO [main] org.apache.catalina.startup.VersionLoggerListener.log Command line argument: -Dcom.sun.management.jmxremote
07-May-2026 20:56:27.797 INFO [main] org.apache.catalina.startup.VersionLoggerListener.log Command line argument: -Dcom.sun.management.jmxremote.port=1099
07-May-2026 20:56:27.797 INFO [main] org.apache.catalina.startup.VersionLoggerListener.log Command line argument: -Dcom.sun.management.jmxremote.ssl=false
07-May-2026 20:56:27.797 INFO [main] org.apache.catalina.startup.VersionLoggerListener.log Command line argument: -Dcom.sun.management.jmxremote.authenticate=false
07-May-2026 20:56:27.797 INFO [main] org.apache.catalina.startup.VersionLoggerListener.log Command line argument: -Dcom.sun.management.jmxremote.local.only=false
07-May-2026 20:56:27.797 INFO [main] org.apache.catalina.startup.VersionLoggerListener.log Command line argument: --add-opens=java.base/java.lang=ALL-UNNAMED
07-May-2026 20:56:27.798 INFO [main] org.apache.catalina.startup.VersionLoggerListener.log Command line argument: --add-opens=java.base/java.io=ALL-UNNAMED
07-May-2026 20:56:27.798 INFO [main] org.apache.catalina.startup.VersionLoggerListener.log Command line argument: --add-opens=java.base/java.util=ALL-UNNAMED
07-May-2026 20:56:27.798 INFO [main] org.apache.catalina.startup.VersionLoggerListener.log Command line argument: --add-opens=java.base/java.util.concurrent=ALL-UNNAMED
07-May-2026 20:56:27.798 INFO [main] org.apache.catalina.startup.VersionLoggerListener.log Command line argument: --add-opens=java.rmi/sun.rmi.transport=ALL-UNNAMED
07-May-2026 20:56:27.799 INFO [main] org.apache.catalina.startup.VersionLoggerListener.log Command line argument: -Dcatalina.home=E:\apache-tomcat-11.0.21
07-May-2026 20:56:27.799 INFO [main] org.apache.catalina.startup.VersionLoggerListener.log Command line argument: -Dcatalina.base=C:\e-commerce\.devtomcat\Tomcat_Server_e6f0999f
07-May-2026 20:56:27.799 INFO [main] org.apache.catalina.startup.VersionLoggerListener.log Command line argument: -Djava.io.tmpdir=C:\e-commerce\.devtomcat\Tomcat_Server_e6f0999f\temp
07-May-2026 20:56:27.799 INFO [main] org.apache.catalina.startup.VersionLoggerListener.log Command line argument: -Djava.util.logging.config.file=C:\e-commerce\.devtomcat\Tomcat_Server_e6f0999f\conf\logging.properties
07-May-2026 20:56:27.800 INFO [main] org.apache.catalina.startup.VersionLoggerListener.log Command line argument: -Djava.util.logging.manager=org.apache.juli.ClassLoaderLogManager
07-May-2026 20:56:27.800 INFO [main] org.apache.catalina.startup.VersionLoggerListener.log Command line argument: -Dserver.port=8080
07-May-2026 20:56:27.801 INFO [main] org.apache.catalina.startup.VersionLoggerListener.log Command line argument: -Dserver.shutdown.port=8005
07-May-2026 20:56:27.801 INFO [main] org.apache.catalina.startup.VersionLoggerListener.log Command line argument: -Dfile.encoding=UTF-8
07-May-2026 20:56:27.804 INFO [main] org.apache.catalina.core.AprLifecycleListener.lifecycleEvent Loaded Apache Tomcat Native library [2.0.14] using APR version [1.7.6].
07-May-2026 20:56:27.812 INFO [main] org.apache.catalina.core.AprLifecycleListener.initializeSSL OpenSSL successfully initialized [OpenSSL 3.5.5 27 Jan 2026]
07-May-2026 20:56:28.148 INFO [main] org.apache.coyote.AbstractProtocol.init Initializing ProtocolHandler ["http-nio-8080"]
07-May-2026 20:56:28.178 INFO [main] org.apache.catalina.startup.Catalina.load Server initialization in [937] milliseconds
07-May-2026 20:56:28.300 INFO [main] org.apache.catalina.core.StandardService.startInternal Starting service [Catalina]
07-May-2026 20:56:28.300 INFO [main] org.apache.catalina.core.StandardEngine.startInternal Starting Servlet engine: [Apache Tomcat/11.0.21]
07-May-2026 20:56:28.331 INFO [main] org.apache.catalina.startup.HostConfig.deployDescriptor Deploying deployment descriptor [C:\e-commerce\.devtomcat\Tomcat_Server_e6f0999f\conf\Catalina\localhost\e-commerce.xml]
07-May-2026 20:56:30.006 INFO [main] org.apache.jasper.servlet.TldScanner.scanJars At least one JAR was scanned for TLDs yet contained no TLDs. Enable debug logging for this logger for a complete list of JARs that were scanned but no TLDs were found in them. Skipping unneeded JARs during scanning can improve startup time and JSP compilation time.
07-May-2026 20:56:30.183 INFO [main] org.apache.catalina.startup.HostConfig.deployDescriptor Deployment of deployment descriptor [C:\e-commerce\.devtomcat\Tomcat_Server_e6f0999f\conf\Catalina\localhost\e-commerce.xml] has finished in [1,851] ms
07-May-2026 20:56:30.191 INFO [main] org.apache.coyote.AbstractProtocol.start Starting ProtocolHandler ["http-nio-8080"]
07-May-2026 20:56:30.231 INFO [main] org.apache.catalina.startup.Catalina.start Server startup in [2052] milliseconds
07-May-2026 20:56:31.802 INFO [main] org.apache.catalina.core.StandardServer.await A valid shutdown command was received via the shutdown port. Stopping the Server instance.
07-May-2026 20:56:31.803 INFO [main] org.apache.coyote.AbstractProtocol.pause Pausing ProtocolHandler ["http-nio-8080"]
07-May-2026 20:56:31.930 INFO [main] org.apache.catalina.core.StandardService.stopInternal Stopping service [Catalina]
07-May-2026 20:56:31.933 INFO [main] org.apache.catalina.core.StandardWrapper.unload Waiting for [1] instance(s) to be deallocated for Servlet [jsp]
07-May-2026 20:56:32.789 INFO [main] org.apache.coyote.AbstractProtocol.stop Stopping ProtocolHandler ["http-nio-8080"]
07-May-2026 20:56:32.808 INFO [main] org.apache.coyote.AbstractProtocol.destroy Destroying ProtocolHandler ["http-nio-8080"]
07-May-2026 20:56:37.239 INFO [main] org.apache.catalina.startup.VersionLoggerListener.log Server version name:   Apache Tomcat/11.0.21
07-May-2026 20:56:37.242 INFO [main] org.apache.catalina.startup.VersionLoggerListener.log Server built:          Mar 30 2026 14:59:44 UTC
07-May-2026 20:56:37.242 INFO [main] org.apache.catalina.startup.VersionLoggerListener.log Server version number: 11.0.21.0
07-May-2026 20:56:37.242 INFO [main] org.apache.catalina.startup.VersionLoggerListener.log OS Name:               Windows 10
07-May-2026 20:56:37.242 INFO [main] org.apache.catalina.startup.VersionLoggerListener.log OS Version:            10.0
07-May-2026 20:56:37.242 INFO [main] org.apache.catalina.startup.VersionLoggerListener.log Architecture:          amd64
07-May-2026 20:56:37.244 INFO [main] org.apache.catalina.startup.VersionLoggerListener.log Java Home:             C:\Program Files\Java\jdk-17.0.8
07-May-2026 20:56:37.244 INFO [main] org.apache.catalina.startup.VersionLoggerListener.log JVM Version:           17.0.8+9-LTS-211
07-May-2026 20:56:37.244 INFO [main] org.apache.catalina.startup.VersionLoggerListener.log JVM Vendor:            Oracle Corporation
07-May-2026 20:56:37.244 INFO [main] org.apache.catalina.startup.VersionLoggerListener.log CATALINA_BASE:         C:\e-commerce\.devtomcat\Tomcat_Server_e6f0999f
07-May-2026 20:56:37.245 INFO [main] org.apache.catalina.startup.VersionLoggerListener.log CATALINA_HOME:         E:\apache-tomcat-11.0.21
07-May-2026 20:56:37.247 INFO [main] org.apache.catalina.startup.VersionLoggerListener.log Command line argument: -Dcom.sun.management.jmxremote
07-May-2026 20:56:37.248 INFO [main] org.apache.catalina.startup.VersionLoggerListener.log Command line argument: -Dcom.sun.management.jmxremote.port=1099
07-May-2026 20:56:37.248 INFO [main] org.apache.catalina.startup.VersionLoggerListener.log Command line argument: -Dcom.sun.management.jmxremote.ssl=false
07-May-2026 20:56:37.248 INFO [main] org.apache.catalina.startup.VersionLoggerListener.log Command line argument: -Dcom.sun.management.jmxremote.authenticate=false
07-May-2026 20:56:37.248 INFO [main] org.apache.catalina.startup.VersionLoggerListener.log Command line argument: -Dcom.sun.management.jmxremote.local.only=false
07-May-2026 20:56:37.248 INFO [main] org.apache.catalina.startup.VersionLoggerListener.log Command line argument: --add-opens=java.base/java.lang=ALL-UNNAMED
07-May-2026 20:56:37.249 INFO [main] org.apache.catalina.startup.VersionLoggerListener.log Command line argument: --add-opens=java.base/java.io=ALL-UNNAMED
07-May-2026 20:56:37.249 INFO [main] org.apache.catalina.startup.VersionLoggerListener.log Command line argument: --add-opens=java.base/java.util=ALL-UNNAMED
07-May-2026 20:56:37.249 INFO [main] org.apache.catalina.startup.VersionLoggerListener.log Command line argument: --add-opens=java.base/java.util.concurrent=ALL-UNNAMED
07-May-2026 20:56:37.250 INFO [main] org.apache.catalina.startup.VersionLoggerListener.log Command line argument: --add-opens=java.rmi/sun.rmi.transport=ALL-UNNAMED
07-May-2026 20:56:37.250 INFO [main] org.apache.catalina.startup.VersionLoggerListener.log Command line argument: -Dcatalina.home=E:\apache-tomcat-11.0.21
07-May-2026 20:56:37.251 INFO [main] org.apache.catalina.startup.VersionLoggerListener.log Command line argument: -Dcatalina.base=C:\e-commerce\.devtomcat\Tomcat_Server_e6f0999f
07-May-2026 20:56:37.251 INFO [main] org.apache.catalina.startup.VersionLoggerListener.log Command line argument: -Djava.io.tmpdir=C:\e-commerce\.devtomcat\Tomcat_Server_e6f0999f\temp
07-May-2026 20:56:37.251 INFO [main] org.apache.catalina.startup.VersionLoggerListener.log Command line argument: -Djava.util.logging.config.file=C:\e-commerce\.devtomcat\Tomcat_Server_e6f0999f\conf\logging.properties
07-May-2026 20:56:37.252 INFO [main] org.apache.catalina.startup.VersionLoggerListener.log Command line argument: -Djava.util.logging.manager=org.apache.juli.ClassLoaderLogManager
07-May-2026 20:56:37.252 INFO [main] org.apache.catalina.startup.VersionLoggerListener.log Command line argument: -Dserver.port=8080
07-May-2026 20:56:37.252 INFO [main] org.apache.catalina.startup.VersionLoggerListener.log Command line argument: -Dserver.shutdown.port=8005
07-May-2026 20:56:37.252 INFO [main] org.apache.catalina.startup.VersionLoggerListener.log Command line argument: -javaagent:C:\Program Files\JetBrains\IntelliJ IDEA 2025.3.1.1\lib\idea_rt.jar=59148
07-May-2026 20:56:37.252 INFO [main] org.apache.catalina.startup.VersionLoggerListener.log Command line argument: -Dfile.encoding=UTF-8
07-May-2026 20:56:37.257 INFO [main] org.apache.catalina.core.AprLifecycleListener.lifecycleEvent Loaded Apache Tomcat Native library [2.0.14] using APR version [1.7.6].
07-May-2026 20:56:37.264 INFO [main] org.apache.catalina.core.AprLifecycleListener.initializeSSL OpenSSL successfully initialized [OpenSSL 3.5.5 27 Jan 2026]
07-May-2026 20:56:37.534 INFO [main] org.apache.coyote.AbstractProtocol.init Initializing ProtocolHandler ["http-nio-8080"]
07-May-2026 20:56:37.564 INFO [main] org.apache.catalina.startup.Catalina.load Server initialization in [618] milliseconds
07-May-2026 20:56:37.648 INFO [main] org.apache.catalina.core.StandardService.startInternal Starting service [Catalina]
07-May-2026 20:56:37.648 INFO [main] org.apache.catalina.core.StandardEngine.startInternal Starting Servlet engine: [Apache Tomcat/11.0.21]
07-May-2026 20:56:37.671 INFO [main] org.apache.catalina.startup.HostConfig.deployDescriptor Deploying deployment descriptor [C:\e-commerce\.devtomcat\Tomcat_Server_e6f0999f\conf\Catalina\localhost\e-commerce.xml]
07-May-2026 20:56:39.677 INFO [main] org.apache.jasper.servlet.TldScanner.scanJars At least one JAR was scanned for TLDs yet contained no TLDs. Enable debug logging for this logger for a complete list of JARs that were scanned but no TLDs were found in them. Skipping unneeded JARs during scanning can improve startup time and JSP compilation time.
07-May-2026 20:56:40.091 WARNING [main] org.apache.catalina.util.SessionIdGeneratorBase.createSecureRandom Creation of SecureRandom instance for session ID generation using [SHA1PRNG] took [349] milliseconds.
07-May-2026 20:56:40.135 INFO [main] org.apache.catalina.startup.HostConfig.deployDescriptor Deployment of deployment descriptor [C:\e-commerce\.devtomcat\Tomcat_Server_e6f0999f\conf\Catalina\localhost\e-commerce.xml] has finished in [2,465] ms
07-May-2026 20:56:40.155 INFO [main] org.apache.coyote.AbstractProtocol.start Starting ProtocolHandler ["http-nio-8080"]
07-May-2026 20:56:40.234 INFO [main] org.apache.catalina.startup.Catalina.start Server startup in [2670] milliseconds
07-May-2026 21:04:38.938 INFO [main] org.apache.catalina.core.StandardServer.await A valid shutdown command was received via the shutdown port. Stopping the Server instance.
07-May-2026 21:04:38.940 INFO [main] org.apache.coyote.AbstractProtocol.pause Pausing ProtocolHandler ["http-nio-8080"]
07-May-2026 21:04:39.017 INFO [main] org.apache.catalina.core.StandardService.stopInternal Stopping service [Catalina]
07-May-2026 21:04:39.025 WARNING [main] org.apache.catalina.loader.WebappClassLoaderBase.clearReferencesJdbc The web application [e-commerce] registered the JDBC driver [com.mysql.cj.jdbc.Driver] but failed to unregister it when the web application was stopped. To prevent a memory leak, the JDBC Driver has been forcibly unregistered.
07-May-2026 21:04:39.025 WARNING [main] org.apache.catalina.loader.WebappClassLoaderBase.clearReferencesThreads The web application [e-commerce] appears to have started a thread named [mysql-cj-abandoned-connection-cleanup] but has failed to stop it. This is very likely to create a memory leak. Stack trace of thread:
 java.base@17.0.8/java.lang.Object.wait(Native Method)
 java.base@17.0.8/java.lang.ref.ReferenceQueue.remove(ReferenceQueue.java:155)
 com.mysql.cj.jdbc.AbandonedConnectionCleanupThread.run(AbandonedConnectionCleanupThread.java:91)
 java.base@17.0.8/java.util.concurrent.ThreadPoolExecutor.runWorker(ThreadPoolExecutor.java:1136)
 java.base@17.0.8/java.util.concurrent.ThreadPoolExecutor$Worker.run(ThreadPoolExecutor.java:635)
 java.base@17.0.8/java.lang.Thread.run(Thread.java:833)
07-May-2026 21:04:39.032 INFO [main] org.apache.coyote.AbstractProtocol.stop Stopping ProtocolHandler ["http-nio-8080"]
07-May-2026 21:04:39.055 INFO [main] org.apache.coyote.AbstractProtocol.destroy Destroying ProtocolHandler ["http-nio-8080"]
07-May-2026 21:04:39.117 INFO [mysql-cj-abandoned-connection-cleanup] org.apache.catalina.loader.WebappClassLoaderBase.checkStateForResourceLoading Illegal access: this web application instance has been stopped already. Could not load []. The following stack trace is thrown for debugging purposes as well as to attempt to terminate the thread which caused the illegal access.
	java.lang.IllegalStateException: Illegal access: this web application instance has been stopped already. Could not load []. The following stack trace is thrown for debugging purposes as well as to attempt to terminate the thread which caused the illegal access.
		at org.apache.catalina.loader.WebappClassLoaderBase.checkStateForResourceLoading(WebappClassLoaderBase.java:1244)
		at org.apache.catalina.loader.WebappClassLoaderBase.getResource(WebappClassLoaderBase.java:854)
		at com.mysql.cj.jdbc.AbandonedConnectionCleanupThread.checkThreadContextClassLoader(AbandonedConnectionCleanupThread.java:123)
		at com.mysql.cj.jdbc.AbandonedConnectionCleanupThread.run(AbandonedConnectionCleanupThread.java:90)
		at java.base/java.util.concurrent.ThreadPoolExecutor.runWorker(ThreadPoolExecutor.java:1136)
		at java.base/java.util.concurrent.ThreadPoolExecutor$Worker.run(ThreadPoolExecutor.java:635)
		at java.base/java.lang.Thread.run(Thread.java:833)
07-May-2026 22:16:54.638 INFO [main] org.apache.catalina.startup.VersionLoggerListener.log Server version name:   Apache Tomcat/11.0.21
07-May-2026 22:16:54.642 INFO [main] org.apache.catalina.startup.VersionLoggerListener.log Server built:          Mar 30 2026 14:59:44 UTC
07-May-2026 22:16:54.642 INFO [main] org.apache.catalina.startup.VersionLoggerListener.log Server version number: 11.0.21.0
07-May-2026 22:16:54.642 INFO [main] org.apache.catalina.startup.VersionLoggerListener.log OS Name:               Windows 10
07-May-2026 22:16:54.642 INFO [main] org.apache.catalina.startup.VersionLoggerListener.log OS Version:            10.0
07-May-2026 22:16:54.643 INFO [main] org.apache.catalina.startup.VersionLoggerListener.log Architecture:          amd64
07-May-2026 22:16:54.643 INFO [main] org.apache.catalina.startup.VersionLoggerListener.log Java Home:             C:\Program Files\Java\jdk-17.0.8
07-May-2026 22:16:54.643 INFO [main] org.apache.catalina.startup.VersionLoggerListener.log JVM Version:           17.0.8+9-LTS-211
07-May-2026 22:16:54.643 INFO [main] org.apache.catalina.startup.VersionLoggerListener.log JVM Vendor:            Oracle Corporation
07-May-2026 22:16:54.643 INFO [main] org.apache.catalina.startup.VersionLoggerListener.log CATALINA_BASE:         C:\e-commerce\.devtomcat\Tomcat_Server_e6f0999f
07-May-2026 22:16:54.644 INFO [main] org.apache.catalina.startup.VersionLoggerListener.log CATALINA_HOME:         E:\apache-tomcat-11.0.21
07-May-2026 22:16:54.646 INFO [main] org.apache.catalina.startup.VersionLoggerListener.log Command line argument: -Dcom.sun.management.jmxremote
07-May-2026 22:16:54.646 INFO [main] org.apache.catalina.startup.VersionLoggerListener.log Command line argument: -Dcom.sun.management.jmxremote.port=1099
07-May-2026 22:16:54.646 INFO [main] org.apache.catalina.startup.VersionLoggerListener.log Command line argument: -Dcom.sun.management.jmxremote.ssl=false
07-May-2026 22:16:54.646 INFO [main] org.apache.catalina.startup.VersionLoggerListener.log Command line argument: -Dcom.sun.management.jmxremote.authenticate=false
07-May-2026 22:16:54.647 INFO [main] org.apache.catalina.startup.VersionLoggerListener.log Command line argument: -Dcom.sun.management.jmxremote.local.only=false
07-May-2026 22:16:54.647 INFO [main] org.apache.catalina.startup.VersionLoggerListener.log Command line argument: --add-opens=java.base/java.lang=ALL-UNNAMED
07-May-2026 22:16:54.647 INFO [main] org.apache.catalina.startup.VersionLoggerListener.log Command line argument: --add-opens=java.base/java.io=ALL-UNNAMED
07-May-2026 22:16:54.647 INFO [main] org.apache.catalina.startup.VersionLoggerListener.log Command line argument: --add-opens=java.base/java.util=ALL-UNNAMED
07-May-2026 22:16:54.648 INFO [main] org.apache.catalina.startup.VersionLoggerListener.log Command line argument: --add-opens=java.base/java.util.concurrent=ALL-UNNAMED
07-May-2026 22:16:54.648 INFO [main] org.apache.catalina.startup.VersionLoggerListener.log Command line argument: --add-opens=java.rmi/sun.rmi.transport=ALL-UNNAMED
07-May-2026 22:16:54.648 INFO [main] org.apache.catalina.startup.VersionLoggerListener.log Command line argument: -Dcatalina.home=E:\apache-tomcat-11.0.21
07-May-2026 22:16:54.648 INFO [main] org.apache.catalina.startup.VersionLoggerListener.log Command line argument: -Dcatalina.base=C:\e-commerce\.devtomcat\Tomcat_Server_e6f0999f
07-May-2026 22:16:54.648 INFO [main] org.apache.catalina.startup.VersionLoggerListener.log Command line argument: -Djava.io.tmpdir=C:\e-commerce\.devtomcat\Tomcat_Server_e6f0999f\temp
07-May-2026 22:16:54.648 INFO [main] org.apache.catalina.startup.VersionLoggerListener.log Command line argument: -Djava.util.logging.config.file=C:\e-commerce\.devtomcat\Tomcat_Server_e6f0999f\conf\logging.properties
07-May-2026 22:16:54.649 INFO [main] org.apache.catalina.startup.VersionLoggerListener.log Command line argument: -Djava.util.logging.manager=org.apache.juli.ClassLoaderLogManager
07-May-2026 22:16:54.649 INFO [main] org.apache.catalina.startup.VersionLoggerListener.log Command line argument: -Dserver.port=8080
07-May-2026 22:16:54.649 INFO [main] org.apache.catalina.startup.VersionLoggerListener.log Command line argument: -Dserver.shutdown.port=8005
07-May-2026 22:16:54.649 INFO [main] org.apache.catalina.startup.VersionLoggerListener.log Command line argument: -javaagent:C:\Program Files\JetBrains\IntelliJ IDEA 2025.3.1.1\lib\idea_rt.jar=60843
07-May-2026 22:16:54.649 INFO [main] org.apache.catalina.startup.VersionLoggerListener.log Command line argument: -Dfile.encoding=UTF-8
07-May-2026 22:16:54.653 INFO [main] org.apache.catalina.core.AprLifecycleListener.lifecycleEvent Loaded Apache Tomcat Native library [2.0.14] using APR version [1.7.6].
07-May-2026 22:16:54.660 INFO [main] org.apache.catalina.core.AprLifecycleListener.initializeSSL OpenSSL successfully initialized [OpenSSL 3.5.5 27 Jan 2026]
07-May-2026 22:16:54.947 INFO [main] org.apache.coyote.AbstractProtocol.init Initializing ProtocolHandler ["http-nio-8080"]
07-May-2026 22:16:54.974 INFO [main] org.apache.catalina.startup.Catalina.load Server initialization in [724] milliseconds
07-May-2026 22:16:55.039 INFO [main] org.apache.catalina.core.StandardService.startInternal Starting service [Catalina]
07-May-2026 22:16:55.040 INFO [main] org.apache.catalina.core.StandardEngine.startInternal Starting Servlet engine: [Apache Tomcat/11.0.21]
07-May-2026 22:16:55.056 INFO [main] org.apache.catalina.startup.HostConfig.deployDescriptor Deploying deployment descriptor [C:\e-commerce\.devtomcat\Tomcat_Server_e6f0999f\conf\Catalina\localhost\e-commerce.xml]
07-May-2026 22:16:56.355 INFO [main] org.apache.jasper.servlet.TldScanner.scanJars At least one JAR was scanned for TLDs yet contained no TLDs. Enable debug logging for this logger for a complete list of JARs that were scanned but no TLDs were found in them. Skipping unneeded JARs during scanning can improve startup time and JSP compilation time.
07-May-2026 22:16:56.490 INFO [main] org.apache.catalina.startup.HostConfig.deployDescriptor Deployment of deployment descriptor [C:\e-commerce\.devtomcat\Tomcat_Server_e6f0999f\conf\Catalina\localhost\e-commerce.xml] has finished in [1,434] ms
07-May-2026 22:16:56.497 INFO [main] org.apache.coyote.AbstractProtocol.start Starting ProtocolHandler ["http-nio-8080"]
07-May-2026 22:16:56.523 INFO [main] org.apache.catalina.startup.Catalina.start Server startup in [1548] milliseconds
07-May-2026 22:30:59.446 INFO [main] org.apache.catalina.core.StandardServer.await A valid shutdown command was received via the shutdown port. Stopping the Server instance.
07-May-2026 22:30:59.447 INFO [main] org.apache.coyote.AbstractProtocol.pause Pausing ProtocolHandler ["http-nio-8080"]
07-May-2026 22:30:59.567 INFO [main] org.apache.catalina.core.StandardService.stopInternal Stopping service [Catalina]
07-May-2026 22:30:59.580 WARNING [main] org.apache.catalina.loader.WebappClassLoaderBase.clearReferencesJdbc The web application [e-commerce] registered the JDBC driver [com.mysql.cj.jdbc.Driver] but failed to unregister it when the web application was stopped. To prevent a memory leak, the JDBC Driver has been forcibly unregistered.
07-May-2026 22:30:59.582 WARNING [main] org.apache.catalina.loader.WebappClassLoaderBase.clearReferencesThreads The web application [e-commerce] appears to have started a thread named [mysql-cj-abandoned-connection-cleanup] but has failed to stop it. This is very likely to create a memory leak. Stack trace of thread:
 java.base@17.0.8/java.lang.Object.wait(Native Method)
 java.base@17.0.8/java.lang.ref.ReferenceQueue.remove(ReferenceQueue.java:155)
 com.mysql.cj.jdbc.AbandonedConnectionCleanupThread.run(AbandonedConnectionCleanupThread.java:91)
 java.base@17.0.8/java.util.concurrent.ThreadPoolExecutor.runWorker(ThreadPoolExecutor.java:1136)
 java.base@17.0.8/java.util.concurrent.ThreadPoolExecutor$Worker.run(ThreadPoolExecutor.java:635)
 java.base@17.0.8/java.lang.Thread.run(Thread.java:833)
07-May-2026 22:30:59.606 INFO [main] org.apache.coyote.AbstractProtocol.stop Stopping ProtocolHandler ["http-nio-8080"]
07-May-2026 22:30:59.620 INFO [main] org.apache.coyote.AbstractProtocol.destroy Destroying ProtocolHandler ["http-nio-8080"]
07-May-2026 22:30:59.660 INFO [mysql-cj-abandoned-connection-cleanup] org.apache.catalina.loader.WebappClassLoaderBase.checkStateForResourceLoading Illegal access: this web application instance has been stopped already. Could not load []. The following stack trace is thrown for debugging purposes as well as to attempt to terminate the thread which caused the illegal access.
	java.lang.IllegalStateException: Illegal access: this web application instance has been stopped already. Could not load []. The following stack trace is thrown for debugging purposes as well as to attempt to terminate the thread which caused the illegal access.
		at org.apache.catalina.loader.WebappClassLoaderBase.checkStateForResourceLoading(WebappClassLoaderBase.java:1244)
		at org.apache.catalina.loader.WebappClassLoaderBase.getResource(WebappClassLoaderBase.java:854)
		at com.mysql.cj.jdbc.AbandonedConnectionCleanupThread.checkThreadContextClassLoader(AbandonedConnectionCleanupThread.java:123)
		at com.mysql.cj.jdbc.AbandonedConnectionCleanupThread.run(AbandonedConnectionCleanupThread.java:90)
		at java.base/java.util.concurrent.ThreadPoolExecutor.runWorker(ThreadPoolExecutor.java:1136)
		at java.base/java.util.concurrent.ThreadPoolExecutor$Worker.run(ThreadPoolExecutor.java:635)
		at java.base/java.lang.Thread.run(Thread.java:833)
07-May-2026 22:31:10.342 INFO [main] org.apache.catalina.startup.VersionLoggerListener.log Server version name:   Apache Tomcat/11.0.21
07-May-2026 22:31:10.345 INFO [main] org.apache.catalina.startup.VersionLoggerListener.log Server built:          Mar 30 2026 14:59:44 UTC
07-May-2026 22:31:10.346 INFO [main] org.apache.catalina.startup.VersionLoggerListener.log Server version number: 11.0.21.0
07-May-2026 22:31:10.346 INFO [main] org.apache.catalina.startup.VersionLoggerListener.log OS Name:               Windows 10
07-May-2026 22:31:10.346 INFO [main] org.apache.catalina.startup.VersionLoggerListener.log OS Version:            10.0
07-May-2026 22:31:10.346 INFO [main] org.apache.catalina.startup.VersionLoggerListener.log Architecture:          amd64
07-May-2026 22:31:10.346 INFO [main] org.apache.catalina.startup.VersionLoggerListener.log Java Home:             C:\Program Files\Java\jdk-17.0.8
07-May-2026 22:31:10.347 INFO [main] org.apache.catalina.startup.VersionLoggerListener.log JVM Version:           17.0.8+9-LTS-211
07-May-2026 22:31:10.347 INFO [main] org.apache.catalina.startup.VersionLoggerListener.log JVM Vendor:            Oracle Corporation
07-May-2026 22:31:10.348 INFO [main] org.apache.catalina.startup.VersionLoggerListener.log CATALINA_BASE:         C:\e-commerce\.devtomcat\Tomcat_Server_e6f0999f
07-May-2026 22:31:10.348 INFO [main] org.apache.catalina.startup.VersionLoggerListener.log CATALINA_HOME:         E:\apache-tomcat-11.0.21
07-May-2026 22:31:10.349 INFO [main] org.apache.catalina.startup.VersionLoggerListener.log Command line argument: -Dcom.sun.management.jmxremote
07-May-2026 22:31:10.350 INFO [main] org.apache.catalina.startup.VersionLoggerListener.log Command line argument: -Dcom.sun.management.jmxremote.port=1099
07-May-2026 22:31:10.350 INFO [main] org.apache.catalina.startup.VersionLoggerListener.log Command line argument: -Dcom.sun.management.jmxremote.ssl=false
07-May-2026 22:31:10.350 INFO [main] org.apache.catalina.startup.VersionLoggerListener.log Command line argument: -Dcom.sun.management.jmxremote.authenticate=false
07-May-2026 22:31:10.350 INFO [main] org.apache.catalina.startup.VersionLoggerListener.log Command line argument: -Dcom.sun.management.jmxremote.local.only=false
07-May-2026 22:31:10.350 INFO [main] org.apache.catalina.startup.VersionLoggerListener.log Command line argument: --add-opens=java.base/java.lang=ALL-UNNAMED
07-May-2026 22:31:10.351 INFO [main] org.apache.catalina.startup.VersionLoggerListener.log Command line argument: --add-opens=java.base/java.io=ALL-UNNAMED
07-May-2026 22:31:10.351 INFO [main] org.apache.catalina.startup.VersionLoggerListener.log Command line argument: --add-opens=java.base/java.util=ALL-UNNAMED
07-May-2026 22:31:10.351 INFO [main] org.apache.catalina.startup.VersionLoggerListener.log Command line argument: --add-opens=java.base/java.util.concurrent=ALL-UNNAMED
07-May-2026 22:31:10.351 INFO [main] org.apache.catalina.startup.VersionLoggerListener.log Command line argument: --add-opens=java.rmi/sun.rmi.transport=ALL-UNNAMED
07-May-2026 22:31:10.351 INFO [main] org.apache.catalina.startup.VersionLoggerListener.log Command line argument: -Dcatalina.home=E:\apache-tomcat-11.0.21
07-May-2026 22:31:10.352 INFO [main] org.apache.catalina.startup.VersionLoggerListener.log Command line argument: -Dcatalina.base=C:\e-commerce\.devtomcat\Tomcat_Server_e6f0999f
07-May-2026 22:31:10.352 INFO [main] org.apache.catalina.startup.VersionLoggerListener.log Command line argument: -Djava.io.tmpdir=C:\e-commerce\.devtomcat\Tomcat_Server_e6f0999f\temp
07-May-2026 22:31:10.352 INFO [main] org.apache.catalina.startup.VersionLoggerListener.log Command line argument: -Djava.util.logging.config.file=C:\e-commerce\.devtomcat\Tomcat_Server_e6f0999f\conf\logging.properties
07-May-2026 22:31:10.352 INFO [main] org.apache.catalina.startup.VersionLoggerListener.log Command line argument: -Djava.util.logging.manager=org.apache.juli.ClassLoaderLogManager
07-May-2026 22:31:10.353 INFO [main] org.apache.catalina.startup.VersionLoggerListener.log Command line argument: -Dserver.port=8080
07-May-2026 22:31:10.353 INFO [main] org.apache.catalina.startup.VersionLoggerListener.log Command line argument: -Dserver.shutdown.port=8005
07-May-2026 22:31:10.353 INFO [main] org.apache.catalina.startup.VersionLoggerListener.log Command line argument: -javaagent:C:\Program Files\JetBrains\IntelliJ IDEA 2025.3.1.1\lib\idea_rt.jar=56008
07-May-2026 22:31:10.353 INFO [main] org.apache.catalina.startup.VersionLoggerListener.log Command line argument: -Dfile.encoding=UTF-8
07-May-2026 22:31:10.357 INFO [main] org.apache.catalina.core.AprLifecycleListener.lifecycleEvent Loaded Apache Tomcat Native library [2.0.14] using APR version [1.7.6].
07-May-2026 22:31:10.363 INFO [main] org.apache.catalina.core.AprLifecycleListener.initializeSSL OpenSSL successfully initialized [OpenSSL 3.5.5 27 Jan 2026]
07-May-2026 22:31:10.657 INFO [main] org.apache.coyote.AbstractProtocol.init Initializing ProtocolHandler ["http-nio-8080"]
07-May-2026 22:31:10.683 INFO [main] org.apache.catalina.startup.Catalina.load Server initialization in [576] milliseconds
07-May-2026 22:31:10.758 INFO [main] org.apache.catalina.core.StandardService.startInternal Starting service [Catalina]
07-May-2026 22:31:10.758 INFO [main] org.apache.catalina.core.StandardEngine.startInternal Starting Servlet engine: [Apache Tomcat/11.0.21]
07-May-2026 22:31:10.783 INFO [main] org.apache.catalina.startup.HostConfig.deployDescriptor Deploying deployment descriptor [C:\e-commerce\.devtomcat\Tomcat_Server_e6f0999f\conf\Catalina\localhost\e-commerce.xml]
07-May-2026 22:31:12.017 INFO [main] org.apache.jasper.servlet.TldScanner.scanJars At least one JAR was scanned for TLDs yet contained no TLDs. Enable debug logging for this logger for a complete list of JARs that were scanned but no TLDs were found in them. Skipping unneeded JARs during scanning can improve startup time and JSP compilation time.
07-May-2026 22:31:12.139 INFO [main] org.apache.catalina.startup.HostConfig.deployDescriptor Deployment of deployment descriptor [C:\e-commerce\.devtomcat\Tomcat_Server_e6f0999f\conf\Catalina\localhost\e-commerce.xml] has finished in [1,356] ms
07-May-2026 22:31:12.149 INFO [main] org.apache.coyote.AbstractProtocol.start Starting ProtocolHandler ["http-nio-8080"]
07-May-2026 22:31:12.178 INFO [main] org.apache.catalina.startup.Catalina.start Server startup in [1494] milliseconds
07-May-2026 22:44:24.818 INFO [main] org.apache.catalina.core.StandardServer.await A valid shutdown command was received via the shutdown port. Stopping the Server instance.
07-May-2026 22:44:24.818 INFO [main] org.apache.coyote.AbstractProtocol.pause Pausing ProtocolHandler ["http-nio-8080"]
07-May-2026 22:44:24.885 INFO [main] org.apache.catalina.core.StandardService.stopInternal Stopping service [Catalina]
07-May-2026 22:44:24.889 WARNING [main] org.apache.catalina.loader.WebappClassLoaderBase.clearReferencesJdbc The web application [e-commerce] registered the JDBC driver [com.mysql.cj.jdbc.Driver] but failed to unregister it when the web application was stopped. To prevent a memory leak, the JDBC Driver has been forcibly unregistered.
07-May-2026 22:44:24.891 WARNING [main] org.apache.catalina.loader.WebappClassLoaderBase.clearReferencesThreads The web application [e-commerce] appears to have started a thread named [mysql-cj-abandoned-connection-cleanup] but has failed to stop it. This is very likely to create a memory leak. Stack trace of thread:
 java.base@17.0.8/java.lang.Object.wait(Native Method)
 java.base@17.0.8/java.lang.ref.ReferenceQueue.remove(ReferenceQueue.java:155)
 com.mysql.cj.jdbc.AbandonedConnectionCleanupThread.run(AbandonedConnectionCleanupThread.java:91)
 java.base@17.0.8/java.util.concurrent.ThreadPoolExecutor.runWorker(ThreadPoolExecutor.java:1136)
 java.base@17.0.8/java.util.concurrent.ThreadPoolExecutor$Worker.run(ThreadPoolExecutor.java:635)
 java.base@17.0.8/java.lang.Thread.run(Thread.java:833)
07-May-2026 22:44:24.895 INFO [main] org.apache.coyote.AbstractProtocol.stop Stopping ProtocolHandler ["http-nio-8080"]
07-May-2026 22:44:24.898 INFO [main] org.apache.coyote.AbstractProtocol.destroy Destroying ProtocolHandler ["http-nio-8080"]
07-May-2026 22:44:24.925 INFO [mysql-cj-abandoned-connection-cleanup] org.apache.catalina.loader.WebappClassLoaderBase.checkStateForResourceLoading Illegal access: this web application instance has been stopped already. Could not load []. The following stack trace is thrown for debugging purposes as well as to attempt to terminate the thread which caused the illegal access.
	java.lang.IllegalStateException: Illegal access: this web application instance has been stopped already. Could not load []. The following stack trace is thrown for debugging purposes as well as to attempt to terminate the thread which caused the illegal access.
		at org.apache.catalina.loader.WebappClassLoaderBase.checkStateForResourceLoading(WebappClassLoaderBase.java:1244)
		at org.apache.catalina.loader.WebappClassLoaderBase.getResource(WebappClassLoaderBase.java:854)
		at com.mysql.cj.jdbc.AbandonedConnectionCleanupThread.checkThreadContextClassLoader(AbandonedConnectionCleanupThread.java:123)
		at com.mysql.cj.jdbc.AbandonedConnectionCleanupThread.run(AbandonedConnectionCleanupThread.java:90)
		at java.base/java.util.concurrent.ThreadPoolExecutor.runWorker(ThreadPoolExecutor.java:1136)
		at java.base/java.util.concurrent.ThreadPoolExecutor$Worker.run(ThreadPoolExecutor.java:635)
		at java.base/java.lang.Thread.run(Thread.java:833)
07-May-2026 22:44:24.926 INFO [mysql-cj-abandoned-connection-cleanup] org.apache.catalina.loader.WebappClassLoaderBase.checkStateForResourceLoading Illegal access: this web application instance has been stopped already. Could not load []. The following stack trace is thrown for debugging purposes as well as to attempt to terminate the thread which caused the illegal access.
	java.lang.IllegalStateException: Illegal access: this web application instance has been stopped already. Could not load []. The following stack trace is thrown for debugging purposes as well as to attempt to terminate the thread which caused the illegal access.
		at org.apache.catalina.loader.WebappClassLoaderBase.checkStateForResourceLoading(WebappClassLoaderBase.java:1244)
		at org.apache.catalina.loader.WebappClassLoaderBase.getResource(WebappClassLoaderBase.java:854)
		at com.mysql.cj.jdbc.AbandonedConnectionCleanupThread.checkThreadContextClassLoader(AbandonedConnectionCleanupThread.java:123)
		at com.mysql.cj.jdbc.AbandonedConnectionCleanupThread.run(AbandonedConnectionCleanupThread.java:90)
		at java.base/java.util.concurrent.ThreadPoolExecutor.runWorker(ThreadPoolExecutor.java:1136)
		at java.base/java.util.concurrent.ThreadPoolExecutor$Worker.run(ThreadPoolExecutor.java:635)
		at java.base/java.lang.Thread.run(Thread.java:833)
07-May-2026 22:44:30.878 INFO [main] org.apache.catalina.startup.VersionLoggerListener.log Server version name:   Apache Tomcat/11.0.21
07-May-2026 22:44:30.882 INFO [main] org.apache.catalina.startup.VersionLoggerListener.log Server built:          Mar 30 2026 14:59:44 UTC
07-May-2026 22:44:30.882 INFO [main] org.apache.catalina.startup.VersionLoggerListener.log Server version number: 11.0.21.0
07-May-2026 22:44:30.882 INFO [main] org.apache.catalina.startup.VersionLoggerListener.log OS Name:               Windows 10
07-May-2026 22:44:30.883 INFO [main] org.apache.catalina.startup.VersionLoggerListener.log OS Version:            10.0
07-May-2026 22:44:30.883 INFO [main] org.apache.catalina.startup.VersionLoggerListener.log Architecture:          amd64
07-May-2026 22:44:30.883 INFO [main] org.apache.catalina.startup.VersionLoggerListener.log Java Home:             C:\Program Files\Java\jdk-17.0.8
07-May-2026 22:44:30.883 INFO [main] org.apache.catalina.startup.VersionLoggerListener.log JVM Version:           17.0.8+9-LTS-211
07-May-2026 22:44:30.883 INFO [main] org.apache.catalina.startup.VersionLoggerListener.log JVM Vendor:            Oracle Corporation
07-May-2026 22:44:30.884 INFO [main] org.apache.catalina.startup.VersionLoggerListener.log CATALINA_BASE:         C:\e-commerce\.devtomcat\Tomcat_Server_e6f0999f
07-May-2026 22:44:30.884 INFO [main] org.apache.catalina.startup.VersionLoggerListener.log CATALINA_HOME:         E:\apache-tomcat-11.0.21
07-May-2026 22:44:30.886 INFO [main] org.apache.catalina.startup.VersionLoggerListener.log Command line argument: -Dcom.sun.management.jmxremote
07-May-2026 22:44:30.887 INFO [main] org.apache.catalina.startup.VersionLoggerListener.log Command line argument: -Dcom.sun.management.jmxremote.port=1099
07-May-2026 22:44:30.887 INFO [main] org.apache.catalina.startup.VersionLoggerListener.log Command line argument: -Dcom.sun.management.jmxremote.ssl=false
07-May-2026 22:44:30.887 INFO [main] org.apache.catalina.startup.VersionLoggerListener.log Command line argument: -Dcom.sun.management.jmxremote.authenticate=false
07-May-2026 22:44:30.887 INFO [main] org.apache.catalina.startup.VersionLoggerListener.log Command line argument: -Dcom.sun.management.jmxremote.local.only=false
07-May-2026 22:44:30.887 INFO [main] org.apache.catalina.startup.VersionLoggerListener.log Command line argument: --add-opens=java.base/java.lang=ALL-UNNAMED
07-May-2026 22:44:30.887 INFO [main] org.apache.catalina.startup.VersionLoggerListener.log Command line argument: --add-opens=java.base/java.io=ALL-UNNAMED
07-May-2026 22:44:30.888 INFO [main] org.apache.catalina.startup.VersionLoggerListener.log Command line argument: --add-opens=java.base/java.util=ALL-UNNAMED
07-May-2026 22:44:30.888 INFO [main] org.apache.catalina.startup.VersionLoggerListener.log Command line argument: --add-opens=java.base/java.util.concurrent=ALL-UNNAMED
07-May-2026 22:44:30.888 INFO [main] org.apache.catalina.startup.VersionLoggerListener.log Command line argument: --add-opens=java.rmi/sun.rmi.transport=ALL-UNNAMED
07-May-2026 22:44:30.888 INFO [main] org.apache.catalina.startup.VersionLoggerListener.log Command line argument: -Dcatalina.home=E:\apache-tomcat-11.0.21
07-May-2026 22:44:30.888 INFO [main] org.apache.catalina.startup.VersionLoggerListener.log Command line argument: -Dcatalina.base=C:\e-commerce\.devtomcat\Tomcat_Server_e6f0999f
07-May-2026 22:44:30.889 INFO [main] org.apache.catalina.startup.VersionLoggerListener.log Command line argument: -Djava.io.tmpdir=C:\e-commerce\.devtomcat\Tomcat_Server_e6f0999f\temp
07-May-2026 22:44:30.889 INFO [main] org.apache.catalina.startup.VersionLoggerListener.log Command line argument: -Djava.util.logging.config.file=C:\e-commerce\.devtomcat\Tomcat_Server_e6f0999f\conf\logging.properties
07-May-2026 22:44:30.889 INFO [main] org.apache.catalina.startup.VersionLoggerListener.log Command line argument: -Djava.util.logging.manager=org.apache.juli.ClassLoaderLogManager
07-May-2026 22:44:30.889 INFO [main] org.apache.catalina.startup.VersionLoggerListener.log Command line argument: -Dserver.port=8080
07-May-2026 22:44:30.890 INFO [main] org.apache.catalina.startup.VersionLoggerListener.log Command line argument: -Dserver.shutdown.port=8005
07-May-2026 22:44:30.890 INFO [main] org.apache.catalina.startup.VersionLoggerListener.log Command line argument: -javaagent:C:\Program Files\JetBrains\IntelliJ IDEA 2025.3.1.1\lib\idea_rt.jar=61321
07-May-2026 22:44:30.890 INFO [main] org.apache.catalina.startup.VersionLoggerListener.log Command line argument: -Dfile.encoding=UTF-8
07-May-2026 22:44:30.893 INFO [main] org.apache.catalina.core.AprLifecycleListener.lifecycleEvent Loaded Apache Tomcat Native library [2.0.14] using APR version [1.7.6].
07-May-2026 22:44:30.899 INFO [main] org.apache.catalina.core.AprLifecycleListener.initializeSSL OpenSSL successfully initialized [OpenSSL 3.5.5 27 Jan 2026]
07-May-2026 22:44:31.180 INFO [main] org.apache.coyote.AbstractProtocol.init Initializing ProtocolHandler ["http-nio-8080"]
07-May-2026 22:44:31.208 INFO [main] org.apache.catalina.startup.Catalina.load Server initialization in [599] milliseconds
07-May-2026 22:44:31.268 INFO [main] org.apache.catalina.core.StandardService.startInternal Starting service [Catalina]
07-May-2026 22:44:31.269 INFO [main] org.apache.catalina.core.StandardEngine.startInternal Starting Servlet engine: [Apache Tomcat/11.0.21]
07-May-2026 22:44:31.284 INFO [main] org.apache.catalina.startup.HostConfig.deployDescriptor Deploying deployment descriptor [C:\e-commerce\.devtomcat\Tomcat_Server_e6f0999f\conf\Catalina\localhost\e-commerce.xml]
07-May-2026 22:44:32.492 INFO [main] org.apache.jasper.servlet.TldScanner.scanJars At least one JAR was scanned for TLDs yet contained no TLDs. Enable debug logging for this logger for a complete list of JARs that were scanned but no TLDs were found in them. Skipping unneeded JARs during scanning can improve startup time and JSP compilation time.
07-May-2026 22:44:32.617 INFO [main] org.apache.catalina.startup.HostConfig.deployDescriptor Deployment of deployment descriptor [C:\e-commerce\.devtomcat\Tomcat_Server_e6f0999f\conf\Catalina\localhost\e-commerce.xml] has finished in [1,332] ms
07-May-2026 22:44:32.626 INFO [main] org.apache.coyote.AbstractProtocol.start Starting ProtocolHandler ["http-nio-8080"]
07-May-2026 22:44:32.652 INFO [main] org.apache.catalina.startup.Catalina.start Server startup in [1444] milliseconds
07-May-2026 23:10:52.587 INFO [main] org.apache.catalina.core.StandardServer.await A valid shutdown command was received via the shutdown port. Stopping the Server instance.
07-May-2026 23:10:52.588 INFO [main] org.apache.coyote.AbstractProtocol.pause Pausing ProtocolHandler ["http-nio-8080"]
07-May-2026 23:10:52.659 INFO [main] org.apache.catalina.core.StandardService.stopInternal Stopping service [Catalina]
07-May-2026 23:10:52.666 WARNING [main] org.apache.catalina.loader.WebappClassLoaderBase.clearReferencesJdbc The web application [e-commerce] registered the JDBC driver [com.mysql.cj.jdbc.Driver] but failed to unregister it when the web application was stopped. To prevent a memory leak, the JDBC Driver has been forcibly unregistered.
07-May-2026 23:10:52.668 WARNING [main] org.apache.catalina.loader.WebappClassLoaderBase.clearReferencesThreads The web application [e-commerce] appears to have started a thread named [mysql-cj-abandoned-connection-cleanup] but has failed to stop it. This is very likely to create a memory leak. Stack trace of thread:
 java.base@17.0.8/java.lang.Object.wait(Native Method)
 java.base@17.0.8/java.lang.ref.ReferenceQueue.remove(ReferenceQueue.java:155)
 com.mysql.cj.jdbc.AbandonedConnectionCleanupThread.run(AbandonedConnectionCleanupThread.java:91)
 java.base@17.0.8/java.util.concurrent.ThreadPoolExecutor.runWorker(ThreadPoolExecutor.java:1136)
 java.base@17.0.8/java.util.concurrent.ThreadPoolExecutor$Worker.run(ThreadPoolExecutor.java:635)
 java.base@17.0.8/java.lang.Thread.run(Thread.java:833)
07-May-2026 23:10:52.674 INFO [main] org.apache.coyote.AbstractProtocol.stop Stopping ProtocolHandler ["http-nio-8080"]
07-May-2026 23:10:52.696 INFO [main] org.apache.coyote.AbstractProtocol.destroy Destroying ProtocolHandler ["http-nio-8080"]
07-May-2026 23:10:52.765 INFO [mysql-cj-abandoned-connection-cleanup] org.apache.catalina.loader.WebappClassLoaderBase.checkStateForResourceLoading Illegal access: this web application instance has been stopped already. Could not load []. The following stack trace is thrown for debugging purposes as well as to attempt to terminate the thread which caused the illegal access.
	java.lang.IllegalStateException: Illegal access: this web application instance has been stopped already. Could not load []. The following stack trace is thrown for debugging purposes as well as to attempt to terminate the thread which caused the illegal access.
		at org.apache.catalina.loader.WebappClassLoaderBase.checkStateForResourceLoading(WebappClassLoaderBase.java:1244)
		at org.apache.catalina.loader.WebappClassLoaderBase.getResource(WebappClassLoaderBase.java:854)
		at com.mysql.cj.jdbc.AbandonedConnectionCleanupThread.checkThreadContextClassLoader(AbandonedConnectionCleanupThread.java:123)
		at com.mysql.cj.jdbc.AbandonedConnectionCleanupThread.run(AbandonedConnectionCleanupThread.java:90)
		at java.base/java.util.concurrent.ThreadPoolExecutor.runWorker(ThreadPoolExecutor.java:1136)
		at java.base/java.util.concurrent.ThreadPoolExecutor$Worker.run(ThreadPoolExecutor.java:635)
		at java.base/java.lang.Thread.run(Thread.java:833)
07-May-2026 23:11:01.557 INFO [main] org.apache.catalina.startup.VersionLoggerListener.log Server version name:   Apache Tomcat/11.0.21
07-May-2026 23:11:01.562 INFO [main] org.apache.catalina.startup.VersionLoggerListener.log Server built:          Mar 30 2026 14:59:44 UTC
07-May-2026 23:11:01.563 INFO [main] org.apache.catalina.startup.VersionLoggerListener.log Server version number: 11.0.21.0
07-May-2026 23:11:01.563 INFO [main] org.apache.catalina.startup.VersionLoggerListener.log OS Name:               Windows 10
07-May-2026 23:11:01.563 INFO [main] org.apache.catalina.startup.VersionLoggerListener.log OS Version:            10.0
07-May-2026 23:11:01.563 INFO [main] org.apache.catalina.startup.VersionLoggerListener.log Architecture:          amd64
07-May-2026 23:11:01.564 INFO [main] org.apache.catalina.startup.VersionLoggerListener.log Java Home:             C:\Program Files\Java\jdk-17.0.8
07-May-2026 23:11:01.566 INFO [main] org.apache.catalina.startup.VersionLoggerListener.log JVM Version:           17.0.8+9-LTS-211
07-May-2026 23:11:01.567 INFO [main] org.apache.catalina.startup.VersionLoggerListener.log JVM Vendor:            Oracle Corporation
07-May-2026 23:11:01.567 INFO [main] org.apache.catalina.startup.VersionLoggerListener.log CATALINA_BASE:         C:\e-commerce\.devtomcat\Tomcat_Server_e6f0999f
07-May-2026 23:11:01.567 INFO [main] org.apache.catalina.startup.VersionLoggerListener.log CATALINA_HOME:         E:\apache-tomcat-11.0.21
07-May-2026 23:11:01.576 INFO [main] org.apache.catalina.startup.VersionLoggerListener.log Command line argument: -Dcom.sun.management.jmxremote
07-May-2026 23:11:01.577 INFO [main] org.apache.catalina.startup.VersionLoggerListener.log Command line argument: -Dcom.sun.management.jmxremote.port=1099
07-May-2026 23:11:01.577 INFO [main] org.apache.catalina.startup.VersionLoggerListener.log Command line argument: -Dcom.sun.management.jmxremote.ssl=false
07-May-2026 23:11:01.577 INFO [main] org.apache.catalina.startup.VersionLoggerListener.log Command line argument: -Dcom.sun.management.jmxremote.authenticate=false
07-May-2026 23:11:01.578 INFO [main] org.apache.catalina.startup.VersionLoggerListener.log Command line argument: -Dcom.sun.management.jmxremote.local.only=false
07-May-2026 23:11:01.579 INFO [main] org.apache.catalina.startup.VersionLoggerListener.log Command line argument: --add-opens=java.base/java.lang=ALL-UNNAMED
07-May-2026 23:11:01.584 INFO [main] org.apache.catalina.startup.VersionLoggerListener.log Command line argument: --add-opens=java.base/java.io=ALL-UNNAMED
07-May-2026 23:11:01.584 INFO [main] org.apache.catalina.startup.VersionLoggerListener.log Command line argument: --add-opens=java.base/java.util=ALL-UNNAMED
07-May-2026 23:11:01.585 INFO [main] org.apache.catalina.startup.VersionLoggerListener.log Command line argument: --add-opens=java.base/java.util.concurrent=ALL-UNNAMED
07-May-2026 23:11:01.585 INFO [main] org.apache.catalina.startup.VersionLoggerListener.log Command line argument: --add-opens=java.rmi/sun.rmi.transport=ALL-UNNAMED
07-May-2026 23:11:01.585 INFO [main] org.apache.catalina.startup.VersionLoggerListener.log Command line argument: -Dcatalina.home=E:\apache-tomcat-11.0.21
07-May-2026 23:11:01.586 INFO [main] org.apache.catalina.startup.VersionLoggerListener.log Command line argument: -Dcatalina.base=C:\e-commerce\.devtomcat\Tomcat_Server_e6f0999f
07-May-2026 23:11:01.586 INFO [main] org.apache.catalina.startup.VersionLoggerListener.log Command line argument: -Djava.io.tmpdir=C:\e-commerce\.devtomcat\Tomcat_Server_e6f0999f\temp
07-May-2026 23:11:01.586 INFO [main] org.apache.catalina.startup.VersionLoggerListener.log Command line argument: -Djava.util.logging.config.file=C:\e-commerce\.devtomcat\Tomcat_Server_e6f0999f\conf\logging.properties
07-May-2026 23:11:01.586 INFO [main] org.apache.catalina.startup.VersionLoggerListener.log Command line argument: -Djava.util.logging.manager=org.apache.juli.ClassLoaderLogManager
07-May-2026 23:11:01.586 INFO [main] org.apache.catalina.startup.VersionLoggerListener.log Command line argument: -Dserver.port=8080
07-May-2026 23:11:01.587 INFO [main] org.apache.catalina.startup.VersionLoggerListener.log Command line argument: -Dserver.shutdown.port=8005
07-May-2026 23:11:01.587 INFO [main] org.apache.catalina.startup.VersionLoggerListener.log Command line argument: -javaagent:C:\Program Files\JetBrains\IntelliJ IDEA 2025.3.1.1\lib\idea_rt.jar=62651
07-May-2026 23:11:01.587 INFO [main] org.apache.catalina.startup.VersionLoggerListener.log Command line argument: -Dfile.encoding=UTF-8
07-May-2026 23:11:01.648 INFO [main] org.apache.catalina.core.AprLifecycleListener.lifecycleEvent Loaded Apache Tomcat Native library [2.0.14] using APR version [1.7.6].
07-May-2026 23:11:01.656 INFO [main] org.apache.catalina.core.AprLifecycleListener.initializeSSL OpenSSL successfully initialized [OpenSSL 3.5.5 27 Jan 2026]
07-May-2026 23:11:01.951 INFO [main] org.apache.coyote.AbstractProtocol.init Initializing ProtocolHandler ["http-nio-8080"]
07-May-2026 23:11:01.969 INFO [main] org.apache.catalina.startup.Catalina.load Server initialization in [692] milliseconds
07-May-2026 23:11:02.023 INFO [main] org.apache.catalina.core.StandardService.startInternal Starting service [Catalina]
07-May-2026 23:11:02.024 INFO [main] org.apache.catalina.core.StandardEngine.startInternal Starting Servlet engine: [Apache Tomcat/11.0.21]
07-May-2026 23:11:02.036 INFO [main] org.apache.catalina.startup.HostConfig.deployDescriptor Deploying deployment descriptor [C:\e-commerce\.devtomcat\Tomcat_Server_e6f0999f\conf\Catalina\localhost\e-commerce.xml]
07-May-2026 23:11:03.128 INFO [main] org.apache.jasper.servlet.TldScanner.scanJars At least one JAR was scanned for TLDs yet contained no TLDs. Enable debug logging for this logger for a complete list of JARs that were scanned but no TLDs were found in them. Skipping unneeded JARs during scanning can improve startup time and JSP compilation time.
07-May-2026 23:11:03.248 INFO [main] org.apache.catalina.startup.HostConfig.deployDescriptor Deployment of deployment descriptor [C:\e-commerce\.devtomcat\Tomcat_Server_e6f0999f\conf\Catalina\localhost\e-commerce.xml] has finished in [1,211] ms
07-May-2026 23:11:03.256 INFO [main] org.apache.coyote.AbstractProtocol.start Starting ProtocolHandler ["http-nio-8080"]
07-May-2026 23:11:03.283 INFO [main] org.apache.catalina.startup.Catalina.start Server startup in [1313] milliseconds
07-May-2026 23:16:34.883 INFO [main] org.apache.catalina.core.StandardServer.await A valid shutdown command was received via the shutdown port. Stopping the Server instance.
07-May-2026 23:16:34.883 INFO [main] org.apache.coyote.AbstractProtocol.pause Pausing ProtocolHandler ["http-nio-8080"]
07-May-2026 23:16:34.959 INFO [main] org.apache.catalina.core.StandardService.stopInternal Stopping service [Catalina]
07-May-2026 23:16:34.964 WARNING [main] org.apache.catalina.loader.WebappClassLoaderBase.clearReferencesJdbc The web application [e-commerce] registered the JDBC driver [com.mysql.cj.jdbc.Driver] but failed to unregister it when the web application was stopped. To prevent a memory leak, the JDBC Driver has been forcibly unregistered.
07-May-2026 23:16:34.965 WARNING [main] org.apache.catalina.loader.WebappClassLoaderBase.clearReferencesThreads The web application [e-commerce] appears to have started a thread named [mysql-cj-abandoned-connection-cleanup] but has failed to stop it. This is very likely to create a memory leak. Stack trace of thread:
 java.base@17.0.8/java.lang.Object.wait(Native Method)
 java.base@17.0.8/java.lang.ref.ReferenceQueue.remove(ReferenceQueue.java:155)
 com.mysql.cj.jdbc.AbandonedConnectionCleanupThread.run(AbandonedConnectionCleanupThread.java:91)
 java.base@17.0.8/java.util.concurrent.ThreadPoolExecutor.runWorker(ThreadPoolExecutor.java:1136)
 java.base@17.0.8/java.util.concurrent.ThreadPoolExecutor$Worker.run(ThreadPoolExecutor.java:635)
 java.base@17.0.8/java.lang.Thread.run(Thread.java:833)
07-May-2026 23:16:34.970 INFO [main] org.apache.coyote.AbstractProtocol.stop Stopping ProtocolHandler ["http-nio-8080"]
07-May-2026 23:16:34.989 INFO [main] org.apache.coyote.AbstractProtocol.destroy Destroying ProtocolHandler ["http-nio-8080"]
07-May-2026 23:16:35.042 INFO [mysql-cj-abandoned-connection-cleanup] org.apache.catalina.loader.WebappClassLoaderBase.checkStateForResourceLoading Illegal access: this web application instance has been stopped already. Could not load []. The following stack trace is thrown for debugging purposes as well as to attempt to terminate the thread which caused the illegal access.
	java.lang.IllegalStateException: Illegal access: this web application instance has been stopped already. Could not load []. The following stack trace is thrown for debugging purposes as well as to attempt to terminate the thread which caused the illegal access.
		at org.apache.catalina.loader.WebappClassLoaderBase.checkStateForResourceLoading(WebappClassLoaderBase.java:1244)
		at org.apache.catalina.loader.WebappClassLoaderBase.getResource(WebappClassLoaderBase.java:854)
		at com.mysql.cj.jdbc.AbandonedConnectionCleanupThread.checkThreadContextClassLoader(AbandonedConnectionCleanupThread.java:123)
		at com.mysql.cj.jdbc.AbandonedConnectionCleanupThread.run(AbandonedConnectionCleanupThread.java:90)
		at java.base/java.util.concurrent.ThreadPoolExecutor.runWorker(ThreadPoolExecutor.java:1136)
		at java.base/java.util.concurrent.ThreadPoolExecutor$Worker.run(ThreadPoolExecutor.java:635)
		at java.base/java.lang.Thread.run(Thread.java:833)
07-May-2026 23:16:38.856 INFO [main] org.apache.catalina.startup.VersionLoggerListener.log Server version name:   Apache Tomcat/11.0.21
07-May-2026 23:16:38.859 INFO [main] org.apache.catalina.startup.VersionLoggerListener.log Server built:          Mar 30 2026 14:59:44 UTC
07-May-2026 23:16:38.860 INFO [main] org.apache.catalina.startup.VersionLoggerListener.log Server version number: 11.0.21.0
07-May-2026 23:16:38.860 INFO [main] org.apache.catalina.startup.VersionLoggerListener.log OS Name:               Windows 10
07-May-2026 23:16:38.860 INFO [main] org.apache.catalina.startup.VersionLoggerListener.log OS Version:            10.0
07-May-2026 23:16:38.861 INFO [main] org.apache.catalina.startup.VersionLoggerListener.log Architecture:          amd64
07-May-2026 23:16:38.861 INFO [main] org.apache.catalina.startup.VersionLoggerListener.log Java Home:             C:\Program Files\Java\jdk-17.0.8
07-May-2026 23:16:38.861 INFO [main] org.apache.catalina.startup.VersionLoggerListener.log JVM Version:           17.0.8+9-LTS-211
07-May-2026 23:16:38.862 INFO [main] org.apache.catalina.startup.VersionLoggerListener.log JVM Vendor:            Oracle Corporation
07-May-2026 23:16:38.862 INFO [main] org.apache.catalina.startup.VersionLoggerListener.log CATALINA_BASE:         C:\e-commerce\.devtomcat\Tomcat_Server_e6f0999f
07-May-2026 23:16:38.863 INFO [main] org.apache.catalina.startup.VersionLoggerListener.log CATALINA_HOME:         E:\apache-tomcat-11.0.21
07-May-2026 23:16:38.864 INFO [main] org.apache.catalina.startup.VersionLoggerListener.log Command line argument: -Dcom.sun.management.jmxremote
07-May-2026 23:16:38.865 INFO [main] org.apache.catalina.startup.VersionLoggerListener.log Command line argument: -Dcom.sun.management.jmxremote.port=1099
07-May-2026 23:16:38.865 INFO [main] org.apache.catalina.startup.VersionLoggerListener.log Command line argument: -Dcom.sun.management.jmxremote.ssl=false
07-May-2026 23:16:38.865 INFO [main] org.apache.catalina.startup.VersionLoggerListener.log Command line argument: -Dcom.sun.management.jmxremote.authenticate=false
07-May-2026 23:16:38.865 INFO [main] org.apache.catalina.startup.VersionLoggerListener.log Command line argument: -Dcom.sun.management.jmxremote.local.only=false
07-May-2026 23:16:38.866 INFO [main] org.apache.catalina.startup.VersionLoggerListener.log Command line argument: --add-opens=java.base/java.lang=ALL-UNNAMED
07-May-2026 23:16:38.866 INFO [main] org.apache.catalina.startup.VersionLoggerListener.log Command line argument: --add-opens=java.base/java.io=ALL-UNNAMED
07-May-2026 23:16:38.866 INFO [main] org.apache.catalina.startup.VersionLoggerListener.log Command line argument: --add-opens=java.base/java.util=ALL-UNNAMED
07-May-2026 23:16:38.866 INFO [main] org.apache.catalina.startup.VersionLoggerListener.log Command line argument: --add-opens=java.base/java.util.concurrent=ALL-UNNAMED
07-May-2026 23:16:38.866 INFO [main] org.apache.catalina.startup.VersionLoggerListener.log Command line argument: --add-opens=java.rmi/sun.rmi.transport=ALL-UNNAMED
07-May-2026 23:16:38.866 INFO [main] org.apache.catalina.startup.VersionLoggerListener.log Command line argument: -Dcatalina.home=E:\apache-tomcat-11.0.21
07-May-2026 23:16:38.866 INFO [main] org.apache.catalina.startup.VersionLoggerListener.log Command line argument: -Dcatalina.base=C:\e-commerce\.devtomcat\Tomcat_Server_e6f0999f
07-May-2026 23:16:38.867 INFO [main] org.apache.catalina.startup.VersionLoggerListener.log Command line argument: -Djava.io.tmpdir=C:\e-commerce\.devtomcat\Tomcat_Server_e6f0999f\temp
07-May-2026 23:16:38.867 INFO [main] org.apache.catalina.startup.VersionLoggerListener.log Command line argument: -Djava.util.logging.config.file=C:\e-commerce\.devtomcat\Tomcat_Server_e6f0999f\conf\logging.properties
07-May-2026 23:16:38.867 INFO [main] org.apache.catalina.startup.VersionLoggerListener.log Command line argument: -Djava.util.logging.manager=org.apache.juli.ClassLoaderLogManager
07-May-2026 23:16:38.867 INFO [main] org.apache.catalina.startup.VersionLoggerListener.log Command line argument: -Dserver.port=8080
07-May-2026 23:16:38.867 INFO [main] org.apache.catalina.startup.VersionLoggerListener.log Command line argument: -Dserver.shutdown.port=8005
07-May-2026 23:16:38.867 INFO [main] org.apache.catalina.startup.VersionLoggerListener.log Command line argument: -javaagent:C:\Program Files\JetBrains\IntelliJ IDEA 2025.3.1.1\lib\idea_rt.jar=64160
07-May-2026 23:16:38.868 INFO [main] org.apache.catalina.startup.VersionLoggerListener.log Command line argument: -Dfile.encoding=UTF-8
07-May-2026 23:16:38.871 INFO [main] org.apache.catalina.core.AprLifecycleListener.lifecycleEvent Loaded Apache Tomcat Native library [2.0.14] using APR version [1.7.6].
07-May-2026 23:16:38.876 INFO [main] org.apache.catalina.core.AprLifecycleListener.initializeSSL OpenSSL successfully initialized [OpenSSL 3.5.5 27 Jan 2026]
07-May-2026 23:16:39.167 INFO [main] org.apache.coyote.AbstractProtocol.init Initializing ProtocolHandler ["http-nio-8080"]
07-May-2026 23:16:39.201 INFO [main] org.apache.catalina.startup.Catalina.load Server initialization in [592] milliseconds
07-May-2026 23:16:39.272 INFO [main] org.apache.catalina.core.StandardService.startInternal Starting service [Catalina]
07-May-2026 23:16:39.272 INFO [main] org.apache.catalina.core.StandardEngine.startInternal Starting Servlet engine: [Apache Tomcat/11.0.21]
07-May-2026 23:16:39.293 INFO [main] org.apache.catalina.startup.HostConfig.deployDescriptor Deploying deployment descriptor [C:\e-commerce\.devtomcat\Tomcat_Server_e6f0999f\conf\Catalina\localhost\e-commerce.xml]
07-May-2026 23:16:40.588 INFO [main] org.apache.jasper.servlet.TldScanner.scanJars At least one JAR was scanned for TLDs yet contained no TLDs. Enable debug logging for this logger for a complete list of JARs that were scanned but no TLDs were found in them. Skipping unneeded JARs during scanning can improve startup time and JSP compilation time.
07-May-2026 23:16:40.703 INFO [main] org.apache.catalina.startup.HostConfig.deployDescriptor Deployment of deployment descriptor [C:\e-commerce\.devtomcat\Tomcat_Server_e6f0999f\conf\Catalina\localhost\e-commerce.xml] has finished in [1,409] ms
07-May-2026 23:16:40.711 INFO [main] org.apache.coyote.AbstractProtocol.start Starting ProtocolHandler ["http-nio-8080"]
07-May-2026 23:16:40.742 INFO [main] org.apache.catalina.startup.Catalina.start Server startup in [1540] milliseconds
07-May-2026 23:29:31.130 INFO [main] org.apache.catalina.core.StandardServer.await A valid shutdown command was received via the shutdown port. Stopping the Server instance.
07-May-2026 23:29:31.131 INFO [main] org.apache.coyote.AbstractProtocol.pause Pausing ProtocolHandler ["http-nio-8080"]
07-May-2026 23:29:31.202 INFO [main] org.apache.catalina.core.StandardService.stopInternal Stopping service [Catalina]
07-May-2026 23:29:31.208 WARNING [main] org.apache.catalina.loader.WebappClassLoaderBase.clearReferencesJdbc The web application [e-commerce] registered the JDBC driver [com.mysql.cj.jdbc.Driver] but failed to unregister it when the web application was stopped. To prevent a memory leak, the JDBC Driver has been forcibly unregistered.
07-May-2026 23:29:31.209 WARNING [main] org.apache.catalina.loader.WebappClassLoaderBase.clearReferencesThreads The web application [e-commerce] appears to have started a thread named [mysql-cj-abandoned-connection-cleanup] but has failed to stop it. This is very likely to create a memory leak. Stack trace of thread:
 java.base@17.0.8/java.lang.Object.wait(Native Method)
 java.base@17.0.8/java.lang.ref.ReferenceQueue.remove(ReferenceQueue.java:155)
 com.mysql.cj.jdbc.AbandonedConnectionCleanupThread.run(AbandonedConnectionCleanupThread.java:91)
 java.base@17.0.8/java.util.concurrent.ThreadPoolExecutor.runWorker(ThreadPoolExecutor.java:1136)
 java.base@17.0.8/java.util.concurrent.ThreadPoolExecutor$Worker.run(ThreadPoolExecutor.java:635)
 java.base@17.0.8/java.lang.Thread.run(Thread.java:833)
07-May-2026 23:29:31.214 INFO [main] org.apache.coyote.AbstractProtocol.stop Stopping ProtocolHandler ["http-nio-8080"]
07-May-2026 23:29:31.229 INFO [main] org.apache.coyote.AbstractProtocol.destroy Destroying ProtocolHandler ["http-nio-8080"]
07-May-2026 23:29:31.260 INFO [mysql-cj-abandoned-connection-cleanup] org.apache.catalina.loader.WebappClassLoaderBase.checkStateForResourceLoading Illegal access: this web application instance has been stopped already. Could not load []. The following stack trace is thrown for debugging purposes as well as to attempt to terminate the thread which caused the illegal access.
	java.lang.IllegalStateException: Illegal access: this web application instance has been stopped already. Could not load []. The following stack trace is thrown for debugging purposes as well as to attempt to terminate the thread which caused the illegal access.
		at org.apache.catalina.loader.WebappClassLoaderBase.checkStateForResourceLoading(WebappClassLoaderBase.java:1244)
		at org.apache.catalina.loader.WebappClassLoaderBase.getResource(WebappClassLoaderBase.java:854)
		at com.mysql.cj.jdbc.AbandonedConnectionCleanupThread.checkThreadContextClassLoader(AbandonedConnectionCleanupThread.java:123)
		at com.mysql.cj.jdbc.AbandonedConnectionCleanupThread.run(AbandonedConnectionCleanupThread.java:90)
		at java.base/java.util.concurrent.ThreadPoolExecutor.runWorker(ThreadPoolExecutor.java:1136)
		at java.base/java.util.concurrent.ThreadPoolExecutor$Worker.run(ThreadPoolExecutor.java:635)
		at java.base/java.lang.Thread.run(Thread.java:833)
07-May-2026 23:29:36.473 INFO [main] org.apache.catalina.startup.VersionLoggerListener.log Server version name:   Apache Tomcat/11.0.21
07-May-2026 23:29:36.477 INFO [main] org.apache.catalina.startup.VersionLoggerListener.log Server built:          Mar 30 2026 14:59:44 UTC
07-May-2026 23:29:36.478 INFO [main] org.apache.catalina.startup.VersionLoggerListener.log Server version number: 11.0.21.0
07-May-2026 23:29:36.478 INFO [main] org.apache.catalina.startup.VersionLoggerListener.log OS Name:               Windows 10
07-May-2026 23:29:36.478 INFO [main] org.apache.catalina.startup.VersionLoggerListener.log OS Version:            10.0
07-May-2026 23:29:36.478 INFO [main] org.apache.catalina.startup.VersionLoggerListener.log Architecture:          amd64
07-May-2026 23:29:36.478 INFO [main] org.apache.catalina.startup.VersionLoggerListener.log Java Home:             C:\Program Files\Java\jdk-17.0.8
07-May-2026 23:29:36.479 INFO [main] org.apache.catalina.startup.VersionLoggerListener.log JVM Version:           17.0.8+9-LTS-211
07-May-2026 23:29:36.479 INFO [main] org.apache.catalina.startup.VersionLoggerListener.log JVM Vendor:            Oracle Corporation
07-May-2026 23:29:36.479 INFO [main] org.apache.catalina.startup.VersionLoggerListener.log CATALINA_BASE:         C:\e-commerce\.devtomcat\Tomcat_Server_e6f0999f
07-May-2026 23:29:36.479 INFO [main] org.apache.catalina.startup.VersionLoggerListener.log CATALINA_HOME:         E:\apache-tomcat-11.0.21
07-May-2026 23:29:36.482 INFO [main] org.apache.catalina.startup.VersionLoggerListener.log Command line argument: -Dcom.sun.management.jmxremote
07-May-2026 23:29:36.482 INFO [main] org.apache.catalina.startup.VersionLoggerListener.log Command line argument: -Dcom.sun.management.jmxremote.port=1099
07-May-2026 23:29:36.483 INFO [main] org.apache.catalina.startup.VersionLoggerListener.log Command line argument: -Dcom.sun.management.jmxremote.ssl=false
07-May-2026 23:29:36.483 INFO [main] org.apache.catalina.startup.VersionLoggerListener.log Command line argument: -Dcom.sun.management.jmxremote.authenticate=false
07-May-2026 23:29:36.483 INFO [main] org.apache.catalina.startup.VersionLoggerListener.log Command line argument: -Dcom.sun.management.jmxremote.local.only=false
07-May-2026 23:29:36.483 INFO [main] org.apache.catalina.startup.VersionLoggerListener.log Command line argument: --add-opens=java.base/java.lang=ALL-UNNAMED
07-May-2026 23:29:36.483 INFO [main] org.apache.catalina.startup.VersionLoggerListener.log Command line argument: --add-opens=java.base/java.io=ALL-UNNAMED
07-May-2026 23:29:36.483 INFO [main] org.apache.catalina.startup.VersionLoggerListener.log Command line argument: --add-opens=java.base/java.util=ALL-UNNAMED
07-May-2026 23:29:36.484 INFO [main] org.apache.catalina.startup.VersionLoggerListener.log Command line argument: --add-opens=java.base/java.util.concurrent=ALL-UNNAMED
07-May-2026 23:29:36.484 INFO [main] org.apache.catalina.startup.VersionLoggerListener.log Command line argument: --add-opens=java.rmi/sun.rmi.transport=ALL-UNNAMED
07-May-2026 23:29:36.484 INFO [main] org.apache.catalina.startup.VersionLoggerListener.log Command line argument: -Dcatalina.home=E:\apache-tomcat-11.0.21
07-May-2026 23:29:36.484 INFO [main] org.apache.catalina.startup.VersionLoggerListener.log Command line argument: -Dcatalina.base=C:\e-commerce\.devtomcat\Tomcat_Server_e6f0999f
07-May-2026 23:29:36.484 INFO [main] org.apache.catalina.startup.VersionLoggerListener.log Command line argument: -Djava.io.tmpdir=C:\e-commerce\.devtomcat\Tomcat_Server_e6f0999f\temp
07-May-2026 23:29:36.484 INFO [main] org.apache.catalina.startup.VersionLoggerListener.log Command line argument: -Djava.util.logging.config.file=C:\e-commerce\.devtomcat\Tomcat_Server_e6f0999f\conf\logging.properties
07-May-2026 23:29:36.485 INFO [main] org.apache.catalina.startup.VersionLoggerListener.log Command line argument: -Djava.util.logging.manager=org.apache.juli.ClassLoaderLogManager
07-May-2026 23:29:36.485 INFO [main] org.apache.catalina.startup.VersionLoggerListener.log Command line argument: -Dserver.port=8080
07-May-2026 23:29:36.485 INFO [main] org.apache.catalina.startup.VersionLoggerListener.log Command line argument: -Dserver.shutdown.port=8005
07-May-2026 23:29:36.486 INFO [main] org.apache.catalina.startup.VersionLoggerListener.log Command line argument: -javaagent:C:\Program Files\JetBrains\IntelliJ IDEA 2025.3.1.1\lib\idea_rt.jar=54338
07-May-2026 23:29:36.486 INFO [main] org.apache.catalina.startup.VersionLoggerListener.log Command line argument: -Dfile.encoding=UTF-8
07-May-2026 23:29:36.489 INFO [main] org.apache.catalina.core.AprLifecycleListener.lifecycleEvent Loaded Apache Tomcat Native library [2.0.14] using APR version [1.7.6].
07-May-2026 23:29:36.494 INFO [main] org.apache.catalina.core.AprLifecycleListener.initializeSSL OpenSSL successfully initialized [OpenSSL 3.5.5 27 Jan 2026]
07-May-2026 23:29:36.744 INFO [main] org.apache.coyote.AbstractProtocol.init Initializing ProtocolHandler ["http-nio-8080"]
07-May-2026 23:29:36.772 INFO [main] org.apache.catalina.startup.Catalina.load Server initialization in [554] milliseconds
07-May-2026 23:29:36.836 INFO [main] org.apache.catalina.core.StandardService.startInternal Starting service [Catalina]
07-May-2026 23:29:36.836 INFO [main] org.apache.catalina.core.StandardEngine.startInternal Starting Servlet engine: [Apache Tomcat/11.0.21]
07-May-2026 23:29:36.851 INFO [main] org.apache.catalina.startup.HostConfig.deployDescriptor Deploying deployment descriptor [C:\e-commerce\.devtomcat\Tomcat_Server_e6f0999f\conf\Catalina\localhost\e-commerce.xml]
07-May-2026 23:29:38.027 INFO [main] org.apache.jasper.servlet.TldScanner.scanJars At least one JAR was scanned for TLDs yet contained no TLDs. Enable debug logging for this logger for a complete list of JARs that were scanned but no TLDs were found in them. Skipping unneeded JARs during scanning can improve startup time and JSP compilation time.
07-May-2026 23:29:38.150 INFO [main] org.apache.catalina.startup.HostConfig.deployDescriptor Deployment of deployment descriptor [C:\e-commerce\.devtomcat\Tomcat_Server_e6f0999f\conf\Catalina\localhost\e-commerce.xml] has finished in [1,298] ms
07-May-2026 23:29:38.162 INFO [main] org.apache.coyote.AbstractProtocol.start Starting ProtocolHandler ["http-nio-8080"]
07-May-2026 23:29:38.189 INFO [main] org.apache.catalina.startup.Catalina.start Server startup in [1416] milliseconds
07-May-2026 23:33:54.347 INFO [main] org.apache.catalina.core.StandardServer.await A valid shutdown command was received via the shutdown port. Stopping the Server instance.
07-May-2026 23:33:54.348 INFO [main] org.apache.coyote.AbstractProtocol.pause Pausing ProtocolHandler ["http-nio-8080"]
07-May-2026 23:33:54.435 INFO [main] org.apache.catalina.core.StandardService.stopInternal Stopping service [Catalina]
07-May-2026 23:33:54.440 WARNING [main] org.apache.catalina.loader.WebappClassLoaderBase.clearReferencesJdbc The web application [e-commerce] registered the JDBC driver [com.mysql.cj.jdbc.Driver] but failed to unregister it when the web application was stopped. To prevent a memory leak, the JDBC Driver has been forcibly unregistered.
07-May-2026 23:33:54.441 WARNING [main] org.apache.catalina.loader.WebappClassLoaderBase.clearReferencesThreads The web application [e-commerce] appears to have started a thread named [mysql-cj-abandoned-connection-cleanup] but has failed to stop it. This is very likely to create a memory leak. Stack trace of thread:
 java.base@17.0.8/java.lang.Object.wait(Native Method)
 java.base@17.0.8/java.lang.ref.ReferenceQueue.remove(ReferenceQueue.java:155)
 com.mysql.cj.jdbc.AbandonedConnectionCleanupThread.run(AbandonedConnectionCleanupThread.java:91)
 java.base@17.0.8/java.util.concurrent.ThreadPoolExecutor.runWorker(ThreadPoolExecutor.java:1136)
 java.base@17.0.8/java.util.concurrent.ThreadPoolExecutor$Worker.run(ThreadPoolExecutor.java:635)
 java.base@17.0.8/java.lang.Thread.run(Thread.java:833)
07-May-2026 23:33:54.446 INFO [main] org.apache.coyote.AbstractProtocol.stop Stopping ProtocolHandler ["http-nio-8080"]
07-May-2026 23:33:54.468 INFO [main] org.apache.coyote.AbstractProtocol.destroy Destroying ProtocolHandler ["http-nio-8080"]
07-May-2026 23:33:54.521 INFO [mysql-cj-abandoned-connection-cleanup] org.apache.catalina.loader.WebappClassLoaderBase.checkStateForResourceLoading Illegal access: this web application instance has been stopped already. Could not load []. The following stack trace is thrown for debugging purposes as well as to attempt to terminate the thread which caused the illegal access.
	java.lang.IllegalStateException: Illegal access: this web application instance has been stopped already. Could not load []. The following stack trace is thrown for debugging purposes as well as to attempt to terminate the thread which caused the illegal access.
		at org.apache.catalina.loader.WebappClassLoaderBase.checkStateForResourceLoading(WebappClassLoaderBase.java:1244)
		at org.apache.catalina.loader.WebappClassLoaderBase.getResource(WebappClassLoaderBase.java:854)
		at com.mysql.cj.jdbc.AbandonedConnectionCleanupThread.checkThreadContextClassLoader(AbandonedConnectionCleanupThread.java:123)
		at com.mysql.cj.jdbc.AbandonedConnectionCleanupThread.run(AbandonedConnectionCleanupThread.java:90)
		at java.base/java.util.concurrent.ThreadPoolExecutor.runWorker(ThreadPoolExecutor.java:1136)
		at java.base/java.util.concurrent.ThreadPoolExecutor$Worker.run(ThreadPoolExecutor.java:635)
		at java.base/java.lang.Thread.run(Thread.java:833)
07-May-2026 23:33:58.220 INFO [main] org.apache.catalina.startup.VersionLoggerListener.log Server version name:   Apache Tomcat/11.0.21
07-May-2026 23:33:58.223 INFO [main] org.apache.catalina.startup.VersionLoggerListener.log Server built:          Mar 30 2026 14:59:44 UTC
07-May-2026 23:33:58.224 INFO [main] org.apache.catalina.startup.VersionLoggerListener.log Server version number: 11.0.21.0
07-May-2026 23:33:58.224 INFO [main] org.apache.catalina.startup.VersionLoggerListener.log OS Name:               Windows 10
07-May-2026 23:33:58.224 INFO [main] org.apache.catalina.startup.VersionLoggerListener.log OS Version:            10.0
07-May-2026 23:33:58.225 INFO [main] org.apache.catalina.startup.VersionLoggerListener.log Architecture:          amd64
07-May-2026 23:33:58.225 INFO [main] org.apache.catalina.startup.VersionLoggerListener.log Java Home:             C:\Program Files\Java\jdk-17.0.8
07-May-2026 23:33:58.225 INFO [main] org.apache.catalina.startup.VersionLoggerListener.log JVM Version:           17.0.8+9-LTS-211
07-May-2026 23:33:58.225 INFO [main] org.apache.catalina.startup.VersionLoggerListener.log JVM Vendor:            Oracle Corporation
07-May-2026 23:33:58.225 INFO [main] org.apache.catalina.startup.VersionLoggerListener.log CATALINA_BASE:         C:\e-commerce\.devtomcat\Tomcat_Server_e6f0999f
07-May-2026 23:33:58.226 INFO [main] org.apache.catalina.startup.VersionLoggerListener.log CATALINA_HOME:         E:\apache-tomcat-11.0.21
07-May-2026 23:33:58.229 INFO [main] org.apache.catalina.startup.VersionLoggerListener.log Command line argument: -Dcom.sun.management.jmxremote
07-May-2026 23:33:58.229 INFO [main] org.apache.catalina.startup.VersionLoggerListener.log Command line argument: -Dcom.sun.management.jmxremote.port=1099
07-May-2026 23:33:58.229 INFO [main] org.apache.catalina.startup.VersionLoggerListener.log Command line argument: -Dcom.sun.management.jmxremote.ssl=false
07-May-2026 23:33:58.229 INFO [main] org.apache.catalina.startup.VersionLoggerListener.log Command line argument: -Dcom.sun.management.jmxremote.authenticate=false
07-May-2026 23:33:58.229 INFO [main] org.apache.catalina.startup.VersionLoggerListener.log Command line argument: -Dcom.sun.management.jmxremote.local.only=false
07-May-2026 23:33:58.230 INFO [main] org.apache.catalina.startup.VersionLoggerListener.log Command line argument: --add-opens=java.base/java.lang=ALL-UNNAMED
07-May-2026 23:33:58.230 INFO [main] org.apache.catalina.startup.VersionLoggerListener.log Command line argument: --add-opens=java.base/java.io=ALL-UNNAMED
07-May-2026 23:33:58.230 INFO [main] org.apache.catalina.startup.VersionLoggerListener.log Command line argument: --add-opens=java.base/java.util=ALL-UNNAMED
07-May-2026 23:33:58.230 INFO [main] org.apache.catalina.startup.VersionLoggerListener.log Command line argument: --add-opens=java.base/java.util.concurrent=ALL-UNNAMED
07-May-2026 23:33:58.230 INFO [main] org.apache.catalina.startup.VersionLoggerListener.log Command line argument: --add-opens=java.rmi/sun.rmi.transport=ALL-UNNAMED
07-May-2026 23:33:58.230 INFO [main] org.apache.catalina.startup.VersionLoggerListener.log Command line argument: -Dcatalina.home=E:\apache-tomcat-11.0.21
07-May-2026 23:33:58.230 INFO [main] org.apache.catalina.startup.VersionLoggerListener.log Command line argument: -Dcatalina.base=C:\e-commerce\.devtomcat\Tomcat_Server_e6f0999f
07-May-2026 23:33:58.231 INFO [main] org.apache.catalina.startup.VersionLoggerListener.log Command line argument: -Djava.io.tmpdir=C:\e-commerce\.devtomcat\Tomcat_Server_e6f0999f\temp
07-May-2026 23:33:58.231 INFO [main] org.apache.catalina.startup.VersionLoggerListener.log Command line argument: -Djava.util.logging.config.file=C:\e-commerce\.devtomcat\Tomcat_Server_e6f0999f\conf\logging.properties
07-May-2026 23:33:58.231 INFO [main] org.apache.catalina.startup.VersionLoggerListener.log Command line argument: -Djava.util.logging.manager=org.apache.juli.ClassLoaderLogManager
07-May-2026 23:33:58.231 INFO [main] org.apache.catalina.startup.VersionLoggerListener.log Command line argument: -Dserver.port=8080
07-May-2026 23:33:58.231 INFO [main] org.apache.catalina.startup.VersionLoggerListener.log Command line argument: -Dserver.shutdown.port=8005
07-May-2026 23:33:58.231 INFO [main] org.apache.catalina.startup.VersionLoggerListener.log Command line argument: -javaagent:C:\Program Files\JetBrains\IntelliJ IDEA 2025.3.1.1\lib\idea_rt.jar=64612
07-May-2026 23:33:58.232 INFO [main] org.apache.catalina.startup.VersionLoggerListener.log Command line argument: -Dfile.encoding=UTF-8
07-May-2026 23:33:58.235 INFO [main] org.apache.catalina.core.AprLifecycleListener.lifecycleEvent Loaded Apache Tomcat Native library [2.0.14] using APR version [1.7.6].
07-May-2026 23:33:58.239 INFO [main] org.apache.catalina.core.AprLifecycleListener.initializeSSL OpenSSL successfully initialized [OpenSSL 3.5.5 27 Jan 2026]
07-May-2026 23:33:58.674 INFO [main] org.apache.coyote.AbstractProtocol.init Initializing ProtocolHandler ["http-nio-8080"]
07-May-2026 23:33:58.706 INFO [main] org.apache.catalina.startup.Catalina.load Server initialization in [746] milliseconds
07-May-2026 23:33:58.799 INFO [main] org.apache.catalina.core.StandardService.startInternal Starting service [Catalina]
07-May-2026 23:33:58.800 INFO [main] org.apache.catalina.core.StandardEngine.startInternal Starting Servlet engine: [Apache Tomcat/11.0.21]
07-May-2026 23:33:58.826 INFO [main] org.apache.catalina.startup.HostConfig.deployDescriptor Deploying deployment descriptor [C:\e-commerce\.devtomcat\Tomcat_Server_e6f0999f\conf\Catalina\localhost\e-commerce.xml]
07-May-2026 23:34:00.229 INFO [main] org.apache.jasper.servlet.TldScanner.scanJars At least one JAR was scanned for TLDs yet contained no TLDs. Enable debug logging for this logger for a complete list of JARs that were scanned but no TLDs were found in them. Skipping unneeded JARs during scanning can improve startup time and JSP compilation time.
07-May-2026 23:34:00.352 INFO [main] org.apache.catalina.startup.HostConfig.deployDescriptor Deployment of deployment descriptor [C:\e-commerce\.devtomcat\Tomcat_Server_e6f0999f\conf\Catalina\localhost\e-commerce.xml] has finished in [1,526] ms
07-May-2026 23:34:00.360 INFO [main] org.apache.coyote.AbstractProtocol.start Starting ProtocolHandler ["http-nio-8080"]
07-May-2026 23:34:00.392 INFO [main] org.apache.catalina.startup.Catalina.start Server startup in [1685] milliseconds
07-May-2026 23:35:30.740 INFO [main] org.apache.catalina.core.StandardServer.await A valid shutdown command was received via the shutdown port. Stopping the Server instance.
07-May-2026 23:35:30.741 INFO [main] org.apache.coyote.AbstractProtocol.pause Pausing ProtocolHandler ["http-nio-8080"]
07-May-2026 23:35:30.810 INFO [main] org.apache.catalina.core.StandardService.stopInternal Stopping service [Catalina]
07-May-2026 23:35:30.816 WARNING [main] org.apache.catalina.loader.WebappClassLoaderBase.clearReferencesJdbc The web application [e-commerce] registered the JDBC driver [com.mysql.cj.jdbc.Driver] but failed to unregister it when the web application was stopped. To prevent a memory leak, the JDBC Driver has been forcibly unregistered.
07-May-2026 23:35:30.817 WARNING [main] org.apache.catalina.loader.WebappClassLoaderBase.clearReferencesThreads The web application [e-commerce] appears to have started a thread named [mysql-cj-abandoned-connection-cleanup] but has failed to stop it. This is very likely to create a memory leak. Stack trace of thread:
 java.base@17.0.8/java.lang.Object.wait(Native Method)
 java.base@17.0.8/java.lang.ref.ReferenceQueue.remove(ReferenceQueue.java:155)
 com.mysql.cj.jdbc.AbandonedConnectionCleanupThread.run(AbandonedConnectionCleanupThread.java:91)
 java.base@17.0.8/java.util.concurrent.ThreadPoolExecutor.runWorker(ThreadPoolExecutor.java:1136)
 java.base@17.0.8/java.util.concurrent.ThreadPoolExecutor$Worker.run(ThreadPoolExecutor.java:635)
 java.base@17.0.8/java.lang.Thread.run(Thread.java:833)
07-May-2026 23:35:30.821 INFO [main] org.apache.coyote.AbstractProtocol.stop Stopping ProtocolHandler ["http-nio-8080"]
07-May-2026 23:35:30.842 INFO [main] org.apache.coyote.AbstractProtocol.destroy Destroying ProtocolHandler ["http-nio-8080"]
07-May-2026 23:35:30.892 INFO [mysql-cj-abandoned-connection-cleanup] org.apache.catalina.loader.WebappClassLoaderBase.checkStateForResourceLoading Illegal access: this web application instance has been stopped already. Could not load []. The following stack trace is thrown for debugging purposes as well as to attempt to terminate the thread which caused the illegal access.
	java.lang.IllegalStateException: Illegal access: this web application instance has been stopped already. Could not load []. The following stack trace is thrown for debugging purposes as well as to attempt to terminate the thread which caused the illegal access.
		at org.apache.catalina.loader.WebappClassLoaderBase.checkStateForResourceLoading(WebappClassLoaderBase.java:1244)
		at org.apache.catalina.loader.WebappClassLoaderBase.getResource(WebappClassLoaderBase.java:854)
		at com.mysql.cj.jdbc.AbandonedConnectionCleanupThread.checkThreadContextClassLoader(AbandonedConnectionCleanupThread.java:123)
		at com.mysql.cj.jdbc.AbandonedConnectionCleanupThread.run(AbandonedConnectionCleanupThread.java:90)
		at java.base/java.util.concurrent.ThreadPoolExecutor.runWorker(ThreadPoolExecutor.java:1136)
		at java.base/java.util.concurrent.ThreadPoolExecutor$Worker.run(ThreadPoolExecutor.java:635)
		at java.base/java.lang.Thread.run(Thread.java:833)
07-May-2026 23:35:34.458 INFO [main] org.apache.catalina.startup.VersionLoggerListener.log Server version name:   Apache Tomcat/11.0.21
07-May-2026 23:35:34.461 INFO [main] org.apache.catalina.startup.VersionLoggerListener.log Server built:          Mar 30 2026 14:59:44 UTC
07-May-2026 23:35:34.462 INFO [main] org.apache.catalina.startup.VersionLoggerListener.log Server version number: 11.0.21.0
07-May-2026 23:35:34.462 INFO [main] org.apache.catalina.startup.VersionLoggerListener.log OS Name:               Windows 10
07-May-2026 23:35:34.462 INFO [main] org.apache.catalina.startup.VersionLoggerListener.log OS Version:            10.0
07-May-2026 23:35:34.462 INFO [main] org.apache.catalina.startup.VersionLoggerListener.log Architecture:          amd64
07-May-2026 23:35:34.462 INFO [main] org.apache.catalina.startup.VersionLoggerListener.log Java Home:             C:\Program Files\Java\jdk-17.0.8
07-May-2026 23:35:34.463 INFO [main] org.apache.catalina.startup.VersionLoggerListener.log JVM Version:           17.0.8+9-LTS-211
07-May-2026 23:35:34.463 INFO [main] org.apache.catalina.startup.VersionLoggerListener.log JVM Vendor:            Oracle Corporation
07-May-2026 23:35:34.464 INFO [main] org.apache.catalina.startup.VersionLoggerListener.log CATALINA_BASE:         C:\e-commerce\.devtomcat\Tomcat_Server_e6f0999f
07-May-2026 23:35:34.465 INFO [main] org.apache.catalina.startup.VersionLoggerListener.log CATALINA_HOME:         E:\apache-tomcat-11.0.21
07-May-2026 23:35:34.466 INFO [main] org.apache.catalina.startup.VersionLoggerListener.log Command line argument: -Dcom.sun.management.jmxremote
07-May-2026 23:35:34.466 INFO [main] org.apache.catalina.startup.VersionLoggerListener.log Command line argument: -Dcom.sun.management.jmxremote.port=1099
07-May-2026 23:35:34.467 INFO [main] org.apache.catalina.startup.VersionLoggerListener.log Command line argument: -Dcom.sun.management.jmxremote.ssl=false
07-May-2026 23:35:34.467 INFO [main] org.apache.catalina.startup.VersionLoggerListener.log Command line argument: -Dcom.sun.management.jmxremote.authenticate=false
07-May-2026 23:35:34.467 INFO [main] org.apache.catalina.startup.VersionLoggerListener.log Command line argument: -Dcom.sun.management.jmxremote.local.only=false
07-May-2026 23:35:34.467 INFO [main] org.apache.catalina.startup.VersionLoggerListener.log Command line argument: --add-opens=java.base/java.lang=ALL-UNNAMED
07-May-2026 23:35:34.467 INFO [main] org.apache.catalina.startup.VersionLoggerListener.log Command line argument: --add-opens=java.base/java.io=ALL-UNNAMED
07-May-2026 23:35:34.468 INFO [main] org.apache.catalina.startup.VersionLoggerListener.log Command line argument: --add-opens=java.base/java.util=ALL-UNNAMED
07-May-2026 23:35:34.468 INFO [main] org.apache.catalina.startup.VersionLoggerListener.log Command line argument: --add-opens=java.base/java.util.concurrent=ALL-UNNAMED
07-May-2026 23:35:34.468 INFO [main] org.apache.catalina.startup.VersionLoggerListener.log Command line argument: --add-opens=java.rmi/sun.rmi.transport=ALL-UNNAMED
07-May-2026 23:35:34.468 INFO [main] org.apache.catalina.startup.VersionLoggerListener.log Command line argument: -Dcatalina.home=E:\apache-tomcat-11.0.21
07-May-2026 23:35:34.468 INFO [main] org.apache.catalina.startup.VersionLoggerListener.log Command line argument: -Dcatalina.base=C:\e-commerce\.devtomcat\Tomcat_Server_e6f0999f
07-May-2026 23:35:34.468 INFO [main] org.apache.catalina.startup.VersionLoggerListener.log Command line argument: -Djava.io.tmpdir=C:\e-commerce\.devtomcat\Tomcat_Server_e6f0999f\temp
07-May-2026 23:35:34.469 INFO [main] org.apache.catalina.startup.VersionLoggerListener.log Command line argument: -Djava.util.logging.config.file=C:\e-commerce\.devtomcat\Tomcat_Server_e6f0999f\conf\logging.properties
07-May-2026 23:35:34.469 INFO [main] org.apache.catalina.startup.VersionLoggerListener.log Command line argument: -Djava.util.logging.manager=org.apache.juli.ClassLoaderLogManager
07-May-2026 23:35:34.469 INFO [main] org.apache.catalina.startup.VersionLoggerListener.log Command line argument: -Dserver.port=8080
07-May-2026 23:35:34.469 INFO [main] org.apache.catalina.startup.VersionLoggerListener.log Command line argument: -Dserver.shutdown.port=8005
07-May-2026 23:35:34.470 INFO [main] org.apache.catalina.startup.VersionLoggerListener.log Command line argument: -javaagent:C:\Program Files\JetBrains\IntelliJ IDEA 2025.3.1.1\lib\idea_rt.jar=62282
07-May-2026 23:35:34.470 INFO [main] org.apache.catalina.startup.VersionLoggerListener.log Command line argument: -Dfile.encoding=UTF-8
07-May-2026 23:35:34.473 INFO [main] org.apache.catalina.core.AprLifecycleListener.lifecycleEvent Loaded Apache Tomcat Native library [2.0.14] using APR version [1.7.6].
07-May-2026 23:35:34.479 INFO [main] org.apache.catalina.core.AprLifecycleListener.initializeSSL OpenSSL successfully initialized [OpenSSL 3.5.5 27 Jan 2026]
07-May-2026 23:35:34.800 INFO [main] org.apache.coyote.AbstractProtocol.init Initializing ProtocolHandler ["http-nio-8080"]
07-May-2026 23:35:34.825 INFO [main] org.apache.catalina.startup.Catalina.load Server initialization in [655] milliseconds
07-May-2026 23:35:34.891 INFO [main] org.apache.catalina.core.StandardService.startInternal Starting service [Catalina]
07-May-2026 23:35:34.892 INFO [main] org.apache.catalina.core.StandardEngine.startInternal Starting Servlet engine: [Apache Tomcat/11.0.21]
07-May-2026 23:35:34.905 INFO [main] org.apache.catalina.startup.HostConfig.deployDescriptor Deploying deployment descriptor [C:\e-commerce\.devtomcat\Tomcat_Server_e6f0999f\conf\Catalina\localhost\e-commerce.xml]
07-May-2026 23:35:36.174 INFO [main] org.apache.jasper.servlet.TldScanner.scanJars At least one JAR was scanned for TLDs yet contained no TLDs. Enable debug logging for this logger for a complete list of JARs that were scanned but no TLDs were found in them. Skipping unneeded JARs during scanning can improve startup time and JSP compilation time.
07-May-2026 23:35:36.303 INFO [main] org.apache.catalina.startup.HostConfig.deployDescriptor Deployment of deployment descriptor [C:\e-commerce\.devtomcat\Tomcat_Server_e6f0999f\conf\Catalina\localhost\e-commerce.xml] has finished in [1,397] ms
07-May-2026 23:35:36.310 INFO [main] org.apache.coyote.AbstractProtocol.start Starting ProtocolHandler ["http-nio-8080"]
07-May-2026 23:35:36.340 INFO [main] org.apache.catalina.startup.Catalina.start Server startup in [1514] milliseconds
07-May-2026 23:45:38.960 INFO [main] org.apache.catalina.core.StandardServer.await A valid shutdown command was received via the shutdown port. Stopping the Server instance.
07-May-2026 23:45:38.961 INFO [main] org.apache.coyote.AbstractProtocol.pause Pausing ProtocolHandler ["http-nio-8080"]
07-May-2026 23:45:39.039 INFO [main] org.apache.catalina.core.StandardService.stopInternal Stopping service [Catalina]
07-May-2026 23:45:39.045 WARNING [main] org.apache.catalina.loader.WebappClassLoaderBase.clearReferencesJdbc The web application [e-commerce] registered the JDBC driver [com.mysql.cj.jdbc.Driver] but failed to unregister it when the web application was stopped. To prevent a memory leak, the JDBC Driver has been forcibly unregistered.
07-May-2026 23:45:39.046 WARNING [main] org.apache.catalina.loader.WebappClassLoaderBase.clearReferencesThreads The web application [e-commerce] appears to have started a thread named [mysql-cj-abandoned-connection-cleanup] but has failed to stop it. This is very likely to create a memory leak. Stack trace of thread:
 java.base@17.0.8/java.lang.Object.wait(Native Method)
 java.base@17.0.8/java.lang.ref.ReferenceQueue.remove(ReferenceQueue.java:155)
 com.mysql.cj.jdbc.AbandonedConnectionCleanupThread.run(AbandonedConnectionCleanupThread.java:91)
 java.base@17.0.8/java.util.concurrent.ThreadPoolExecutor.runWorker(ThreadPoolExecutor.java:1136)
 java.base@17.0.8/java.util.concurrent.ThreadPoolExecutor$Worker.run(ThreadPoolExecutor.java:635)
 java.base@17.0.8/java.lang.Thread.run(Thread.java:833)
07-May-2026 23:45:39.052 INFO [main] org.apache.coyote.AbstractProtocol.stop Stopping ProtocolHandler ["http-nio-8080"]
07-May-2026 23:45:39.076 INFO [main] org.apache.coyote.AbstractProtocol.destroy Destroying ProtocolHandler ["http-nio-8080"]
07-May-2026 23:45:39.104 INFO [mysql-cj-abandoned-connection-cleanup] org.apache.catalina.loader.WebappClassLoaderBase.checkStateForResourceLoading Illegal access: this web application instance has been stopped already. Could not load []. The following stack trace is thrown for debugging purposes as well as to attempt to terminate the thread which caused the illegal access.
	java.lang.IllegalStateException: Illegal access: this web application instance has been stopped already. Could not load []. The following stack trace is thrown for debugging purposes as well as to attempt to terminate the thread which caused the illegal access.
		at org.apache.catalina.loader.WebappClassLoaderBase.checkStateForResourceLoading(WebappClassLoaderBase.java:1244)
		at org.apache.catalina.loader.WebappClassLoaderBase.getResource(WebappClassLoaderBase.java:854)
		at com.mysql.cj.jdbc.AbandonedConnectionCleanupThread.checkThreadContextClassLoader(AbandonedConnectionCleanupThread.java:123)
		at com.mysql.cj.jdbc.AbandonedConnectionCleanupThread.run(AbandonedConnectionCleanupThread.java:90)
		at java.base/java.util.concurrent.ThreadPoolExecutor.runWorker(ThreadPoolExecutor.java:1136)
		at java.base/java.util.concurrent.ThreadPoolExecutor$Worker.run(ThreadPoolExecutor.java:635)
		at java.base/java.lang.Thread.run(Thread.java:833)
07-May-2026 23:45:39.105 INFO [mysql-cj-abandoned-connection-cleanup] org.apache.catalina.loader.WebappClassLoaderBase.checkStateForResourceLoading Illegal access: this web application instance has been stopped already. Could not load []. The following stack trace is thrown for debugging purposes as well as to attempt to terminate the thread which caused the illegal access.
	java.lang.IllegalStateException: Illegal access: this web application instance has been stopped already. Could not load []. The following stack trace is thrown for debugging purposes as well as to attempt to terminate the thread which caused the illegal access.
		at org.apache.catalina.loader.WebappClassLoaderBase.checkStateForResourceLoading(WebappClassLoaderBase.java:1244)
		at org.apache.catalina.loader.WebappClassLoaderBase.getResource(WebappClassLoaderBase.java:854)
		at com.mysql.cj.jdbc.AbandonedConnectionCleanupThread.checkThreadContextClassLoader(AbandonedConnectionCleanupThread.java:123)
		at com.mysql.cj.jdbc.AbandonedConnectionCleanupThread.run(AbandonedConnectionCleanupThread.java:90)
		at java.base/java.util.concurrent.ThreadPoolExecutor.runWorker(ThreadPoolExecutor.java:1136)
		at java.base/java.util.concurrent.ThreadPoolExecutor$Worker.run(ThreadPoolExecutor.java:635)
		at java.base/java.lang.Thread.run(Thread.java:833)
07-May-2026 23:45:51.658 INFO [main] org.apache.catalina.startup.VersionLoggerListener.log Server version name:   Apache Tomcat/11.0.21
07-May-2026 23:45:51.661 INFO [main] org.apache.catalina.startup.VersionLoggerListener.log Server built:          Mar 30 2026 14:59:44 UTC
07-May-2026 23:45:51.662 INFO [main] org.apache.catalina.startup.VersionLoggerListener.log Server version number: 11.0.21.0
07-May-2026 23:45:51.662 INFO [main] org.apache.catalina.startup.VersionLoggerListener.log OS Name:               Windows 10
07-May-2026 23:45:51.662 INFO [main] org.apache.catalina.startup.VersionLoggerListener.log OS Version:            10.0
07-May-2026 23:45:51.663 INFO [main] org.apache.catalina.startup.VersionLoggerListener.log Architecture:          amd64
07-May-2026 23:45:51.663 INFO [main] org.apache.catalina.startup.VersionLoggerListener.log Java Home:             C:\Program Files\Java\jdk-17.0.8
07-May-2026 23:45:51.663 INFO [main] org.apache.catalina.startup.VersionLoggerListener.log JVM Version:           17.0.8+9-LTS-211
07-May-2026 23:45:51.663 INFO [main] org.apache.catalina.startup.VersionLoggerListener.log JVM Vendor:            Oracle Corporation
07-May-2026 23:45:51.663 INFO [main] org.apache.catalina.startup.VersionLoggerListener.log CATALINA_BASE:         C:\e-commerce\.devtomcat\Tomcat_Server_e6f0999f
07-May-2026 23:45:51.663 INFO [main] org.apache.catalina.startup.VersionLoggerListener.log CATALINA_HOME:         E:\apache-tomcat-11.0.21
07-May-2026 23:45:51.665 INFO [main] org.apache.catalina.startup.VersionLoggerListener.log Command line argument: -Dcom.sun.management.jmxremote
07-May-2026 23:45:51.666 INFO [main] org.apache.catalina.startup.VersionLoggerListener.log Command line argument: -Dcom.sun.management.jmxremote.port=1099
07-May-2026 23:45:51.666 INFO [main] org.apache.catalina.startup.VersionLoggerListener.log Command line argument: -Dcom.sun.management.jmxremote.ssl=false
07-May-2026 23:45:51.666 INFO [main] org.apache.catalina.startup.VersionLoggerListener.log Command line argument: -Dcom.sun.management.jmxremote.authenticate=false
07-May-2026 23:45:51.666 INFO [main] org.apache.catalina.startup.VersionLoggerListener.log Command line argument: -Dcom.sun.management.jmxremote.local.only=false
07-May-2026 23:45:51.666 INFO [main] org.apache.catalina.startup.VersionLoggerListener.log Command line argument: --add-opens=java.base/java.lang=ALL-UNNAMED
07-May-2026 23:45:51.667 INFO [main] org.apache.catalina.startup.VersionLoggerListener.log Command line argument: --add-opens=java.base/java.io=ALL-UNNAMED
07-May-2026 23:45:51.667 INFO [main] org.apache.catalina.startup.VersionLoggerListener.log Command line argument: --add-opens=java.base/java.util=ALL-UNNAMED
07-May-2026 23:45:51.667 INFO [main] org.apache.catalina.startup.VersionLoggerListener.log Command line argument: --add-opens=java.base/java.util.concurrent=ALL-UNNAMED
07-May-2026 23:45:51.667 INFO [main] org.apache.catalina.startup.VersionLoggerListener.log Command line argument: --add-opens=java.rmi/sun.rmi.transport=ALL-UNNAMED
07-May-2026 23:45:51.667 INFO [main] org.apache.catalina.startup.VersionLoggerListener.log Command line argument: -Dcatalina.home=E:\apache-tomcat-11.0.21
07-May-2026 23:45:51.667 INFO [main] org.apache.catalina.startup.VersionLoggerListener.log Command line argument: -Dcatalina.base=C:\e-commerce\.devtomcat\Tomcat_Server_e6f0999f
07-May-2026 23:45:51.668 INFO [main] org.apache.catalina.startup.VersionLoggerListener.log Command line argument: -Djava.io.tmpdir=C:\e-commerce\.devtomcat\Tomcat_Server_e6f0999f\temp
07-May-2026 23:45:51.668 INFO [main] org.apache.catalina.startup.VersionLoggerListener.log Command line argument: -Djava.util.logging.config.file=C:\e-commerce\.devtomcat\Tomcat_Server_e6f0999f\conf\logging.properties
07-May-2026 23:45:51.668 INFO [main] org.apache.catalina.startup.VersionLoggerListener.log Command line argument: -Djava.util.logging.manager=org.apache.juli.ClassLoaderLogManager
07-May-2026 23:45:51.668 INFO [main] org.apache.catalina.startup.VersionLoggerListener.log Command line argument: -Dserver.port=8080
07-May-2026 23:45:51.668 INFO [main] org.apache.catalina.startup.VersionLoggerListener.log Command line argument: -Dserver.shutdown.port=8005
07-May-2026 23:45:51.668 INFO [main] org.apache.catalina.startup.VersionLoggerListener.log Command line argument: -javaagent:C:\Program Files\JetBrains\IntelliJ IDEA 2025.3.1.1\lib\idea_rt.jar=61795
07-May-2026 23:45:51.669 INFO [main] org.apache.catalina.startup.VersionLoggerListener.log Command line argument: -Dfile.encoding=UTF-8
07-May-2026 23:45:51.671 INFO [main] org.apache.catalina.core.AprLifecycleListener.lifecycleEvent Loaded Apache Tomcat Native library [2.0.14] using APR version [1.7.6].
07-May-2026 23:45:51.677 INFO [main] org.apache.catalina.core.AprLifecycleListener.initializeSSL OpenSSL successfully initialized [OpenSSL 3.5.5 27 Jan 2026]
07-May-2026 23:45:51.940 INFO [main] org.apache.coyote.AbstractProtocol.init Initializing ProtocolHandler ["http-nio-8080"]
07-May-2026 23:45:51.969 INFO [main] org.apache.catalina.startup.Catalina.load Server initialization in [566] milliseconds
07-May-2026 23:45:52.027 INFO [main] org.apache.catalina.core.StandardService.startInternal Starting service [Catalina]
07-May-2026 23:45:52.027 INFO [main] org.apache.catalina.core.StandardEngine.startInternal Starting Servlet engine: [Apache Tomcat/11.0.21]
07-May-2026 23:45:52.038 INFO [main] org.apache.catalina.startup.HostConfig.deployDescriptor Deploying deployment descriptor [C:\e-commerce\.devtomcat\Tomcat_Server_e6f0999f\conf\Catalina\localhost\e-commerce.xml]
07-May-2026 23:45:53.231 INFO [main] org.apache.jasper.servlet.TldScanner.scanJars At least one JAR was scanned for TLDs yet contained no TLDs. Enable debug logging for this logger for a complete list of JARs that were scanned but no TLDs were found in them. Skipping unneeded JARs during scanning can improve startup time and JSP compilation time.
07-May-2026 23:45:53.376 WARNING [main] org.apache.catalina.util.SessionIdGeneratorBase.createSecureRandom Creation of SecureRandom instance for session ID generation using [SHA1PRNG] took [111] milliseconds.
07-May-2026 23:45:53.419 INFO [main] org.apache.catalina.startup.HostConfig.deployDescriptor Deployment of deployment descriptor [C:\e-commerce\.devtomcat\Tomcat_Server_e6f0999f\conf\Catalina\localhost\e-commerce.xml] has finished in [1,381] ms
07-May-2026 23:45:53.430 INFO [main] org.apache.coyote.AbstractProtocol.start Starting ProtocolHandler ["http-nio-8080"]
07-May-2026 23:45:53.472 INFO [main] org.apache.catalina.startup.Catalina.start Server startup in [1502] milliseconds
07-May-2026 23:50:25.574 INFO [main] org.apache.catalina.core.StandardServer.await A valid shutdown command was received via the shutdown port. Stopping the Server instance.
07-May-2026 23:50:25.574 INFO [main] org.apache.coyote.AbstractProtocol.pause Pausing ProtocolHandler ["http-nio-8080"]
07-May-2026 23:50:25.639 INFO [main] org.apache.catalina.core.StandardService.stopInternal Stopping service [Catalina]
07-May-2026 23:50:25.644 WARNING [main] org.apache.catalina.loader.WebappClassLoaderBase.clearReferencesJdbc The web application [e-commerce] registered the JDBC driver [com.mysql.cj.jdbc.Driver] but failed to unregister it when the web application was stopped. To prevent a memory leak, the JDBC Driver has been forcibly unregistered.
07-May-2026 23:50:25.645 WARNING [main] org.apache.catalina.loader.WebappClassLoaderBase.clearReferencesThreads The web application [e-commerce] appears to have started a thread named [mysql-cj-abandoned-connection-cleanup] but has failed to stop it. This is very likely to create a memory leak. Stack trace of thread:
 java.base@17.0.8/java.lang.Object.wait(Native Method)
 java.base@17.0.8/java.lang.ref.ReferenceQueue.remove(ReferenceQueue.java:155)
 com.mysql.cj.jdbc.AbandonedConnectionCleanupThread.run(AbandonedConnectionCleanupThread.java:91)
 java.base@17.0.8/java.util.concurrent.ThreadPoolExecutor.runWorker(ThreadPoolExecutor.java:1136)
 java.base@17.0.8/java.util.concurrent.ThreadPoolExecutor$Worker.run(ThreadPoolExecutor.java:635)
 java.base@17.0.8/java.lang.Thread.run(Thread.java:833)
07-May-2026 23:50:25.650 INFO [main] org.apache.coyote.AbstractProtocol.stop Stopping ProtocolHandler ["http-nio-8080"]
07-May-2026 23:50:25.670 INFO [main] org.apache.coyote.AbstractProtocol.destroy Destroying ProtocolHandler ["http-nio-8080"]
07-May-2026 23:50:25.700 INFO [mysql-cj-abandoned-connection-cleanup] org.apache.catalina.loader.WebappClassLoaderBase.checkStateForResourceLoading Illegal access: this web application instance has been stopped already. Could not load []. The following stack trace is thrown for debugging purposes as well as to attempt to terminate the thread which caused the illegal access.
	java.lang.IllegalStateException: Illegal access: this web application instance has been stopped already. Could not load []. The following stack trace is thrown for debugging purposes as well as to attempt to terminate the thread which caused the illegal access.
		at org.apache.catalina.loader.WebappClassLoaderBase.checkStateForResourceLoading(WebappClassLoaderBase.java:1244)
		at org.apache.catalina.loader.WebappClassLoaderBase.getResource(WebappClassLoaderBase.java:854)
		at com.mysql.cj.jdbc.AbandonedConnectionCleanupThread.checkThreadContextClassLoader(AbandonedConnectionCleanupThread.java:123)
		at com.mysql.cj.jdbc.AbandonedConnectionCleanupThread.run(AbandonedConnectionCleanupThread.java:90)
		at java.base/java.util.concurrent.ThreadPoolExecutor.runWorker(ThreadPoolExecutor.java:1136)
		at java.base/java.util.concurrent.ThreadPoolExecutor$Worker.run(ThreadPoolExecutor.java:635)
		at java.base/java.lang.Thread.run(Thread.java:833)
07-May-2026 23:50:31.261 INFO [main] org.apache.catalina.startup.VersionLoggerListener.log Server version name:   Apache Tomcat/11.0.21
07-May-2026 23:50:31.265 INFO [main] org.apache.catalina.startup.VersionLoggerListener.log Server built:          Mar 30 2026 14:59:44 UTC
07-May-2026 23:50:31.265 INFO [main] org.apache.catalina.startup.VersionLoggerListener.log Server version number: 11.0.21.0
07-May-2026 23:50:31.265 INFO [main] org.apache.catalina.startup.VersionLoggerListener.log OS Name:               Windows 10
07-May-2026 23:50:31.266 INFO [main] org.apache.catalina.startup.VersionLoggerListener.log OS Version:            10.0
07-May-2026 23:50:31.266 INFO [main] org.apache.catalina.startup.VersionLoggerListener.log Architecture:          amd64
07-May-2026 23:50:31.266 INFO [main] org.apache.catalina.startup.VersionLoggerListener.log Java Home:             C:\Program Files\Java\jdk-17.0.8
07-May-2026 23:50:31.266 INFO [main] org.apache.catalina.startup.VersionLoggerListener.log JVM Version:           17.0.8+9-LTS-211
07-May-2026 23:50:31.267 INFO [main] org.apache.catalina.startup.VersionLoggerListener.log JVM Vendor:            Oracle Corporation
07-May-2026 23:50:31.267 INFO [main] org.apache.catalina.startup.VersionLoggerListener.log CATALINA_BASE:         C:\e-commerce\.devtomcat\Tomcat_Server_e6f0999f
07-May-2026 23:50:31.267 INFO [main] org.apache.catalina.startup.VersionLoggerListener.log CATALINA_HOME:         E:\apache-tomcat-11.0.21
07-May-2026 23:50:31.269 INFO [main] org.apache.catalina.startup.VersionLoggerListener.log Command line argument: -Dcom.sun.management.jmxremote
07-May-2026 23:50:31.269 INFO [main] org.apache.catalina.startup.VersionLoggerListener.log Command line argument: -Dcom.sun.management.jmxremote.port=1099
07-May-2026 23:50:31.269 INFO [main] org.apache.catalina.startup.VersionLoggerListener.log Command line argument: -Dcom.sun.management.jmxremote.ssl=false
07-May-2026 23:50:31.269 INFO [main] org.apache.catalina.startup.VersionLoggerListener.log Command line argument: -Dcom.sun.management.jmxremote.authenticate=false
07-May-2026 23:50:31.270 INFO [main] org.apache.catalina.startup.VersionLoggerListener.log Command line argument: -Dcom.sun.management.jmxremote.local.only=false
07-May-2026 23:50:31.270 INFO [main] org.apache.catalina.startup.VersionLoggerListener.log Command line argument: --add-opens=java.base/java.lang=ALL-UNNAMED
07-May-2026 23:50:31.270 INFO [main] org.apache.catalina.startup.VersionLoggerListener.log Command line argument: --add-opens=java.base/java.io=ALL-UNNAMED
07-May-2026 23:50:31.270 INFO [main] org.apache.catalina.startup.VersionLoggerListener.log Command line argument: --add-opens=java.base/java.util=ALL-UNNAMED
07-May-2026 23:50:31.270 INFO [main] org.apache.catalina.startup.VersionLoggerListener.log Command line argument: --add-opens=java.base/java.util.concurrent=ALL-UNNAMED
07-May-2026 23:50:31.270 INFO [main] org.apache.catalina.startup.VersionLoggerListener.log Command line argument: --add-opens=java.rmi/sun.rmi.transport=ALL-UNNAMED
07-May-2026 23:50:31.271 INFO [main] org.apache.catalina.startup.VersionLoggerListener.log Command line argument: -Dcatalina.home=E:\apache-tomcat-11.0.21
07-May-2026 23:50:31.271 INFO [main] org.apache.catalina.startup.VersionLoggerListener.log Command line argument: -Dcatalina.base=C:\e-commerce\.devtomcat\Tomcat_Server_e6f0999f
07-May-2026 23:50:31.271 INFO [main] org.apache.catalina.startup.VersionLoggerListener.log Command line argument: -Djava.io.tmpdir=C:\e-commerce\.devtomcat\Tomcat_Server_e6f0999f\temp
07-May-2026 23:50:31.271 INFO [main] org.apache.catalina.startup.VersionLoggerListener.log Command line argument: -Djava.util.logging.config.file=C:\e-commerce\.devtomcat\Tomcat_Server_e6f0999f\conf\logging.properties
07-May-2026 23:50:31.271 INFO [main] org.apache.catalina.startup.VersionLoggerListener.log Command line argument: -Djava.util.logging.manager=org.apache.juli.ClassLoaderLogManager
07-May-2026 23:50:31.271 INFO [main] org.apache.catalina.startup.VersionLoggerListener.log Command line argument: -Dserver.port=8080
07-May-2026 23:50:31.271 INFO [main] org.apache.catalina.startup.VersionLoggerListener.log Command line argument: -Dserver.shutdown.port=8005
07-May-2026 23:50:31.271 INFO [main] org.apache.catalina.startup.VersionLoggerListener.log Command line argument: -javaagent:C:\Program Files\JetBrains\IntelliJ IDEA 2025.3.1.1\lib\idea_rt.jar=56871
07-May-2026 23:50:31.271 INFO [main] org.apache.catalina.startup.VersionLoggerListener.log Command line argument: -Dfile.encoding=UTF-8
07-May-2026 23:50:31.274 INFO [main] org.apache.catalina.core.AprLifecycleListener.lifecycleEvent Loaded Apache Tomcat Native library [2.0.14] using APR version [1.7.6].
07-May-2026 23:50:31.280 INFO [main] org.apache.catalina.core.AprLifecycleListener.initializeSSL OpenSSL successfully initialized [OpenSSL 3.5.5 27 Jan 2026]
07-May-2026 23:50:31.571 INFO [main] org.apache.coyote.AbstractProtocol.init Initializing ProtocolHandler ["http-nio-8080"]
07-May-2026 23:50:31.610 INFO [main] org.apache.catalina.startup.Catalina.load Server initialization in [598] milliseconds
07-May-2026 23:50:31.675 INFO [main] org.apache.catalina.core.StandardService.startInternal Starting service [Catalina]
07-May-2026 23:50:31.675 INFO [main] org.apache.catalina.core.StandardEngine.startInternal Starting Servlet engine: [Apache Tomcat/11.0.21]
07-May-2026 23:50:31.692 INFO [main] org.apache.catalina.startup.HostConfig.deployDescriptor Deploying deployment descriptor [C:\e-commerce\.devtomcat\Tomcat_Server_e6f0999f\conf\Catalina\localhost\e-commerce.xml]
07-May-2026 23:50:33.007 INFO [main] org.apache.jasper.servlet.TldScanner.scanJars At least one JAR was scanned for TLDs yet contained no TLDs. Enable debug logging for this logger for a complete list of JARs that were scanned but no TLDs were found in them. Skipping unneeded JARs during scanning can improve startup time and JSP compilation time.
07-May-2026 23:50:33.351 WARNING [main] org.apache.catalina.util.SessionIdGeneratorBase.createSecureRandom Creation of SecureRandom instance for session ID generation using [SHA1PRNG] took [309] milliseconds.
07-May-2026 23:50:33.460 INFO [main] org.apache.catalina.startup.HostConfig.deployDescriptor Deployment of deployment descriptor [C:\e-commerce\.devtomcat\Tomcat_Server_e6f0999f\conf\Catalina\localhost\e-commerce.xml] has finished in [1,768] ms
07-May-2026 23:50:33.466 INFO [main] org.apache.coyote.AbstractProtocol.start Starting ProtocolHandler ["http-nio-8080"]
07-May-2026 23:50:33.530 INFO [main] org.apache.catalina.startup.Catalina.start Server startup in [1919] milliseconds
07-May-2026 23:57:25.307 INFO [main] org.apache.catalina.core.StandardServer.await A valid shutdown command was received via the shutdown port. Stopping the Server instance.
07-May-2026 23:57:25.307 INFO [main] org.apache.coyote.AbstractProtocol.pause Pausing ProtocolHandler ["http-nio-8080"]
07-May-2026 23:57:25.371 INFO [main] org.apache.catalina.core.StandardService.stopInternal Stopping service [Catalina]
07-May-2026 23:57:25.376 WARNING [main] org.apache.catalina.loader.WebappClassLoaderBase.clearReferencesJdbc The web application [e-commerce] registered the JDBC driver [com.mysql.cj.jdbc.Driver] but failed to unregister it when the web application was stopped. To prevent a memory leak, the JDBC Driver has been forcibly unregistered.
07-May-2026 23:57:25.377 WARNING [main] org.apache.catalina.loader.WebappClassLoaderBase.clearReferencesThreads The web application [e-commerce] appears to have started a thread named [mysql-cj-abandoned-connection-cleanup] but has failed to stop it. This is very likely to create a memory leak. Stack trace of thread:
 java.base@17.0.8/java.lang.Object.wait(Native Method)
 java.base@17.0.8/java.lang.ref.ReferenceQueue.remove(ReferenceQueue.java:155)
 com.mysql.cj.jdbc.AbandonedConnectionCleanupThread.run(AbandonedConnectionCleanupThread.java:91)
 java.base@17.0.8/java.util.concurrent.ThreadPoolExecutor.runWorker(ThreadPoolExecutor.java:1136)
 java.base@17.0.8/java.util.concurrent.ThreadPoolExecutor$Worker.run(ThreadPoolExecutor.java:635)
 java.base@17.0.8/java.lang.Thread.run(Thread.java:833)
07-May-2026 23:57:25.382 INFO [main] org.apache.coyote.AbstractProtocol.stop Stopping ProtocolHandler ["http-nio-8080"]
07-May-2026 23:57:25.400 INFO [main] org.apache.coyote.AbstractProtocol.destroy Destroying ProtocolHandler ["http-nio-8080"]
07-May-2026 23:57:25.459 INFO [mysql-cj-abandoned-connection-cleanup] org.apache.catalina.loader.WebappClassLoaderBase.checkStateForResourceLoading Illegal access: this web application instance has been stopped already. Could not load []. The following stack trace is thrown for debugging purposes as well as to attempt to terminate the thread which caused the illegal access.
	java.lang.IllegalStateException: Illegal access: this web application instance has been stopped already. Could not load []. The following stack trace is thrown for debugging purposes as well as to attempt to terminate the thread which caused the illegal access.
		at org.apache.catalina.loader.WebappClassLoaderBase.checkStateForResourceLoading(WebappClassLoaderBase.java:1244)
		at org.apache.catalina.loader.WebappClassLoaderBase.getResource(WebappClassLoaderBase.java:854)
		at com.mysql.cj.jdbc.AbandonedConnectionCleanupThread.checkThreadContextClassLoader(AbandonedConnectionCleanupThread.java:123)
		at com.mysql.cj.jdbc.AbandonedConnectionCleanupThread.run(AbandonedConnectionCleanupThread.java:90)
		at java.base/java.util.concurrent.ThreadPoolExecutor.runWorker(ThreadPoolExecutor.java:1136)
		at java.base/java.util.concurrent.ThreadPoolExecutor$Worker.run(ThreadPoolExecutor.java:635)
		at java.base/java.lang.Thread.run(Thread.java:833)
07-May-2026 23:57:30.488 INFO [main] org.apache.catalina.startup.VersionLoggerListener.log Server version name:   Apache Tomcat/11.0.21
07-May-2026 23:57:30.492 INFO [main] org.apache.catalina.startup.VersionLoggerListener.log Server built:          Mar 30 2026 14:59:44 UTC
07-May-2026 23:57:30.492 INFO [main] org.apache.catalina.startup.VersionLoggerListener.log Server version number: 11.0.21.0
07-May-2026 23:57:30.492 INFO [main] org.apache.catalina.startup.VersionLoggerListener.log OS Name:               Windows 10
07-May-2026 23:57:30.493 INFO [main] org.apache.catalina.startup.VersionLoggerListener.log OS Version:            10.0
07-May-2026 23:57:30.493 INFO [main] org.apache.catalina.startup.VersionLoggerListener.log Architecture:          amd64
07-May-2026 23:57:30.493 INFO [main] org.apache.catalina.startup.VersionLoggerListener.log Java Home:             C:\Program Files\Java\jdk-17.0.8
07-May-2026 23:57:30.493 INFO [main] org.apache.catalina.startup.VersionLoggerListener.log JVM Version:           17.0.8+9-LTS-211
07-May-2026 23:57:30.493 INFO [main] org.apache.catalina.startup.VersionLoggerListener.log JVM Vendor:            Oracle Corporation
07-May-2026 23:57:30.494 INFO [main] org.apache.catalina.startup.VersionLoggerListener.log CATALINA_BASE:         C:\e-commerce\.devtomcat\Tomcat_Server_e6f0999f
07-May-2026 23:57:30.494 INFO [main] org.apache.catalina.startup.VersionLoggerListener.log CATALINA_HOME:         E:\apache-tomcat-11.0.21
07-May-2026 23:57:30.497 INFO [main] org.apache.catalina.startup.VersionLoggerListener.log Command line argument: -Dcom.sun.management.jmxremote
07-May-2026 23:57:30.497 INFO [main] org.apache.catalina.startup.VersionLoggerListener.log Command line argument: -Dcom.sun.management.jmxremote.port=1099
07-May-2026 23:57:30.497 INFO [main] org.apache.catalina.startup.VersionLoggerListener.log Command line argument: -Dcom.sun.management.jmxremote.ssl=false
07-May-2026 23:57:30.498 INFO [main] org.apache.catalina.startup.VersionLoggerListener.log Command line argument: -Dcom.sun.management.jmxremote.authenticate=false
07-May-2026 23:57:30.499 INFO [main] org.apache.catalina.startup.VersionLoggerListener.log Command line argument: -Dcom.sun.management.jmxremote.local.only=false
07-May-2026 23:57:30.499 INFO [main] org.apache.catalina.startup.VersionLoggerListener.log Command line argument: --add-opens=java.base/java.lang=ALL-UNNAMED
07-May-2026 23:57:30.500 INFO [main] org.apache.catalina.startup.VersionLoggerListener.log Command line argument: --add-opens=java.base/java.io=ALL-UNNAMED
07-May-2026 23:57:30.500 INFO [main] org.apache.catalina.startup.VersionLoggerListener.log Command line argument: --add-opens=java.base/java.util=ALL-UNNAMED
07-May-2026 23:57:30.500 INFO [main] org.apache.catalina.startup.VersionLoggerListener.log Command line argument: --add-opens=java.base/java.util.concurrent=ALL-UNNAMED
07-May-2026 23:57:30.501 INFO [main] org.apache.catalina.startup.VersionLoggerListener.log Command line argument: --add-opens=java.rmi/sun.rmi.transport=ALL-UNNAMED
07-May-2026 23:57:30.501 INFO [main] org.apache.catalina.startup.VersionLoggerListener.log Command line argument: -Dcatalina.home=E:\apache-tomcat-11.0.21
07-May-2026 23:57:30.501 INFO [main] org.apache.catalina.startup.VersionLoggerListener.log Command line argument: -Dcatalina.base=C:\e-commerce\.devtomcat\Tomcat_Server_e6f0999f
07-May-2026 23:57:30.501 INFO [main] org.apache.catalina.startup.VersionLoggerListener.log Command line argument: -Djava.io.tmpdir=C:\e-commerce\.devtomcat\Tomcat_Server_e6f0999f\temp
07-May-2026 23:57:30.502 INFO [main] org.apache.catalina.startup.VersionLoggerListener.log Command line argument: -Djava.util.logging.config.file=C:\e-commerce\.devtomcat\Tomcat_Server_e6f0999f\conf\logging.properties
07-May-2026 23:57:30.502 INFO [main] org.apache.catalina.startup.VersionLoggerListener.log Command line argument: -Djava.util.logging.manager=org.apache.juli.ClassLoaderLogManager
07-May-2026 23:57:30.502 INFO [main] org.apache.catalina.startup.VersionLoggerListener.log Command line argument: -Dserver.port=8080
07-May-2026 23:57:30.502 INFO [main] org.apache.catalina.startup.VersionLoggerListener.log Command line argument: -Dserver.shutdown.port=8005
07-May-2026 23:57:30.503 INFO [main] org.apache.catalina.startup.VersionLoggerListener.log Command line argument: -javaagent:C:\Program Files\JetBrains\IntelliJ IDEA 2025.3.1.1\lib\idea_rt.jar=49286
07-May-2026 23:57:30.503 INFO [main] org.apache.catalina.startup.VersionLoggerListener.log Command line argument: -Dfile.encoding=UTF-8
07-May-2026 23:57:30.506 INFO [main] org.apache.catalina.core.AprLifecycleListener.lifecycleEvent Loaded Apache Tomcat Native library [2.0.14] using APR version [1.7.6].
07-May-2026 23:57:30.513 INFO [main] org.apache.catalina.core.AprLifecycleListener.initializeSSL OpenSSL successfully initialized [OpenSSL 3.5.5 27 Jan 2026]
07-May-2026 23:57:30.825 INFO [main] org.apache.coyote.AbstractProtocol.init Initializing ProtocolHandler ["http-nio-8080"]
07-May-2026 23:57:30.860 INFO [main] org.apache.catalina.startup.Catalina.load Server initialization in [650] milliseconds
07-May-2026 23:57:30.948 INFO [main] org.apache.catalina.core.StandardService.startInternal Starting service [Catalina]
07-May-2026 23:57:30.949 INFO [main] org.apache.catalina.core.StandardEngine.startInternal Starting Servlet engine: [Apache Tomcat/11.0.21]
07-May-2026 23:57:30.967 INFO [main] org.apache.catalina.startup.HostConfig.deployDescriptor Deploying deployment descriptor [C:\e-commerce\.devtomcat\Tomcat_Server_e6f0999f\conf\Catalina\localhost\e-commerce.xml]
07-May-2026 23:57:32.574 INFO [main] org.apache.jasper.servlet.TldScanner.scanJars At least one JAR was scanned for TLDs yet contained no TLDs. Enable debug logging for this logger for a complete list of JARs that were scanned but no TLDs were found in them. Skipping unneeded JARs during scanning can improve startup time and JSP compilation time.
07-May-2026 23:57:32.716 INFO [main] org.apache.catalina.startup.HostConfig.deployDescriptor Deployment of deployment descriptor [C:\e-commerce\.devtomcat\Tomcat_Server_e6f0999f\conf\Catalina\localhost\e-commerce.xml] has finished in [1,749] ms
07-May-2026 23:57:32.723 INFO [main] org.apache.coyote.AbstractProtocol.start Starting ProtocolHandler ["http-nio-8080"]
07-May-2026 23:57:32.749 INFO [main] org.apache.catalina.startup.Catalina.start Server startup in [1888] milliseconds
