08-May-2026 00:26:21.998 INFO [main] org.apache.catalina.core.StandardServer.await A valid shutdown command was received via the shutdown port. Stopping the Server instance.
08-May-2026 00:26:21.998 INFO [main] org.apache.coyote.AbstractProtocol.pause Pausing ProtocolHandler ["http-nio-8080"]
08-May-2026 00:26:22.070 INFO [main] org.apache.catalina.core.StandardService.stopInternal Stopping service [Catalina]
08-May-2026 00:26:22.077 WARNING [main] org.apache.catalina.loader.WebappClassLoaderBase.clearReferencesJdbc The web application [e-commerce] registered the JDBC driver [com.mysql.cj.jdbc.Driver] but failed to unregister it when the web application was stopped. To prevent a memory leak, the JDBC Driver has been forcibly unregistered.
08-May-2026 00:26:22.079 WARNING [main] org.apache.catalina.loader.WebappClassLoaderBase.clearReferencesThreads The web application [e-commerce] appears to have started a thread named [mysql-cj-abandoned-connection-cleanup] but has failed to stop it. This is very likely to create a memory leak. Stack trace of thread:
 java.base@17.0.8/java.lang.Object.wait(Native Method)
 java.base@17.0.8/java.lang.ref.ReferenceQueue.remove(ReferenceQueue.java:155)
 com.mysql.cj.jdbc.AbandonedConnectionCleanupThread.run(AbandonedConnectionCleanupThread.java:91)
 java.base@17.0.8/java.util.concurrent.ThreadPoolExecutor.runWorker(ThreadPoolExecutor.java:1136)
 java.base@17.0.8/java.util.concurrent.ThreadPoolExecutor$Worker.run(ThreadPoolExecutor.java:635)
 java.base@17.0.8/java.lang.Thread.run(Thread.java:833)
08-May-2026 00:26:22.084 INFO [main] org.apache.coyote.AbstractProtocol.stop Stopping ProtocolHandler ["http-nio-8080"]
08-May-2026 00:26:22.108 INFO [main] org.apache.coyote.AbstractProtocol.destroy Destroying ProtocolHandler ["http-nio-8080"]
08-May-2026 00:26:22.162 INFO [mysql-cj-abandoned-connection-cleanup] org.apache.catalina.loader.WebappClassLoaderBase.checkStateForResourceLoading Illegal access: this web application instance has been stopped already. Could not load []. The following stack trace is thrown for debugging purposes as well as to attempt to terminate the thread which caused the illegal access.
	java.lang.IllegalStateException: Illegal access: this web application instance has been stopped already. Could not load []. The following stack trace is thrown for debugging purposes as well as to attempt to terminate the thread which caused the illegal access.
		at org.apache.catalina.loader.WebappClassLoaderBase.checkStateForResourceLoading(WebappClassLoaderBase.java:1244)
		at org.apache.catalina.loader.WebappClassLoaderBase.getResource(WebappClassLoaderBase.java:854)
		at com.mysql.cj.jdbc.AbandonedConnectionCleanupThread.checkThreadContextClassLoader(AbandonedConnectionCleanupThread.java:123)
		at com.mysql.cj.jdbc.AbandonedConnectionCleanupThread.run(AbandonedConnectionCleanupThread.java:90)
		at java.base/java.util.concurrent.ThreadPoolExecutor.runWorker(ThreadPoolExecutor.java:1136)
		at java.base/java.util.concurrent.ThreadPoolExecutor$Worker.run(ThreadPoolExecutor.java:635)
		at java.base/java.lang.Thread.run(Thread.java:833)
08-May-2026 00:28:48.346 INFO [main] org.apache.catalina.startup.VersionLoggerListener.log Server version name:   Apache Tomcat/11.0.21
08-May-2026 00:28:48.349 INFO [main] org.apache.catalina.startup.VersionLoggerListener.log Server built:          Mar 30 2026 14:59:44 UTC
08-May-2026 00:28:48.350 INFO [main] org.apache.catalina.startup.VersionLoggerListener.log Server version number: 11.0.21.0
08-May-2026 00:28:48.350 INFO [main] org.apache.catalina.startup.VersionLoggerListener.log OS Name:               Windows 10
08-May-2026 00:28:48.350 INFO [main] org.apache.catalina.startup.VersionLoggerListener.log OS Version:            10.0
08-May-2026 00:28:48.350 INFO [main] org.apache.catalina.startup.VersionLoggerListener.log Architecture:          amd64
08-May-2026 00:28:48.351 INFO [main] org.apache.catalina.startup.VersionLoggerListener.log Java Home:             C:\Program Files\Java\jdk-17.0.8
08-May-2026 00:28:48.351 INFO [main] org.apache.catalina.startup.VersionLoggerListener.log JVM Version:           17.0.8+9-LTS-211
08-May-2026 00:28:48.352 INFO [main] org.apache.catalina.startup.VersionLoggerListener.log JVM Vendor:            Oracle Corporation
08-May-2026 00:28:48.352 INFO [main] org.apache.catalina.startup.VersionLoggerListener.log CATALINA_BASE:         C:\e-commerce\.devtomcat\Tomcat_Server_e6f0999f
08-May-2026 00:28:48.352 INFO [main] org.apache.catalina.startup.VersionLoggerListener.log CATALINA_HOME:         E:\apache-tomcat-11.0.21
08-May-2026 00:28:48.354 INFO [main] org.apache.catalina.startup.VersionLoggerListener.log Command line argument: -Dcom.sun.management.jmxremote
08-May-2026 00:28:48.354 INFO [main] org.apache.catalina.startup.VersionLoggerListener.log Command line argument: -Dcom.sun.management.jmxremote.port=1099
08-May-2026 00:28:48.354 INFO [main] org.apache.catalina.startup.VersionLoggerListener.log Command line argument: -Dcom.sun.management.jmxremote.ssl=false
08-May-2026 00:28:48.355 INFO [main] org.apache.catalina.startup.VersionLoggerListener.log Command line argument: -Dcom.sun.management.jmxremote.authenticate=false
08-May-2026 00:28:48.355 INFO [main] org.apache.catalina.startup.VersionLoggerListener.log Command line argument: -Dcom.sun.management.jmxremote.local.only=false
08-May-2026 00:28:48.355 INFO [main] org.apache.catalina.startup.VersionLoggerListener.log Command line argument: --add-opens=java.base/java.lang=ALL-UNNAMED
08-May-2026 00:28:48.355 INFO [main] org.apache.catalina.startup.VersionLoggerListener.log Command line argument: --add-opens=java.base/java.io=ALL-UNNAMED
08-May-2026 00:28:48.355 INFO [main] org.apache.catalina.startup.VersionLoggerListener.log Command line argument: --add-opens=java.base/java.util=ALL-UNNAMED
08-May-2026 00:28:48.355 INFO [main] org.apache.catalina.startup.VersionLoggerListener.log Command line argument: --add-opens=java.base/java.util.concurrent=ALL-UNNAMED
08-May-2026 00:28:48.355 INFO [main] org.apache.catalina.startup.VersionLoggerListener.log Command line argument: --add-opens=java.rmi/sun.rmi.transport=ALL-UNNAMED
08-May-2026 00:28:48.356 INFO [main] org.apache.catalina.startup.VersionLoggerListener.log Command line argument: -Dcatalina.home=E:\apache-tomcat-11.0.21
08-May-2026 00:28:48.356 INFO [main] org.apache.catalina.startup.VersionLoggerListener.log Command line argument: -Dcatalina.base=C:\e-commerce\.devtomcat\Tomcat_Server_e6f0999f
08-May-2026 00:28:48.356 INFO [main] org.apache.catalina.startup.VersionLoggerListener.log Command line argument: -Djava.io.tmpdir=C:\e-commerce\.devtomcat\Tomcat_Server_e6f0999f\temp
08-May-2026 00:28:48.356 INFO [main] org.apache.catalina.startup.VersionLoggerListener.log Command line argument: -Djava.util.logging.config.file=C:\e-commerce\.devtomcat\Tomcat_Server_e6f0999f\conf\logging.properties
08-May-2026 00:28:48.356 INFO [main] org.apache.catalina.startup.VersionLoggerListener.log Command line argument: -Djava.util.logging.manager=org.apache.juli.ClassLoaderLogManager
08-May-2026 00:28:48.356 INFO [main] org.apache.catalina.startup.VersionLoggerListener.log Command line argument: -Dserver.port=8080
08-May-2026 00:28:48.356 INFO [main] org.apache.catalina.startup.VersionLoggerListener.log Command line argument: -Dserver.shutdown.port=8005
08-May-2026 00:28:48.357 INFO [main] org.apache.catalina.startup.VersionLoggerListener.log Command line argument: -javaagent:C:\Program Files\JetBrains\IntelliJ IDEA 2025.3.1.1\lib\idea_rt.jar=63129
08-May-2026 00:28:48.357 INFO [main] org.apache.catalina.startup.VersionLoggerListener.log Command line argument: -Dfile.encoding=UTF-8
08-May-2026 00:28:48.360 INFO [main] org.apache.catalina.core.AprLifecycleListener.lifecycleEvent Loaded Apache Tomcat Native library [2.0.14] using APR version [1.7.6].
08-May-2026 00:28:48.367 INFO [main] org.apache.catalina.core.AprLifecycleListener.initializeSSL OpenSSL successfully initialized [OpenSSL 3.5.5 27 Jan 2026]
08-May-2026 00:28:48.629 INFO [main] org.apache.coyote.AbstractProtocol.init Initializing ProtocolHandler ["http-nio-8080"]
08-May-2026 00:28:48.656 INFO [main] org.apache.catalina.startup.Catalina.load Server initialization in [587] milliseconds
08-May-2026 00:28:48.724 INFO [main] org.apache.catalina.core.StandardService.startInternal Starting service [Catalina]
08-May-2026 00:28:48.724 INFO [main] org.apache.catalina.core.StandardEngine.startInternal Starting Servlet engine: [Apache Tomcat/11.0.21]
08-May-2026 00:28:48.740 INFO [main] org.apache.catalina.startup.HostConfig.deployDescriptor Deploying deployment descriptor [C:\e-commerce\.devtomcat\Tomcat_Server_e6f0999f\conf\Catalina\localhost\e-commerce.xml]
08-May-2026 00:28:50.002 INFO [main] org.apache.jasper.servlet.TldScanner.scanJars At least one JAR was scanned for TLDs yet contained no TLDs. Enable debug logging for this logger for a complete list of JARs that were scanned but no TLDs were found in them. Skipping unneeded JARs during scanning can improve startup time and JSP compilation time.
08-May-2026 00:28:50.123 INFO [main] org.apache.catalina.startup.HostConfig.deployDescriptor Deployment of deployment descriptor [C:\e-commerce\.devtomcat\Tomcat_Server_e6f0999f\conf\Catalina\localhost\e-commerce.xml] has finished in [1,384] ms
08-May-2026 00:28:50.131 INFO [main] org.apache.coyote.AbstractProtocol.start Starting ProtocolHandler ["http-nio-8080"]
08-May-2026 00:28:50.156 INFO [main] org.apache.catalina.startup.Catalina.start Server startup in [1500] milliseconds
08-May-2026 00:30:56.230 INFO [main] org.apache.catalina.core.StandardServer.await A valid shutdown command was received via the shutdown port. Stopping the Server instance.
08-May-2026 00:30:56.231 INFO [main] org.apache.coyote.AbstractProtocol.pause Pausing ProtocolHandler ["http-nio-8080"]
08-May-2026 00:30:56.306 INFO [main] org.apache.catalina.core.StandardService.stopInternal Stopping service [Catalina]
08-May-2026 00:30:56.311 WARNING [main] org.apache.catalina.loader.WebappClassLoaderBase.clearReferencesJdbc The web application [e-commerce] registered the JDBC driver [com.mysql.cj.jdbc.Driver] but failed to unregister it when the web application was stopped. To prevent a memory leak, the JDBC Driver has been forcibly unregistered.
08-May-2026 00:30:56.312 WARNING [main] org.apache.catalina.loader.WebappClassLoaderBase.clearReferencesThreads The web application [e-commerce] appears to have started a thread named [mysql-cj-abandoned-connection-cleanup] but has failed to stop it. This is very likely to create a memory leak. Stack trace of thread:
 java.base@17.0.8/java.lang.Object.wait(Native Method)
 java.base@17.0.8/java.lang.ref.ReferenceQueue.remove(ReferenceQueue.java:155)
 com.mysql.cj.jdbc.AbandonedConnectionCleanupThread.run(AbandonedConnectionCleanupThread.java:91)
 java.base@17.0.8/java.util.concurrent.ThreadPoolExecutor.runWorker(ThreadPoolExecutor.java:1136)
 java.base@17.0.8/java.util.concurrent.ThreadPoolExecutor$Worker.run(ThreadPoolExecutor.java:635)
 java.base@17.0.8/java.lang.Thread.run(Thread.java:833)
08-May-2026 00:30:56.316 INFO [main] org.apache.coyote.AbstractProtocol.stop Stopping ProtocolHandler ["http-nio-8080"]
08-May-2026 00:30:56.331 INFO [main] org.apache.coyote.AbstractProtocol.destroy Destroying ProtocolHandler ["http-nio-8080"]
08-May-2026 00:30:56.355 INFO [mysql-cj-abandoned-connection-cleanup] org.apache.catalina.loader.WebappClassLoaderBase.checkStateForResourceLoading Illegal access: this web application instance has been stopped already. Could not load []. The following stack trace is thrown for debugging purposes as well as to attempt to terminate the thread which caused the illegal access.
	java.lang.IllegalStateException: Illegal access: this web application instance has been stopped already. Could not load []. The following stack trace is thrown for debugging purposes as well as to attempt to terminate the thread which caused the illegal access.
		at org.apache.catalina.loader.WebappClassLoaderBase.checkStateForResourceLoading(WebappClassLoaderBase.java:1244)
		at org.apache.catalina.loader.WebappClassLoaderBase.getResource(WebappClassLoaderBase.java:854)
		at com.mysql.cj.jdbc.AbandonedConnectionCleanupThread.checkThreadContextClassLoader(AbandonedConnectionCleanupThread.java:123)
		at com.mysql.cj.jdbc.AbandonedConnectionCleanupThread.run(AbandonedConnectionCleanupThread.java:90)
		at java.base/java.util.concurrent.ThreadPoolExecutor.runWorker(ThreadPoolExecutor.java:1136)
		at java.base/java.util.concurrent.ThreadPoolExecutor$Worker.run(ThreadPoolExecutor.java:635)
		at java.base/java.lang.Thread.run(Thread.java:833)
08-May-2026 00:31:00.554 INFO [main] org.apache.catalina.startup.VersionLoggerListener.log Server version name:   Apache Tomcat/11.0.21
08-May-2026 00:31:00.559 INFO [main] org.apache.catalina.startup.VersionLoggerListener.log Server built:          Mar 30 2026 14:59:44 UTC
08-May-2026 00:31:00.559 INFO [main] org.apache.catalina.startup.VersionLoggerListener.log Server version number: 11.0.21.0
08-May-2026 00:31:00.559 INFO [main] org.apache.catalina.startup.VersionLoggerListener.log OS Name:               Windows 10
08-May-2026 00:31:00.559 INFO [main] org.apache.catalina.startup.VersionLoggerListener.log OS Version:            10.0
08-May-2026 00:31:00.559 INFO [main] org.apache.catalina.startup.VersionLoggerListener.log Architecture:          amd64
08-May-2026 00:31:00.560 INFO [main] org.apache.catalina.startup.VersionLoggerListener.log Java Home:             C:\Program Files\Java\jdk-17.0.8
08-May-2026 00:31:00.560 INFO [main] org.apache.catalina.startup.VersionLoggerListener.log JVM Version:           17.0.8+9-LTS-211
08-May-2026 00:31:00.560 INFO [main] org.apache.catalina.startup.VersionLoggerListener.log JVM Vendor:            Oracle Corporation
08-May-2026 00:31:00.560 INFO [main] org.apache.catalina.startup.VersionLoggerListener.log CATALINA_BASE:         C:\e-commerce\.devtomcat\Tomcat_Server_e6f0999f
08-May-2026 00:31:00.560 INFO [main] org.apache.catalina.startup.VersionLoggerListener.log CATALINA_HOME:         E:\apache-tomcat-11.0.21
08-May-2026 00:31:00.563 INFO [main] org.apache.catalina.startup.VersionLoggerListener.log Command line argument: -Dcom.sun.management.jmxremote
08-May-2026 00:31:00.564 INFO [main] org.apache.catalina.startup.VersionLoggerListener.log Command line argument: -Dcom.sun.management.jmxremote.port=1099
08-May-2026 00:31:00.564 INFO [main] org.apache.catalina.startup.VersionLoggerListener.log Command line argument: -Dcom.sun.management.jmxremote.ssl=false
08-May-2026 00:31:00.565 INFO [main] org.apache.catalina.startup.VersionLoggerListener.log Command line argument: -Dcom.sun.management.jmxremote.authenticate=false
08-May-2026 00:31:00.566 INFO [main] org.apache.catalina.startup.VersionLoggerListener.log Command line argument: -Dcom.sun.management.jmxremote.local.only=false
08-May-2026 00:31:00.566 INFO [main] org.apache.catalina.startup.VersionLoggerListener.log Command line argument: --add-opens=java.base/java.lang=ALL-UNNAMED
08-May-2026 00:31:00.566 INFO [main] org.apache.catalina.startup.VersionLoggerListener.log Command line argument: --add-opens=java.base/java.io=ALL-UNNAMED
08-May-2026 00:31:00.567 INFO [main] org.apache.catalina.startup.VersionLoggerListener.log Command line argument: --add-opens=java.base/java.util=ALL-UNNAMED
08-May-2026 00:31:00.567 INFO [main] org.apache.catalina.startup.VersionLoggerListener.log Command line argument: --add-opens=java.base/java.util.concurrent=ALL-UNNAMED
08-May-2026 00:31:00.567 INFO [main] org.apache.catalina.startup.VersionLoggerListener.log Command line argument: --add-opens=java.rmi/sun.rmi.transport=ALL-UNNAMED
08-May-2026 00:31:00.567 INFO [main] org.apache.catalina.startup.VersionLoggerListener.log Command line argument: -Dcatalina.home=E:\apache-tomcat-11.0.21
08-May-2026 00:31:00.567 INFO [main] org.apache.catalina.startup.VersionLoggerListener.log Command line argument: -Dcatalina.base=C:\e-commerce\.devtomcat\Tomcat_Server_e6f0999f
08-May-2026 00:31:00.567 INFO [main] org.apache.catalina.startup.VersionLoggerListener.log Command line argument: -Djava.io.tmpdir=C:\e-commerce\.devtomcat\Tomcat_Server_e6f0999f\temp
08-May-2026 00:31:00.567 INFO [main] org.apache.catalina.startup.VersionLoggerListener.log Command line argument: -Djava.util.logging.config.file=C:\e-commerce\.devtomcat\Tomcat_Server_e6f0999f\conf\logging.properties
08-May-2026 00:31:00.567 INFO [main] org.apache.catalina.startup.VersionLoggerListener.log Command line argument: -Djava.util.logging.manager=org.apache.juli.ClassLoaderLogManager
08-May-2026 00:31:00.568 INFO [main] org.apache.catalina.startup.VersionLoggerListener.log Command line argument: -Dserver.port=8080
08-May-2026 00:31:00.568 INFO [main] org.apache.catalina.startup.VersionLoggerListener.log Command line argument: -Dserver.shutdown.port=8005
08-May-2026 00:31:00.568 INFO [main] org.apache.catalina.startup.VersionLoggerListener.log Command line argument: -javaagent:C:\Program Files\JetBrains\IntelliJ IDEA 2025.3.1.1\lib\idea_rt.jar=62408
08-May-2026 00:31:00.568 INFO [main] org.apache.catalina.startup.VersionLoggerListener.log Command line argument: -Dfile.encoding=UTF-8
08-May-2026 00:31:00.575 INFO [main] org.apache.catalina.core.AprLifecycleListener.lifecycleEvent Loaded Apache Tomcat Native library [2.0.14] using APR version [1.7.6].
08-May-2026 00:31:00.582 INFO [main] org.apache.catalina.core.AprLifecycleListener.initializeSSL OpenSSL successfully initialized [OpenSSL 3.5.5 27 Jan 2026]
08-May-2026 00:31:01.067 INFO [main] org.apache.coyote.AbstractProtocol.init Initializing ProtocolHandler ["http-nio-8080"]
08-May-2026 00:31:01.112 INFO [main] org.apache.catalina.startup.Catalina.load Server initialization in [893] milliseconds
08-May-2026 00:31:01.236 INFO [main] org.apache.catalina.core.StandardService.startInternal Starting service [Catalina]
08-May-2026 00:31:01.236 INFO [main] org.apache.catalina.core.StandardEngine.startInternal Starting Servlet engine: [Apache Tomcat/11.0.21]
08-May-2026 00:31:01.263 INFO [main] org.apache.catalina.startup.HostConfig.deployDescriptor Deploying deployment descriptor [C:\e-commerce\.devtomcat\Tomcat_Server_e6f0999f\conf\Catalina\localhost\e-commerce.xml]
08-May-2026 00:31:02.716 INFO [main] org.apache.jasper.servlet.TldScanner.scanJars At least one JAR was scanned for TLDs yet contained no TLDs. Enable debug logging for this logger for a complete list of JARs that were scanned but no TLDs were found in them. Skipping unneeded JARs during scanning can improve startup time and JSP compilation time.
08-May-2026 00:31:02.888 INFO [main] org.apache.catalina.startup.HostConfig.deployDescriptor Deployment of deployment descriptor [C:\e-commerce\.devtomcat\Tomcat_Server_e6f0999f\conf\Catalina\localhost\e-commerce.xml] has finished in [1,624] ms
08-May-2026 00:31:02.902 INFO [main] org.apache.coyote.AbstractProtocol.start Starting ProtocolHandler ["http-nio-8080"]
08-May-2026 00:31:02.940 INFO [main] org.apache.catalina.startup.Catalina.start Server startup in [1826] milliseconds
08-May-2026 00:40:04.091 INFO [main] org.apache.catalina.core.StandardServer.await A valid shutdown command was received via the shutdown port. Stopping the Server instance.
08-May-2026 00:40:04.091 INFO [main] org.apache.coyote.AbstractProtocol.pause Pausing ProtocolHandler ["http-nio-8080"]
08-May-2026 00:40:04.177 INFO [main] org.apache.catalina.core.StandardService.stopInternal Stopping service [Catalina]
08-May-2026 00:40:04.183 WARNING [main] org.apache.catalina.loader.WebappClassLoaderBase.clearReferencesJdbc The web application [e-commerce] registered the JDBC driver [com.mysql.cj.jdbc.Driver] but failed to unregister it when the web application was stopped. To prevent a memory leak, the JDBC Driver has been forcibly unregistered.
08-May-2026 00:40:04.184 WARNING [main] org.apache.catalina.loader.WebappClassLoaderBase.clearReferencesThreads The web application [e-commerce] appears to have started a thread named [mysql-cj-abandoned-connection-cleanup] but has failed to stop it. This is very likely to create a memory leak. Stack trace of thread:
 java.base@17.0.8/java.lang.Object.wait(Native Method)
 java.base@17.0.8/java.lang.ref.ReferenceQueue.remove(ReferenceQueue.java:155)
 com.mysql.cj.jdbc.AbandonedConnectionCleanupThread.run(AbandonedConnectionCleanupThread.java:91)
 java.base@17.0.8/java.util.concurrent.ThreadPoolExecutor.runWorker(ThreadPoolExecutor.java:1136)
 java.base@17.0.8/java.util.concurrent.ThreadPoolExecutor$Worker.run(ThreadPoolExecutor.java:635)
 java.base@17.0.8/java.lang.Thread.run(Thread.java:833)
08-May-2026 00:40:04.189 INFO [main] org.apache.coyote.AbstractProtocol.stop Stopping ProtocolHandler ["http-nio-8080"]
08-May-2026 00:40:04.213 INFO [main] org.apache.coyote.AbstractProtocol.destroy Destroying ProtocolHandler ["http-nio-8080"]
08-May-2026 00:40:04.279 INFO [mysql-cj-abandoned-connection-cleanup] org.apache.catalina.loader.WebappClassLoaderBase.checkStateForResourceLoading Illegal access: this web application instance has been stopped already. Could not load []. The following stack trace is thrown for debugging purposes as well as to attempt to terminate the thread which caused the illegal access.
	java.lang.IllegalStateException: Illegal access: this web application instance has been stopped already. Could not load []. The following stack trace is thrown for debugging purposes as well as to attempt to terminate the thread which caused the illegal access.
		at org.apache.catalina.loader.WebappClassLoaderBase.checkStateForResourceLoading(WebappClassLoaderBase.java:1244)
		at org.apache.catalina.loader.WebappClassLoaderBase.getResource(WebappClassLoaderBase.java:854)
		at com.mysql.cj.jdbc.AbandonedConnectionCleanupThread.checkThreadContextClassLoader(AbandonedConnectionCleanupThread.java:123)
		at com.mysql.cj.jdbc.AbandonedConnectionCleanupThread.run(AbandonedConnectionCleanupThread.java:90)
		at java.base/java.util.concurrent.ThreadPoolExecutor.runWorker(ThreadPoolExecutor.java:1136)
		at java.base/java.util.concurrent.ThreadPoolExecutor$Worker.run(ThreadPoolExecutor.java:635)
		at java.base/java.lang.Thread.run(Thread.java:833)
08-May-2026 00:40:16.432 INFO [main] org.apache.catalina.startup.VersionLoggerListener.log Server version name:   Apache Tomcat/11.0.21
08-May-2026 00:40:16.436 INFO [main] org.apache.catalina.startup.VersionLoggerListener.log Server built:          Mar 30 2026 14:59:44 UTC
08-May-2026 00:40:16.437 INFO [main] org.apache.catalina.startup.VersionLoggerListener.log Server version number: 11.0.21.0
08-May-2026 00:40:16.437 INFO [main] org.apache.catalina.startup.VersionLoggerListener.log OS Name:               Windows 10
08-May-2026 00:40:16.438 INFO [main] org.apache.catalina.startup.VersionLoggerListener.log OS Version:            10.0
08-May-2026 00:40:16.438 INFO [main] org.apache.catalina.startup.VersionLoggerListener.log Architecture:          amd64
08-May-2026 00:40:16.438 INFO [main] org.apache.catalina.startup.VersionLoggerListener.log Java Home:             C:\Program Files\Java\jdk-17.0.8
08-May-2026 00:40:16.439 INFO [main] org.apache.catalina.startup.VersionLoggerListener.log JVM Version:           17.0.8+9-LTS-211
08-May-2026 00:40:16.439 INFO [main] org.apache.catalina.startup.VersionLoggerListener.log JVM Vendor:            Oracle Corporation
08-May-2026 00:40:16.439 INFO [main] org.apache.catalina.startup.VersionLoggerListener.log CATALINA_BASE:         C:\e-commerce\.devtomcat\Tomcat_Server_e6f0999f
08-May-2026 00:40:16.440 INFO [main] org.apache.catalina.startup.VersionLoggerListener.log CATALINA_HOME:         E:\apache-tomcat-11.0.21
08-May-2026 00:40:16.443 INFO [main] org.apache.catalina.startup.VersionLoggerListener.log Command line argument: -Dcom.sun.management.jmxremote
08-May-2026 00:40:16.443 INFO [main] org.apache.catalina.startup.VersionLoggerListener.log Command line argument: -Dcom.sun.management.jmxremote.port=1099
08-May-2026 00:40:16.443 INFO [main] org.apache.catalina.startup.VersionLoggerListener.log Command line argument: -Dcom.sun.management.jmxremote.ssl=false
08-May-2026 00:40:16.443 INFO [main] org.apache.catalina.startup.VersionLoggerListener.log Command line argument: -Dcom.sun.management.jmxremote.authenticate=false
08-May-2026 00:40:16.444 INFO [main] org.apache.catalina.startup.VersionLoggerListener.log Command line argument: -Dcom.sun.management.jmxremote.local.only=false
08-May-2026 00:40:16.444 INFO [main] org.apache.catalina.startup.VersionLoggerListener.log Command line argument: --add-opens=java.base/java.lang=ALL-UNNAMED
08-May-2026 00:40:16.444 INFO [main] org.apache.catalina.startup.VersionLoggerListener.log Command line argument: --add-opens=java.base/java.io=ALL-UNNAMED
08-May-2026 00:40:16.444 INFO [main] org.apache.catalina.startup.VersionLoggerListener.log Command line argument: --add-opens=java.base/java.util=ALL-UNNAMED
08-May-2026 00:40:16.444 INFO [main] org.apache.catalina.startup.VersionLoggerListener.log Command line argument: --add-opens=java.base/java.util.concurrent=ALL-UNNAMED
08-May-2026 00:40:16.445 INFO [main] org.apache.catalina.startup.VersionLoggerListener.log Command line argument: --add-opens=java.rmi/sun.rmi.transport=ALL-UNNAMED
08-May-2026 00:40:16.445 INFO [main] org.apache.catalina.startup.VersionLoggerListener.log Command line argument: -Dcatalina.home=E:\apache-tomcat-11.0.21
08-May-2026 00:40:16.445 INFO [main] org.apache.catalina.startup.VersionLoggerListener.log Command line argument: -Dcatalina.base=C:\e-commerce\.devtomcat\Tomcat_Server_e6f0999f
08-May-2026 00:40:16.445 INFO [main] org.apache.catalina.startup.VersionLoggerListener.log Command line argument: -Djava.io.tmpdir=C:\e-commerce\.devtomcat\Tomcat_Server_e6f0999f\temp
08-May-2026 00:40:16.445 INFO [main] org.apache.catalina.startup.VersionLoggerListener.log Command line argument: -Djava.util.logging.config.file=C:\e-commerce\.devtomcat\Tomcat_Server_e6f0999f\conf\logging.properties
08-May-2026 00:40:16.446 INFO [main] org.apache.catalina.startup.VersionLoggerListener.log Command line argument: -Djava.util.logging.manager=org.apache.juli.ClassLoaderLogManager
08-May-2026 00:40:16.446 INFO [main] org.apache.catalina.startup.VersionLoggerListener.log Command line argument: -Dserver.port=8080
08-May-2026 00:40:16.446 INFO [main] org.apache.catalina.startup.VersionLoggerListener.log Command line argument: -Dserver.shutdown.port=8005
08-May-2026 00:40:16.446 INFO [main] org.apache.catalina.startup.VersionLoggerListener.log Command line argument: -javaagent:C:\Program Files\JetBrains\IntelliJ IDEA 2025.3.1.1\lib\idea_rt.jar=52785
08-May-2026 00:40:16.446 INFO [main] org.apache.catalina.startup.VersionLoggerListener.log Command line argument: -Dfile.encoding=UTF-8
08-May-2026 00:40:16.449 INFO [main] org.apache.catalina.core.AprLifecycleListener.lifecycleEvent Loaded Apache Tomcat Native library [2.0.14] using APR version [1.7.6].
08-May-2026 00:40:16.456 INFO [main] org.apache.catalina.core.AprLifecycleListener.initializeSSL OpenSSL successfully initialized [OpenSSL 3.5.5 27 Jan 2026]
08-May-2026 00:40:16.697 INFO [main] org.apache.coyote.AbstractProtocol.init Initializing ProtocolHandler ["http-nio-8080"]
08-May-2026 00:40:16.732 INFO [main] org.apache.catalina.startup.Catalina.load Server initialization in [596] milliseconds
08-May-2026 00:40:16.814 INFO [main] org.apache.catalina.core.StandardService.startInternal Starting service [Catalina]
08-May-2026 00:40:16.815 INFO [main] org.apache.catalina.core.StandardEngine.startInternal Starting Servlet engine: [Apache Tomcat/11.0.21]
08-May-2026 00:40:16.834 INFO [main] org.apache.catalina.startup.HostConfig.deployDescriptor Deploying deployment descriptor [C:\e-commerce\.devtomcat\Tomcat_Server_e6f0999f\conf\Catalina\localhost\e-commerce.xml]
08-May-2026 00:40:18.179 INFO [main] org.apache.jasper.servlet.TldScanner.scanJars At least one JAR was scanned for TLDs yet contained no TLDs. Enable debug logging for this logger for a complete list of JARs that were scanned but no TLDs were found in them. Skipping unneeded JARs during scanning can improve startup time and JSP compilation time.
08-May-2026 00:40:18.332 INFO [main] org.apache.catalina.startup.HostConfig.deployDescriptor Deployment of deployment descriptor [C:\e-commerce\.devtomcat\Tomcat_Server_e6f0999f\conf\Catalina\localhost\e-commerce.xml] has finished in [1,497] ms
08-May-2026 00:40:18.341 INFO [main] org.apache.coyote.AbstractProtocol.start Starting ProtocolHandler ["http-nio-8080"]
08-May-2026 00:40:18.374 INFO [main] org.apache.catalina.startup.Catalina.start Server startup in [1641] milliseconds
08-May-2026 00:42:57.485 INFO [main] org.apache.catalina.core.StandardServer.await A valid shutdown command was received via the shutdown port. Stopping the Server instance.
08-May-2026 00:42:57.487 INFO [main] org.apache.coyote.AbstractProtocol.pause Pausing ProtocolHandler ["http-nio-8080"]
08-May-2026 00:42:57.577 INFO [main] org.apache.catalina.core.StandardService.stopInternal Stopping service [Catalina]
08-May-2026 00:42:57.584 WARNING [main] org.apache.catalina.loader.WebappClassLoaderBase.clearReferencesJdbc The web application [e-commerce] registered the JDBC driver [com.mysql.cj.jdbc.Driver] but failed to unregister it when the web application was stopped. To prevent a memory leak, the JDBC Driver has been forcibly unregistered.
08-May-2026 00:42:57.585 WARNING [main] org.apache.catalina.loader.WebappClassLoaderBase.clearReferencesThreads The web application [e-commerce] appears to have started a thread named [mysql-cj-abandoned-connection-cleanup] but has failed to stop it. This is very likely to create a memory leak. Stack trace of thread:
 java.base@17.0.8/java.lang.Object.wait(Native Method)
 java.base@17.0.8/java.lang.ref.ReferenceQueue.remove(ReferenceQueue.java:155)
 com.mysql.cj.jdbc.AbandonedConnectionCleanupThread.run(AbandonedConnectionCleanupThread.java:91)
 java.base@17.0.8/java.util.concurrent.ThreadPoolExecutor.runWorker(ThreadPoolExecutor.java:1136)
 java.base@17.0.8/java.util.concurrent.ThreadPoolExecutor$Worker.run(ThreadPoolExecutor.java:635)
 java.base@17.0.8/java.lang.Thread.run(Thread.java:833)
08-May-2026 00:42:57.602 INFO [main] org.apache.coyote.AbstractProtocol.stop Stopping ProtocolHandler ["http-nio-8080"]
08-May-2026 00:42:57.620 INFO [main] org.apache.coyote.AbstractProtocol.destroy Destroying ProtocolHandler ["http-nio-8080"]
08-May-2026 00:42:57.700 INFO [mysql-cj-abandoned-connection-cleanup] org.apache.catalina.loader.WebappClassLoaderBase.checkStateForResourceLoading Illegal access: this web application instance has been stopped already. Could not load []. The following stack trace is thrown for debugging purposes as well as to attempt to terminate the thread which caused the illegal access.
	java.lang.IllegalStateException: Illegal access: this web application instance has been stopped already. Could not load []. The following stack trace is thrown for debugging purposes as well as to attempt to terminate the thread which caused the illegal access.
		at org.apache.catalina.loader.WebappClassLoaderBase.checkStateForResourceLoading(WebappClassLoaderBase.java:1244)
		at org.apache.catalina.loader.WebappClassLoaderBase.getResource(WebappClassLoaderBase.java:854)
		at com.mysql.cj.jdbc.AbandonedConnectionCleanupThread.checkThreadContextClassLoader(AbandonedConnectionCleanupThread.java:123)
		at com.mysql.cj.jdbc.AbandonedConnectionCleanupThread.run(AbandonedConnectionCleanupThread.java:90)
		at java.base/java.util.concurrent.ThreadPoolExecutor.runWorker(ThreadPoolExecutor.java:1136)
		at java.base/java.util.concurrent.ThreadPoolExecutor$Worker.run(ThreadPoolExecutor.java:635)
		at java.base/java.lang.Thread.run(Thread.java:833)
08-May-2026 00:43:02.767 INFO [main] org.apache.catalina.startup.VersionLoggerListener.log Server version name:   Apache Tomcat/11.0.21
08-May-2026 00:43:02.772 INFO [main] org.apache.catalina.startup.VersionLoggerListener.log Server built:          Mar 30 2026 14:59:44 UTC
08-May-2026 00:43:02.773 INFO [main] org.apache.catalina.startup.VersionLoggerListener.log Server version number: 11.0.21.0
08-May-2026 00:43:02.773 INFO [main] org.apache.catalina.startup.VersionLoggerListener.log OS Name:               Windows 10
08-May-2026 00:43:02.773 INFO [main] org.apache.catalina.startup.VersionLoggerListener.log OS Version:            10.0
08-May-2026 00:43:02.774 INFO [main] org.apache.catalina.startup.VersionLoggerListener.log Architecture:          amd64
08-May-2026 00:43:02.774 INFO [main] org.apache.catalina.startup.VersionLoggerListener.log Java Home:             C:\Program Files\Java\jdk-17.0.8
08-May-2026 00:43:02.774 INFO [main] org.apache.catalina.startup.VersionLoggerListener.log JVM Version:           17.0.8+9-LTS-211
08-May-2026 00:43:02.774 INFO [main] org.apache.catalina.startup.VersionLoggerListener.log JVM Vendor:            Oracle Corporation
08-May-2026 00:43:02.775 INFO [main] org.apache.catalina.startup.VersionLoggerListener.log CATALINA_BASE:         C:\e-commerce\.devtomcat\Tomcat_Server_e6f0999f
08-May-2026 00:43:02.775 INFO [main] org.apache.catalina.startup.VersionLoggerListener.log CATALINA_HOME:         E:\apache-tomcat-11.0.21
08-May-2026 00:43:02.778 INFO [main] org.apache.catalina.startup.VersionLoggerListener.log Command line argument: -Dcom.sun.management.jmxremote
08-May-2026 00:43:02.778 INFO [main] org.apache.catalina.startup.VersionLoggerListener.log Command line argument: -Dcom.sun.management.jmxremote.port=1099
08-May-2026 00:43:02.779 INFO [main] org.apache.catalina.startup.VersionLoggerListener.log Command line argument: -Dcom.sun.management.jmxremote.ssl=false
08-May-2026 00:43:02.779 INFO [main] org.apache.catalina.startup.VersionLoggerListener.log Command line argument: -Dcom.sun.management.jmxremote.authenticate=false
08-May-2026 00:43:02.779 INFO [main] org.apache.catalina.startup.VersionLoggerListener.log Command line argument: -Dcom.sun.management.jmxremote.local.only=false
08-May-2026 00:43:02.779 INFO [main] org.apache.catalina.startup.VersionLoggerListener.log Command line argument: --add-opens=java.base/java.lang=ALL-UNNAMED
08-May-2026 00:43:02.779 INFO [main] org.apache.catalina.startup.VersionLoggerListener.log Command line argument: --add-opens=java.base/java.io=ALL-UNNAMED
08-May-2026 00:43:02.779 INFO [main] org.apache.catalina.startup.VersionLoggerListener.log Command line argument: --add-opens=java.base/java.util=ALL-UNNAMED
08-May-2026 00:43:02.780 INFO [main] org.apache.catalina.startup.VersionLoggerListener.log Command line argument: --add-opens=java.base/java.util.concurrent=ALL-UNNAMED
08-May-2026 00:43:02.780 INFO [main] org.apache.catalina.startup.VersionLoggerListener.log Command line argument: --add-opens=java.rmi/sun.rmi.transport=ALL-UNNAMED
08-May-2026 00:43:02.780 INFO [main] org.apache.catalina.startup.VersionLoggerListener.log Command line argument: -Dcatalina.home=E:\apache-tomcat-11.0.21
08-May-2026 00:43:02.780 INFO [main] org.apache.catalina.startup.VersionLoggerListener.log Command line argument: -Dcatalina.base=C:\e-commerce\.devtomcat\Tomcat_Server_e6f0999f
08-May-2026 00:43:02.781 INFO [main] org.apache.catalina.startup.VersionLoggerListener.log Command line argument: -Djava.io.tmpdir=C:\e-commerce\.devtomcat\Tomcat_Server_e6f0999f\temp
08-May-2026 00:43:02.781 INFO [main] org.apache.catalina.startup.VersionLoggerListener.log Command line argument: -Djava.util.logging.config.file=C:\e-commerce\.devtomcat\Tomcat_Server_e6f0999f\conf\logging.properties
08-May-2026 00:43:02.781 INFO [main] org.apache.catalina.startup.VersionLoggerListener.log Command line argument: -Djava.util.logging.manager=org.apache.juli.ClassLoaderLogManager
08-May-2026 00:43:02.782 INFO [main] org.apache.catalina.startup.VersionLoggerListener.log Command line argument: -Dserver.port=8080
08-May-2026 00:43:02.782 INFO [main] org.apache.catalina.startup.VersionLoggerListener.log Command line argument: -Dserver.shutdown.port=8005
08-May-2026 00:43:02.782 INFO [main] org.apache.catalina.startup.VersionLoggerListener.log Command line argument: -javaagent:C:\Program Files\JetBrains\IntelliJ IDEA 2025.3.1.1\lib\idea_rt.jar=50893
08-May-2026 00:43:02.782 INFO [main] org.apache.catalina.startup.VersionLoggerListener.log Command line argument: -Dfile.encoding=UTF-8
08-May-2026 00:43:02.787 INFO [main] org.apache.catalina.core.AprLifecycleListener.lifecycleEvent Loaded Apache Tomcat Native library [2.0.14] using APR version [1.7.6].
08-May-2026 00:43:02.794 INFO [main] org.apache.catalina.core.AprLifecycleListener.initializeSSL OpenSSL successfully initialized [OpenSSL 3.5.5 27 Jan 2026]
08-May-2026 00:43:03.142 INFO [main] org.apache.coyote.AbstractProtocol.init Initializing ProtocolHandler ["http-nio-8080"]
08-May-2026 00:43:03.171 INFO [main] org.apache.catalina.startup.Catalina.load Server initialization in [736] milliseconds
08-May-2026 00:43:03.240 INFO [main] org.apache.catalina.core.StandardService.startInternal Starting service [Catalina]
08-May-2026 00:43:03.242 INFO [main] org.apache.catalina.core.StandardEngine.startInternal Starting Servlet engine: [Apache Tomcat/11.0.21]
08-May-2026 00:43:03.262 INFO [main] org.apache.catalina.startup.HostConfig.deployDescriptor Deploying deployment descriptor [C:\e-commerce\.devtomcat\Tomcat_Server_e6f0999f\conf\Catalina\localhost\e-commerce.xml]
08-May-2026 00:43:04.747 INFO [main] org.apache.jasper.servlet.TldScanner.scanJars At least one JAR was scanned for TLDs yet contained no TLDs. Enable debug logging for this logger for a complete list of JARs that were scanned but no TLDs were found in them. Skipping unneeded JARs during scanning can improve startup time and JSP compilation time.
08-May-2026 00:43:04.893 INFO [main] org.apache.catalina.startup.HostConfig.deployDescriptor Deployment of deployment descriptor [C:\e-commerce\.devtomcat\Tomcat_Server_e6f0999f\conf\Catalina\localhost\e-commerce.xml] has finished in [1,630] ms
08-May-2026 00:43:04.900 INFO [main] org.apache.coyote.AbstractProtocol.start Starting ProtocolHandler ["http-nio-8080"]
08-May-2026 00:43:04.926 INFO [main] org.apache.catalina.startup.Catalina.start Server startup in [1754] milliseconds
08-May-2026 00:57:24.718 INFO [main] org.apache.catalina.core.StandardServer.await A valid shutdown command was received via the shutdown port. Stopping the Server instance.
08-May-2026 00:57:24.723 INFO [main] org.apache.coyote.AbstractProtocol.pause Pausing ProtocolHandler ["http-nio-8080"]
08-May-2026 00:57:24.798 INFO [main] org.apache.catalina.core.StandardService.stopInternal Stopping service [Catalina]
08-May-2026 00:57:24.804 WARNING [main] org.apache.catalina.loader.WebappClassLoaderBase.clearReferencesJdbc The web application [e-commerce] registered the JDBC driver [com.mysql.cj.jdbc.Driver] but failed to unregister it when the web application was stopped. To prevent a memory leak, the JDBC Driver has been forcibly unregistered.
08-May-2026 00:57:24.805 WARNING [main] org.apache.catalina.loader.WebappClassLoaderBase.clearReferencesThreads The web application [e-commerce] appears to have started a thread named [mysql-cj-abandoned-connection-cleanup] but has failed to stop it. This is very likely to create a memory leak. Stack trace of thread:
 java.base@17.0.8/java.lang.Object.wait(Native Method)
 java.base@17.0.8/java.lang.ref.ReferenceQueue.remove(ReferenceQueue.java:155)
 com.mysql.cj.jdbc.AbandonedConnectionCleanupThread.run(AbandonedConnectionCleanupThread.java:91)
 java.base@17.0.8/java.util.concurrent.ThreadPoolExecutor.runWorker(ThreadPoolExecutor.java:1136)
 java.base@17.0.8/java.util.concurrent.ThreadPoolExecutor$Worker.run(ThreadPoolExecutor.java:635)
 java.base@17.0.8/java.lang.Thread.run(Thread.java:833)
08-May-2026 00:57:24.811 INFO [main] org.apache.coyote.AbstractProtocol.stop Stopping ProtocolHandler ["http-nio-8080"]
08-May-2026 00:57:24.825 INFO [main] org.apache.coyote.AbstractProtocol.destroy Destroying ProtocolHandler ["http-nio-8080"]
08-May-2026 00:59:08.882 INFO [main] org.apache.catalina.startup.VersionLoggerListener.log Server version name:   Apache Tomcat/11.0.21
08-May-2026 00:59:08.885 INFO [main] org.apache.catalina.startup.VersionLoggerListener.log Server built:          Mar 30 2026 14:59:44 UTC
08-May-2026 00:59:08.886 INFO [main] org.apache.catalina.startup.VersionLoggerListener.log Server version number: 11.0.21.0
08-May-2026 00:59:08.887 INFO [main] org.apache.catalina.startup.VersionLoggerListener.log OS Name:               Windows 10
08-May-2026 00:59:08.887 INFO [main] org.apache.catalina.startup.VersionLoggerListener.log OS Version:            10.0
08-May-2026 00:59:08.887 INFO [main] org.apache.catalina.startup.VersionLoggerListener.log Architecture:          amd64
08-May-2026 00:59:08.887 INFO [main] org.apache.catalina.startup.VersionLoggerListener.log Java Home:             C:\Program Files\Java\jdk-17.0.8
08-May-2026 00:59:08.887 INFO [main] org.apache.catalina.startup.VersionLoggerListener.log JVM Version:           17.0.8+9-LTS-211
08-May-2026 00:59:08.888 INFO [main] org.apache.catalina.startup.VersionLoggerListener.log JVM Vendor:            Oracle Corporation
08-May-2026 00:59:08.888 INFO [main] org.apache.catalina.startup.VersionLoggerListener.log CATALINA_BASE:         C:\e-commerce\.devtomcat\Tomcat_Server_e6f0999f
08-May-2026 00:59:08.888 INFO [main] org.apache.catalina.startup.VersionLoggerListener.log CATALINA_HOME:         E:\apache-tomcat-11.0.21
08-May-2026 00:59:08.891 INFO [main] org.apache.catalina.startup.VersionLoggerListener.log Command line argument: -Dcom.sun.management.jmxremote
08-May-2026 00:59:08.892 INFO [main] org.apache.catalina.startup.VersionLoggerListener.log Command line argument: -Dcom.sun.management.jmxremote.port=1099
08-May-2026 00:59:08.892 INFO [main] org.apache.catalina.startup.VersionLoggerListener.log Command line argument: -Dcom.sun.management.jmxremote.ssl=false
08-May-2026 00:59:08.892 INFO [main] org.apache.catalina.startup.VersionLoggerListener.log Command line argument: -Dcom.sun.management.jmxremote.authenticate=false
08-May-2026 00:59:08.892 INFO [main] org.apache.catalina.startup.VersionLoggerListener.log Command line argument: -Dcom.sun.management.jmxremote.local.only=false
08-May-2026 00:59:08.892 INFO [main] org.apache.catalina.startup.VersionLoggerListener.log Command line argument: --add-opens=java.base/java.lang=ALL-UNNAMED
08-May-2026 00:59:08.892 INFO [main] org.apache.catalina.startup.VersionLoggerListener.log Command line argument: --add-opens=java.base/java.io=ALL-UNNAMED
08-May-2026 00:59:08.893 INFO [main] org.apache.catalina.startup.VersionLoggerListener.log Command line argument: --add-opens=java.base/java.util=ALL-UNNAMED
08-May-2026 00:59:08.893 INFO [main] org.apache.catalina.startup.VersionLoggerListener.log Command line argument: --add-opens=java.base/java.util.concurrent=ALL-UNNAMED
08-May-2026 00:59:08.893 INFO [main] org.apache.catalina.startup.VersionLoggerListener.log Command line argument: --add-opens=java.rmi/sun.rmi.transport=ALL-UNNAMED
08-May-2026 00:59:08.893 INFO [main] org.apache.catalina.startup.VersionLoggerListener.log Command line argument: -Dcatalina.home=E:\apache-tomcat-11.0.21
08-May-2026 00:59:08.893 INFO [main] org.apache.catalina.startup.VersionLoggerListener.log Command line argument: -Dcatalina.base=C:\e-commerce\.devtomcat\Tomcat_Server_e6f0999f
08-May-2026 00:59:08.894 INFO [main] org.apache.catalina.startup.VersionLoggerListener.log Command line argument: -Djava.io.tmpdir=C:\e-commerce\.devtomcat\Tomcat_Server_e6f0999f\temp
08-May-2026 00:59:08.894 INFO [main] org.apache.catalina.startup.VersionLoggerListener.log Command line argument: -Djava.util.logging.config.file=C:\e-commerce\.devtomcat\Tomcat_Server_e6f0999f\conf\logging.properties
08-May-2026 00:59:08.894 INFO [main] org.apache.catalina.startup.VersionLoggerListener.log Command line argument: -Djava.util.logging.manager=org.apache.juli.ClassLoaderLogManager
08-May-2026 00:59:08.894 INFO [main] org.apache.catalina.startup.VersionLoggerListener.log Command line argument: -Dserver.port=8080
08-May-2026 00:59:08.894 INFO [main] org.apache.catalina.startup.VersionLoggerListener.log Command line argument: -Dserver.shutdown.port=8005
08-May-2026 00:59:08.895 INFO [main] org.apache.catalina.startup.VersionLoggerListener.log Command line argument: -javaagent:C:\Program Files\JetBrains\IntelliJ IDEA 2025.3.1.1\lib\idea_rt.jar=56363
08-May-2026 00:59:08.895 INFO [main] org.apache.catalina.startup.VersionLoggerListener.log Command line argument: -Dfile.encoding=UTF-8
08-May-2026 00:59:08.898 INFO [main] org.apache.catalina.core.AprLifecycleListener.lifecycleEvent Loaded Apache Tomcat Native library [2.0.14] using APR version [1.7.6].
08-May-2026 00:59:08.906 INFO [main] org.apache.catalina.core.AprLifecycleListener.initializeSSL OpenSSL successfully initialized [OpenSSL 3.5.5 27 Jan 2026]
08-May-2026 00:59:09.228 INFO [main] org.apache.coyote.AbstractProtocol.init Initializing ProtocolHandler ["http-nio-8080"]
08-May-2026 00:59:09.259 INFO [main] org.apache.catalina.startup.Catalina.load Server initialization in [668] milliseconds
08-May-2026 00:59:09.336 INFO [main] org.apache.catalina.core.StandardService.startInternal Starting service [Catalina]
08-May-2026 00:59:09.337 INFO [main] org.apache.catalina.core.StandardEngine.startInternal Starting Servlet engine: [Apache Tomcat/11.0.21]
08-May-2026 00:59:09.364 INFO [main] org.apache.catalina.startup.HostConfig.deployDescriptor Deploying deployment descriptor [C:\e-commerce\.devtomcat\Tomcat_Server_e6f0999f\conf\Catalina\localhost\e-commerce.xml]
08-May-2026 00:59:10.918 INFO [main] org.apache.jasper.servlet.TldScanner.scanJars At least one JAR was scanned for TLDs yet contained no TLDs. Enable debug logging for this logger for a complete list of JARs that were scanned but no TLDs were found in them. Skipping unneeded JARs during scanning can improve startup time and JSP compilation time.
08-May-2026 00:59:11.064 INFO [main] org.apache.catalina.startup.HostConfig.deployDescriptor Deployment of deployment descriptor [C:\e-commerce\.devtomcat\Tomcat_Server_e6f0999f\conf\Catalina\localhost\e-commerce.xml] has finished in [1,700] ms
08-May-2026 00:59:11.072 INFO [main] org.apache.coyote.AbstractProtocol.start Starting ProtocolHandler ["http-nio-8080"]
08-May-2026 00:59:11.103 INFO [main] org.apache.catalina.startup.Catalina.start Server startup in [1843] milliseconds
08-May-2026 01:00:43.888 INFO [main] org.apache.catalina.core.StandardServer.await A valid shutdown command was received via the shutdown port. Stopping the Server instance.
08-May-2026 01:00:43.888 INFO [main] org.apache.coyote.AbstractProtocol.pause Pausing ProtocolHandler ["http-nio-8080"]
08-May-2026 01:00:43.961 INFO [main] org.apache.catalina.core.StandardService.stopInternal Stopping service [Catalina]
08-May-2026 01:00:43.965 WARNING [main] org.apache.catalina.loader.WebappClassLoaderBase.clearReferencesJdbc The web application [e-commerce] registered the JDBC driver [com.mysql.cj.jdbc.Driver] but failed to unregister it when the web application was stopped. To prevent a memory leak, the JDBC Driver has been forcibly unregistered.
08-May-2026 01:00:43.966 WARNING [main] org.apache.catalina.loader.WebappClassLoaderBase.clearReferencesThreads The web application [e-commerce] appears to have started a thread named [mysql-cj-abandoned-connection-cleanup] but has failed to stop it. This is very likely to create a memory leak. Stack trace of thread:
 java.base@17.0.8/java.lang.Object.wait(Native Method)
 java.base@17.0.8/java.lang.ref.ReferenceQueue.remove(ReferenceQueue.java:155)
 com.mysql.cj.jdbc.AbandonedConnectionCleanupThread.run(AbandonedConnectionCleanupThread.java:91)
 java.base@17.0.8/java.util.concurrent.ThreadPoolExecutor.runWorker(ThreadPoolExecutor.java:1136)
 java.base@17.0.8/java.util.concurrent.ThreadPoolExecutor$Worker.run(ThreadPoolExecutor.java:635)
 java.base@17.0.8/java.lang.Thread.run(Thread.java:833)
08-May-2026 01:00:43.971 INFO [main] org.apache.coyote.AbstractProtocol.stop Stopping ProtocolHandler ["http-nio-8080"]
08-May-2026 01:00:43.989 INFO [main] org.apache.coyote.AbstractProtocol.destroy Destroying ProtocolHandler ["http-nio-8080"]
08-May-2026 01:00:44.058 INFO [mysql-cj-abandoned-connection-cleanup] org.apache.catalina.loader.WebappClassLoaderBase.checkStateForResourceLoading Illegal access: this web application instance has been stopped already. Could not load []. The following stack trace is thrown for debugging purposes as well as to attempt to terminate the thread which caused the illegal access.
	java.lang.IllegalStateException: Illegal access: this web application instance has been stopped already. Could not load []. The following stack trace is thrown for debugging purposes as well as to attempt to terminate the thread which caused the illegal access.
		at org.apache.catalina.loader.WebappClassLoaderBase.checkStateForResourceLoading(WebappClassLoaderBase.java:1244)
		at org.apache.catalina.loader.WebappClassLoaderBase.getResource(WebappClassLoaderBase.java:854)
		at com.mysql.cj.jdbc.AbandonedConnectionCleanupThread.checkThreadContextClassLoader(AbandonedConnectionCleanupThread.java:123)
		at com.mysql.cj.jdbc.AbandonedConnectionCleanupThread.run(AbandonedConnectionCleanupThread.java:90)
		at java.base/java.util.concurrent.ThreadPoolExecutor.runWorker(ThreadPoolExecutor.java:1136)
		at java.base/java.util.concurrent.ThreadPoolExecutor$Worker.run(ThreadPoolExecutor.java:635)
		at java.base/java.lang.Thread.run(Thread.java:833)
08-May-2026 01:00:48.288 INFO [main] org.apache.catalina.startup.VersionLoggerListener.log Server version name:   Apache Tomcat/11.0.21
08-May-2026 01:00:48.293 INFO [main] org.apache.catalina.startup.VersionLoggerListener.log Server built:          Mar 30 2026 14:59:44 UTC
08-May-2026 01:00:48.295 INFO [main] org.apache.catalina.startup.VersionLoggerListener.log Server version number: 11.0.21.0
08-May-2026 01:00:48.297 INFO [main] org.apache.catalina.startup.VersionLoggerListener.log OS Name:               Windows 10
08-May-2026 01:00:48.297 INFO [main] org.apache.catalina.startup.VersionLoggerListener.log OS Version:            10.0
08-May-2026 01:00:48.298 INFO [main] org.apache.catalina.startup.VersionLoggerListener.log Architecture:          amd64
08-May-2026 01:00:48.300 INFO [main] org.apache.catalina.startup.VersionLoggerListener.log Java Home:             C:\Program Files\Java\jdk-17.0.8
08-May-2026 01:00:48.300 INFO [main] org.apache.catalina.startup.VersionLoggerListener.log JVM Version:           17.0.8+9-LTS-211
08-May-2026 01:00:48.300 INFO [main] org.apache.catalina.startup.VersionLoggerListener.log JVM Vendor:            Oracle Corporation
08-May-2026 01:00:48.300 INFO [main] org.apache.catalina.startup.VersionLoggerListener.log CATALINA_BASE:         C:\e-commerce\.devtomcat\Tomcat_Server_e6f0999f
08-May-2026 01:00:48.301 INFO [main] org.apache.catalina.startup.VersionLoggerListener.log CATALINA_HOME:         E:\apache-tomcat-11.0.21
08-May-2026 01:00:48.301 INFO [main] org.apache.catalina.startup.VersionLoggerListener.log Command line argument: -Dcom.sun.management.jmxremote
08-May-2026 01:00:48.302 INFO [main] org.apache.catalina.startup.VersionLoggerListener.log Command line argument: -Dcom.sun.management.jmxremote.port=1099
08-May-2026 01:00:48.302 INFO [main] org.apache.catalina.startup.VersionLoggerListener.log Command line argument: -Dcom.sun.management.jmxremote.ssl=false
08-May-2026 01:00:48.302 INFO [main] org.apache.catalina.startup.VersionLoggerListener.log Command line argument: -Dcom.sun.management.jmxremote.authenticate=false
08-May-2026 01:00:48.302 INFO [main] org.apache.catalina.startup.VersionLoggerListener.log Command line argument: -Dcom.sun.management.jmxremote.local.only=false
08-May-2026 01:00:48.302 INFO [main] org.apache.catalina.startup.VersionLoggerListener.log Command line argument: --add-opens=java.base/java.lang=ALL-UNNAMED
08-May-2026 01:00:48.302 INFO [main] org.apache.catalina.startup.VersionLoggerListener.log Command line argument: --add-opens=java.base/java.io=ALL-UNNAMED
08-May-2026 01:00:48.303 INFO [main] org.apache.catalina.startup.VersionLoggerListener.log Command line argument: --add-opens=java.base/java.util=ALL-UNNAMED
08-May-2026 01:00:48.303 INFO [main] org.apache.catalina.startup.VersionLoggerListener.log Command line argument: --add-opens=java.base/java.util.concurrent=ALL-UNNAMED
08-May-2026 01:00:48.303 INFO [main] org.apache.catalina.startup.VersionLoggerListener.log Command line argument: --add-opens=java.rmi/sun.rmi.transport=ALL-UNNAMED
08-May-2026 01:00:48.303 INFO [main] org.apache.catalina.startup.VersionLoggerListener.log Command line argument: -Dcatalina.home=E:\apache-tomcat-11.0.21
08-May-2026 01:00:48.304 INFO [main] org.apache.catalina.startup.VersionLoggerListener.log Command line argument: -Dcatalina.base=C:\e-commerce\.devtomcat\Tomcat_Server_e6f0999f
08-May-2026 01:00:48.304 INFO [main] org.apache.catalina.startup.VersionLoggerListener.log Command line argument: -Djava.io.tmpdir=C:\e-commerce\.devtomcat\Tomcat_Server_e6f0999f\temp
08-May-2026 01:00:48.304 INFO [main] org.apache.catalina.startup.VersionLoggerListener.log Command line argument: -Djava.util.logging.config.file=C:\e-commerce\.devtomcat\Tomcat_Server_e6f0999f\conf\logging.properties
08-May-2026 01:00:48.304 INFO [main] org.apache.catalina.startup.VersionLoggerListener.log Command line argument: -Djava.util.logging.manager=org.apache.juli.ClassLoaderLogManager
08-May-2026 01:00:48.304 INFO [main] org.apache.catalina.startup.VersionLoggerListener.log Command line argument: -Dserver.port=8080
08-May-2026 01:00:48.304 INFO [main] org.apache.catalina.startup.VersionLoggerListener.log Command line argument: -Dserver.shutdown.port=8005
08-May-2026 01:00:48.305 INFO [main] org.apache.catalina.startup.VersionLoggerListener.log Command line argument: -javaagent:C:\Program Files\JetBrains\IntelliJ IDEA 2025.3.1.1\lib\idea_rt.jar=62352
08-May-2026 01:00:48.305 INFO [main] org.apache.catalina.startup.VersionLoggerListener.log Command line argument: -Dfile.encoding=UTF-8
08-May-2026 01:00:48.309 INFO [main] org.apache.catalina.core.AprLifecycleListener.lifecycleEvent Loaded Apache Tomcat Native library [2.0.14] using APR version [1.7.6].
08-May-2026 01:00:48.317 INFO [main] org.apache.catalina.core.AprLifecycleListener.initializeSSL OpenSSL successfully initialized [OpenSSL 3.5.5 27 Jan 2026]
08-May-2026 01:00:48.603 INFO [main] org.apache.coyote.AbstractProtocol.init Initializing ProtocolHandler ["http-nio-8080"]
08-May-2026 01:00:48.641 INFO [main] org.apache.catalina.startup.Catalina.load Server initialization in [617] milliseconds
08-May-2026 01:00:48.719 INFO [main] org.apache.catalina.core.StandardService.startInternal Starting service [Catalina]
08-May-2026 01:00:48.720 INFO [main] org.apache.catalina.core.StandardEngine.startInternal Starting Servlet engine: [Apache Tomcat/11.0.21]
08-May-2026 01:00:48.736 INFO [main] org.apache.catalina.startup.HostConfig.deployDescriptor Deploying deployment descriptor [C:\e-commerce\.devtomcat\Tomcat_Server_e6f0999f\conf\Catalina\localhost\e-commerce.xml]
08-May-2026 01:00:50.540 INFO [main] org.apache.jasper.servlet.TldScanner.scanJars At least one JAR was scanned for TLDs yet contained no TLDs. Enable debug logging for this logger for a complete list of JARs that were scanned but no TLDs were found in them. Skipping unneeded JARs during scanning can improve startup time and JSP compilation time.
08-May-2026 01:00:50.710 WARNING [main] org.apache.catalina.util.SessionIdGeneratorBase.createSecureRandom Creation of SecureRandom instance for session ID generation using [SHA1PRNG] took [116] milliseconds.
08-May-2026 01:00:50.746 INFO [main] org.apache.catalina.startup.HostConfig.deployDescriptor Deployment of deployment descriptor [C:\e-commerce\.devtomcat\Tomcat_Server_e6f0999f\conf\Catalina\localhost\e-commerce.xml] has finished in [2,010] ms
08-May-2026 01:00:50.754 INFO [main] org.apache.coyote.AbstractProtocol.start Starting ProtocolHandler ["http-nio-8080"]
08-May-2026 01:00:50.809 INFO [main] org.apache.catalina.startup.Catalina.start Server startup in [2166] milliseconds
08-May-2026 01:03:35.409 INFO [main] org.apache.catalina.core.StandardServer.await A valid shutdown command was received via the shutdown port. Stopping the Server instance.
08-May-2026 01:03:35.409 INFO [main] org.apache.coyote.AbstractProtocol.pause Pausing ProtocolHandler ["http-nio-8080"]
08-May-2026 01:03:35.493 INFO [main] org.apache.catalina.core.StandardService.stopInternal Stopping service [Catalina]
08-May-2026 01:03:35.506 INFO [main] org.apache.coyote.AbstractProtocol.stop Stopping ProtocolHandler ["http-nio-8080"]
08-May-2026 01:03:35.524 INFO [main] org.apache.coyote.AbstractProtocol.destroy Destroying ProtocolHandler ["http-nio-8080"]
08-May-2026 01:03:39.900 INFO [main] org.apache.catalina.startup.VersionLoggerListener.log Server version name:   Apache Tomcat/11.0.21
08-May-2026 01:03:39.904 INFO [main] org.apache.catalina.startup.VersionLoggerListener.log Server built:          Mar 30 2026 14:59:44 UTC
08-May-2026 01:03:39.905 INFO [main] org.apache.catalina.startup.VersionLoggerListener.log Server version number: 11.0.21.0
08-May-2026 01:03:39.905 INFO [main] org.apache.catalina.startup.VersionLoggerListener.log OS Name:               Windows 10
08-May-2026 01:03:39.905 INFO [main] org.apache.catalina.startup.VersionLoggerListener.log OS Version:            10.0
08-May-2026 01:03:39.906 INFO [main] org.apache.catalina.startup.VersionLoggerListener.log Architecture:          amd64
08-May-2026 01:03:39.906 INFO [main] org.apache.catalina.startup.VersionLoggerListener.log Java Home:             C:\Program Files\Java\jdk-17.0.8
08-May-2026 01:03:39.906 INFO [main] org.apache.catalina.startup.VersionLoggerListener.log JVM Version:           17.0.8+9-LTS-211
08-May-2026 01:03:39.907 INFO [main] org.apache.catalina.startup.VersionLoggerListener.log JVM Vendor:            Oracle Corporation
08-May-2026 01:03:39.907 INFO [main] org.apache.catalina.startup.VersionLoggerListener.log CATALINA_BASE:         C:\e-commerce\.devtomcat\Tomcat_Server_e6f0999f
08-May-2026 01:03:39.908 INFO [main] org.apache.catalina.startup.VersionLoggerListener.log CATALINA_HOME:         E:\apache-tomcat-11.0.21
08-May-2026 01:03:39.910 INFO [main] org.apache.catalina.startup.VersionLoggerListener.log Command line argument: -Dcom.sun.management.jmxremote
08-May-2026 01:03:39.911 INFO [main] org.apache.catalina.startup.VersionLoggerListener.log Command line argument: -Dcom.sun.management.jmxremote.port=1099
08-May-2026 01:03:39.911 INFO [main] org.apache.catalina.startup.VersionLoggerListener.log Command line argument: -Dcom.sun.management.jmxremote.ssl=false
08-May-2026 01:03:39.911 INFO [main] org.apache.catalina.startup.VersionLoggerListener.log Command line argument: -Dcom.sun.management.jmxremote.authenticate=false
08-May-2026 01:03:39.911 INFO [main] org.apache.catalina.startup.VersionLoggerListener.log Command line argument: -Dcom.sun.management.jmxremote.local.only=false
08-May-2026 01:03:39.911 INFO [main] org.apache.catalina.startup.VersionLoggerListener.log Command line argument: --add-opens=java.base/java.lang=ALL-UNNAMED
08-May-2026 01:03:39.911 INFO [main] org.apache.catalina.startup.VersionLoggerListener.log Command line argument: --add-opens=java.base/java.io=ALL-UNNAMED
08-May-2026 01:03:39.912 INFO [main] org.apache.catalina.startup.VersionLoggerListener.log Command line argument: --add-opens=java.base/java.util=ALL-UNNAMED
08-May-2026 01:03:39.912 INFO [main] org.apache.catalina.startup.VersionLoggerListener.log Command line argument: --add-opens=java.base/java.util.concurrent=ALL-UNNAMED
08-May-2026 01:03:39.912 INFO [main] org.apache.catalina.startup.VersionLoggerListener.log Command line argument: --add-opens=java.rmi/sun.rmi.transport=ALL-UNNAMED
08-May-2026 01:03:39.912 INFO [main] org.apache.catalina.startup.VersionLoggerListener.log Command line argument: -Dcatalina.home=E:\apache-tomcat-11.0.21
08-May-2026 01:03:39.913 INFO [main] org.apache.catalina.startup.VersionLoggerListener.log Command line argument: -Dcatalina.base=C:\e-commerce\.devtomcat\Tomcat_Server_e6f0999f
08-May-2026 01:03:39.913 INFO [main] org.apache.catalina.startup.VersionLoggerListener.log Command line argument: -Djava.io.tmpdir=C:\e-commerce\.devtomcat\Tomcat_Server_e6f0999f\temp
08-May-2026 01:03:39.913 INFO [main] org.apache.catalina.startup.VersionLoggerListener.log Command line argument: -Djava.util.logging.config.file=C:\e-commerce\.devtomcat\Tomcat_Server_e6f0999f\conf\logging.properties
08-May-2026 01:03:39.913 INFO [main] org.apache.catalina.startup.VersionLoggerListener.log Command line argument: -Djava.util.logging.manager=org.apache.juli.ClassLoaderLogManager
08-May-2026 01:03:39.913 INFO [main] org.apache.catalina.startup.VersionLoggerListener.log Command line argument: -Dserver.port=8080
08-May-2026 01:03:39.913 INFO [main] org.apache.catalina.startup.VersionLoggerListener.log Command line argument: -Dserver.shutdown.port=8005
08-May-2026 01:03:39.913 INFO [main] org.apache.catalina.startup.VersionLoggerListener.log Command line argument: -javaagent:C:\Program Files\JetBrains\IntelliJ IDEA 2025.3.1.1\lib\idea_rt.jar=55051
08-May-2026 01:03:39.913 INFO [main] org.apache.catalina.startup.VersionLoggerListener.log Command line argument: -Dfile.encoding=UTF-8
08-May-2026 01:03:39.916 INFO [main] org.apache.catalina.core.AprLifecycleListener.lifecycleEvent Loaded Apache Tomcat Native library [2.0.14] using APR version [1.7.6].
08-May-2026 01:03:39.923 INFO [main] org.apache.catalina.core.AprLifecycleListener.initializeSSL OpenSSL successfully initialized [OpenSSL 3.5.5 27 Jan 2026]
08-May-2026 01:03:40.248 INFO [main] org.apache.coyote.AbstractProtocol.init Initializing ProtocolHandler ["http-nio-8080"]
08-May-2026 01:03:40.285 INFO [main] org.apache.catalina.startup.Catalina.load Server initialization in [685] milliseconds
08-May-2026 01:03:40.362 INFO [main] org.apache.catalina.core.StandardService.startInternal Starting service [Catalina]
08-May-2026 01:03:40.362 INFO [main] org.apache.catalina.core.StandardEngine.startInternal Starting Servlet engine: [Apache Tomcat/11.0.21]
08-May-2026 01:03:40.383 INFO [main] org.apache.catalina.startup.HostConfig.deployDescriptor Deploying deployment descriptor [C:\e-commerce\.devtomcat\Tomcat_Server_e6f0999f\conf\Catalina\localhost\e-commerce.xml]
08-May-2026 01:03:41.855 INFO [main] org.apache.jasper.servlet.TldScanner.scanJars At least one JAR was scanned for TLDs yet contained no TLDs. Enable debug logging for this logger for a complete list of JARs that were scanned but no TLDs were found in them. Skipping unneeded JARs during scanning can improve startup time and JSP compilation time.
08-May-2026 01:03:41.991 INFO [main] org.apache.catalina.startup.HostConfig.deployDescriptor Deployment of deployment descriptor [C:\e-commerce\.devtomcat\Tomcat_Server_e6f0999f\conf\Catalina\localhost\e-commerce.xml] has finished in [1,606] ms
08-May-2026 01:03:42.001 INFO [main] org.apache.coyote.AbstractProtocol.start Starting ProtocolHandler ["http-nio-8080"]
08-May-2026 01:03:42.031 INFO [main] org.apache.catalina.startup.Catalina.start Server startup in [1746] milliseconds
08-May-2026 01:04:31.764 INFO [main] org.apache.catalina.core.StandardServer.await A valid shutdown command was received via the shutdown port. Stopping the Server instance.
08-May-2026 01:04:31.765 INFO [main] org.apache.coyote.AbstractProtocol.pause Pausing ProtocolHandler ["http-nio-8080"]
08-May-2026 01:04:31.836 INFO [main] org.apache.catalina.core.StandardService.stopInternal Stopping service [Catalina]
08-May-2026 01:04:31.840 WARNING [main] org.apache.catalina.loader.WebappClassLoaderBase.clearReferencesJdbc The web application [e-commerce] registered the JDBC driver [com.mysql.cj.jdbc.Driver] but failed to unregister it when the web application was stopped. To prevent a memory leak, the JDBC Driver has been forcibly unregistered.
08-May-2026 01:04:31.842 WARNING [main] org.apache.catalina.loader.WebappClassLoaderBase.clearReferencesThreads The web application [e-commerce] appears to have started a thread named [mysql-cj-abandoned-connection-cleanup] but has failed to stop it. This is very likely to create a memory leak. Stack trace of thread:
 java.base@17.0.8/java.lang.Object.wait(Native Method)
 java.base@17.0.8/java.lang.ref.ReferenceQueue.remove(ReferenceQueue.java:155)
 com.mysql.cj.jdbc.AbandonedConnectionCleanupThread.run(AbandonedConnectionCleanupThread.java:91)
 java.base@17.0.8/java.util.concurrent.ThreadPoolExecutor.runWorker(ThreadPoolExecutor.java:1136)
 java.base@17.0.8/java.util.concurrent.ThreadPoolExecutor$Worker.run(ThreadPoolExecutor.java:635)
 java.base@17.0.8/java.lang.Thread.run(Thread.java:833)
08-May-2026 01:04:31.845 INFO [main] org.apache.coyote.AbstractProtocol.stop Stopping ProtocolHandler ["http-nio-8080"]
08-May-2026 01:04:31.849 INFO [main] org.apache.coyote.AbstractProtocol.destroy Destroying ProtocolHandler ["http-nio-8080"]
08-May-2026 01:04:31.919 INFO [mysql-cj-abandoned-connection-cleanup] org.apache.catalina.loader.WebappClassLoaderBase.checkStateForResourceLoading Illegal access: this web application instance has been stopped already. Could not load []. The following stack trace is thrown for debugging purposes as well as to attempt to terminate the thread which caused the illegal access.
	java.lang.IllegalStateException: Illegal access: this web application instance has been stopped already. Could not load []. The following stack trace is thrown for debugging purposes as well as to attempt to terminate the thread which caused the illegal access.
		at org.apache.catalina.loader.WebappClassLoaderBase.checkStateForResourceLoading(WebappClassLoaderBase.java:1244)
		at org.apache.catalina.loader.WebappClassLoaderBase.getResource(WebappClassLoaderBase.java:854)
		at com.mysql.cj.jdbc.AbandonedConnectionCleanupThread.checkThreadContextClassLoader(AbandonedConnectionCleanupThread.java:123)
		at com.mysql.cj.jdbc.AbandonedConnectionCleanupThread.run(AbandonedConnectionCleanupThread.java:90)
		at java.base/java.util.concurrent.ThreadPoolExecutor.runWorker(ThreadPoolExecutor.java:1136)
		at java.base/java.util.concurrent.ThreadPoolExecutor$Worker.run(ThreadPoolExecutor.java:635)
		at java.base/java.lang.Thread.run(Thread.java:833)
08-May-2026 01:04:40.899 INFO [main] org.apache.catalina.startup.VersionLoggerListener.log Server version name:   Apache Tomcat/11.0.21
08-May-2026 01:04:40.904 INFO [main] org.apache.catalina.startup.VersionLoggerListener.log Server built:          Mar 30 2026 14:59:44 UTC
08-May-2026 01:04:40.904 INFO [main] org.apache.catalina.startup.VersionLoggerListener.log Server version number: 11.0.21.0
08-May-2026 01:04:40.904 INFO [main] org.apache.catalina.startup.VersionLoggerListener.log OS Name:               Windows 10
08-May-2026 01:04:40.904 INFO [main] org.apache.catalina.startup.VersionLoggerListener.log OS Version:            10.0
08-May-2026 01:04:40.904 INFO [main] org.apache.catalina.startup.VersionLoggerListener.log Architecture:          amd64
08-May-2026 01:04:40.904 INFO [main] org.apache.catalina.startup.VersionLoggerListener.log Java Home:             C:\Program Files\Java\jdk-17.0.8
08-May-2026 01:04:40.905 INFO [main] org.apache.catalina.startup.VersionLoggerListener.log JVM Version:           17.0.8+9-LTS-211
08-May-2026 01:04:40.905 INFO [main] org.apache.catalina.startup.VersionLoggerListener.log JVM Vendor:            Oracle Corporation
08-May-2026 01:04:40.905 INFO [main] org.apache.catalina.startup.VersionLoggerListener.log CATALINA_BASE:         C:\e-commerce\.devtomcat\Tomcat_Server_e6f0999f
08-May-2026 01:04:40.905 INFO [main] org.apache.catalina.startup.VersionLoggerListener.log CATALINA_HOME:         E:\apache-tomcat-11.0.21
08-May-2026 01:04:40.908 INFO [main] org.apache.catalina.startup.VersionLoggerListener.log Command line argument: -Dcom.sun.management.jmxremote
08-May-2026 01:04:40.910 INFO [main] org.apache.catalina.startup.VersionLoggerListener.log Command line argument: -Dcom.sun.management.jmxremote.port=1099
08-May-2026 01:04:40.910 INFO [main] org.apache.catalina.startup.VersionLoggerListener.log Command line argument: -Dcom.sun.management.jmxremote.ssl=false
08-May-2026 01:04:40.910 INFO [main] org.apache.catalina.startup.VersionLoggerListener.log Command line argument: -Dcom.sun.management.jmxremote.authenticate=false
08-May-2026 01:04:40.910 INFO [main] org.apache.catalina.startup.VersionLoggerListener.log Command line argument: -Dcom.sun.management.jmxremote.local.only=false
08-May-2026 01:04:40.910 INFO [main] org.apache.catalina.startup.VersionLoggerListener.log Command line argument: --add-opens=java.base/java.lang=ALL-UNNAMED
08-May-2026 01:04:40.910 INFO [main] org.apache.catalina.startup.VersionLoggerListener.log Command line argument: --add-opens=java.base/java.io=ALL-UNNAMED
08-May-2026 01:04:40.910 INFO [main] org.apache.catalina.startup.VersionLoggerListener.log Command line argument: --add-opens=java.base/java.util=ALL-UNNAMED
08-May-2026 01:04:40.910 INFO [main] org.apache.catalina.startup.VersionLoggerListener.log Command line argument: --add-opens=java.base/java.util.concurrent=ALL-UNNAMED
08-May-2026 01:04:40.910 INFO [main] org.apache.catalina.startup.VersionLoggerListener.log Command line argument: --add-opens=java.rmi/sun.rmi.transport=ALL-UNNAMED
08-May-2026 01:04:40.910 INFO [main] org.apache.catalina.startup.VersionLoggerListener.log Command line argument: -Dcatalina.home=E:\apache-tomcat-11.0.21
08-May-2026 01:04:40.910 INFO [main] org.apache.catalina.startup.VersionLoggerListener.log Command line argument: -Dcatalina.base=C:\e-commerce\.devtomcat\Tomcat_Server_e6f0999f
08-May-2026 01:04:40.910 INFO [main] org.apache.catalina.startup.VersionLoggerListener.log Command line argument: -Djava.io.tmpdir=C:\e-commerce\.devtomcat\Tomcat_Server_e6f0999f\temp
08-May-2026 01:04:40.910 INFO [main] org.apache.catalina.startup.VersionLoggerListener.log Command line argument: -Djava.util.logging.config.file=C:\e-commerce\.devtomcat\Tomcat_Server_e6f0999f\conf\logging.properties
08-May-2026 01:04:40.911 INFO [main] org.apache.catalina.startup.VersionLoggerListener.log Command line argument: -Djava.util.logging.manager=org.apache.juli.ClassLoaderLogManager
08-May-2026 01:04:40.912 INFO [main] org.apache.catalina.startup.VersionLoggerListener.log Command line argument: -Dserver.port=8080
08-May-2026 01:04:40.912 INFO [main] org.apache.catalina.startup.VersionLoggerListener.log Command line argument: -Dserver.shutdown.port=8005
08-May-2026 01:04:40.912 INFO [main] org.apache.catalina.startup.VersionLoggerListener.log Command line argument: -javaagent:C:\Program Files\JetBrains\IntelliJ IDEA 2025.3.1.1\lib\idea_rt.jar=56117
08-May-2026 01:04:40.912 INFO [main] org.apache.catalina.startup.VersionLoggerListener.log Command line argument: -Dfile.encoding=UTF-8
08-May-2026 01:04:40.916 INFO [main] org.apache.catalina.core.AprLifecycleListener.lifecycleEvent Loaded Apache Tomcat Native library [2.0.14] using APR version [1.7.6].
08-May-2026 01:04:40.924 INFO [main] org.apache.catalina.core.AprLifecycleListener.initializeSSL OpenSSL successfully initialized [OpenSSL 3.5.5 27 Jan 2026]
08-May-2026 01:04:41.262 INFO [main] org.apache.coyote.AbstractProtocol.init Initializing ProtocolHandler ["http-nio-8080"]
08-May-2026 01:04:41.292 INFO [main] org.apache.catalina.startup.Catalina.load Server initialization in [731] milliseconds
08-May-2026 01:04:41.378 INFO [main] org.apache.catalina.core.StandardService.startInternal Starting service [Catalina]
08-May-2026 01:04:41.378 INFO [main] org.apache.catalina.core.StandardEngine.startInternal Starting Servlet engine: [Apache Tomcat/11.0.21]
08-May-2026 01:04:41.399 INFO [main] org.apache.catalina.startup.HostConfig.deployDescriptor Deploying deployment descriptor [C:\e-commerce\.devtomcat\Tomcat_Server_e6f0999f\conf\Catalina\localhost\e-commerce.xml]
08-May-2026 01:04:42.818 INFO [main] org.apache.jasper.servlet.TldScanner.scanJars At least one JAR was scanned for TLDs yet contained no TLDs. Enable debug logging for this logger for a complete list of JARs that were scanned but no TLDs were found in them. Skipping unneeded JARs during scanning can improve startup time and JSP compilation time.
08-May-2026 01:04:42.974 INFO [main] org.apache.catalina.startup.HostConfig.deployDescriptor Deployment of deployment descriptor [C:\e-commerce\.devtomcat\Tomcat_Server_e6f0999f\conf\Catalina\localhost\e-commerce.xml] has finished in [1,575] ms
08-May-2026 01:04:42.982 INFO [main] org.apache.coyote.AbstractProtocol.start Starting ProtocolHandler ["http-nio-8080"]
08-May-2026 01:04:43.012 INFO [main] org.apache.catalina.startup.Catalina.start Server startup in [1718] milliseconds
08-May-2026 01:11:58.721 INFO [main] org.apache.catalina.core.StandardServer.await A valid shutdown command was received via the shutdown port. Stopping the Server instance.
08-May-2026 01:11:58.722 INFO [main] org.apache.coyote.AbstractProtocol.pause Pausing ProtocolHandler ["http-nio-8080"]
08-May-2026 01:11:58.803 INFO [main] org.apache.catalina.core.StandardService.stopInternal Stopping service [Catalina]
08-May-2026 01:11:58.808 WARNING [main] org.apache.catalina.loader.WebappClassLoaderBase.clearReferencesJdbc The web application [e-commerce] registered the JDBC driver [com.mysql.cj.jdbc.Driver] but failed to unregister it when the web application was stopped. To prevent a memory leak, the JDBC Driver has been forcibly unregistered.
08-May-2026 01:11:58.809 WARNING [main] org.apache.catalina.loader.WebappClassLoaderBase.clearReferencesThreads The web application [e-commerce] appears to have started a thread named [mysql-cj-abandoned-connection-cleanup] but has failed to stop it. This is very likely to create a memory leak. Stack trace of thread:
 java.base@17.0.8/java.lang.Object.wait(Native Method)
 java.base@17.0.8/java.lang.ref.ReferenceQueue.remove(ReferenceQueue.java:155)
 com.mysql.cj.jdbc.AbandonedConnectionCleanupThread.run(AbandonedConnectionCleanupThread.java:91)
 java.base@17.0.8/java.util.concurrent.ThreadPoolExecutor.runWorker(ThreadPoolExecutor.java:1136)
 java.base@17.0.8/java.util.concurrent.ThreadPoolExecutor$Worker.run(ThreadPoolExecutor.java:635)
 java.base@17.0.8/java.lang.Thread.run(Thread.java:833)
08-May-2026 01:11:58.814 INFO [main] org.apache.coyote.AbstractProtocol.stop Stopping ProtocolHandler ["http-nio-8080"]
08-May-2026 01:11:58.832 INFO [main] org.apache.coyote.AbstractProtocol.destroy Destroying ProtocolHandler ["http-nio-8080"]
08-May-2026 01:11:58.894 INFO [mysql-cj-abandoned-connection-cleanup] org.apache.catalina.loader.WebappClassLoaderBase.checkStateForResourceLoading Illegal access: this web application instance has been stopped already. Could not load []. The following stack trace is thrown for debugging purposes as well as to attempt to terminate the thread which caused the illegal access.
	java.lang.IllegalStateException: Illegal access: this web application instance has been stopped already. Could not load []. The following stack trace is thrown for debugging purposes as well as to attempt to terminate the thread which caused the illegal access.
		at org.apache.catalina.loader.WebappClassLoaderBase.checkStateForResourceLoading(WebappClassLoaderBase.java:1244)
		at org.apache.catalina.loader.WebappClassLoaderBase.getResource(WebappClassLoaderBase.java:854)
		at com.mysql.cj.jdbc.AbandonedConnectionCleanupThread.checkThreadContextClassLoader(AbandonedConnectionCleanupThread.java:123)
		at com.mysql.cj.jdbc.AbandonedConnectionCleanupThread.run(AbandonedConnectionCleanupThread.java:90)
		at java.base/java.util.concurrent.ThreadPoolExecutor.runWorker(ThreadPoolExecutor.java:1136)
		at java.base/java.util.concurrent.ThreadPoolExecutor$Worker.run(ThreadPoolExecutor.java:635)
		at java.base/java.lang.Thread.run(Thread.java:833)
08-May-2026 01:12:05.554 INFO [main] org.apache.catalina.startup.VersionLoggerListener.log Server version name:   Apache Tomcat/11.0.21
08-May-2026 01:12:05.558 INFO [main] org.apache.catalina.startup.VersionLoggerListener.log Server built:          Mar 30 2026 14:59:44 UTC
08-May-2026 01:12:05.558 INFO [main] org.apache.catalina.startup.VersionLoggerListener.log Server version number: 11.0.21.0
08-May-2026 01:12:05.559 INFO [main] org.apache.catalina.startup.VersionLoggerListener.log OS Name:               Windows 10
08-May-2026 01:12:05.559 INFO [main] org.apache.catalina.startup.VersionLoggerListener.log OS Version:            10.0
08-May-2026 01:12:05.559 INFO [main] org.apache.catalina.startup.VersionLoggerListener.log Architecture:          amd64
08-May-2026 01:12:05.559 INFO [main] org.apache.catalina.startup.VersionLoggerListener.log Java Home:             C:\Program Files\Java\jdk-17.0.8
08-May-2026 01:12:05.559 INFO [main] org.apache.catalina.startup.VersionLoggerListener.log JVM Version:           17.0.8+9-LTS-211
08-May-2026 01:12:05.559 INFO [main] org.apache.catalina.startup.VersionLoggerListener.log JVM Vendor:            Oracle Corporation
08-May-2026 01:12:05.559 INFO [main] org.apache.catalina.startup.VersionLoggerListener.log CATALINA_BASE:         C:\e-commerce\.devtomcat\Tomcat_Server_e6f0999f
08-May-2026 01:12:05.560 INFO [main] org.apache.catalina.startup.VersionLoggerListener.log CATALINA_HOME:         E:\apache-tomcat-11.0.21
08-May-2026 01:12:05.563 INFO [main] org.apache.catalina.startup.VersionLoggerListener.log Command line argument: -Dcom.sun.management.jmxremote
08-May-2026 01:12:05.563 INFO [main] org.apache.catalina.startup.VersionLoggerListener.log Command line argument: -Dcom.sun.management.jmxremote.port=1099
08-May-2026 01:12:05.563 INFO [main] org.apache.catalina.startup.VersionLoggerListener.log Command line argument: -Dcom.sun.management.jmxremote.ssl=false
08-May-2026 01:12:05.563 INFO [main] org.apache.catalina.startup.VersionLoggerListener.log Command line argument: -Dcom.sun.management.jmxremote.authenticate=false
08-May-2026 01:12:05.564 INFO [main] org.apache.catalina.startup.VersionLoggerListener.log Command line argument: -Dcom.sun.management.jmxremote.local.only=false
08-May-2026 01:12:05.564 INFO [main] org.apache.catalina.startup.VersionLoggerListener.log Command line argument: --add-opens=java.base/java.lang=ALL-UNNAMED
08-May-2026 01:12:05.564 INFO [main] org.apache.catalina.startup.VersionLoggerListener.log Command line argument: --add-opens=java.base/java.io=ALL-UNNAMED
08-May-2026 01:12:05.564 INFO [main] org.apache.catalina.startup.VersionLoggerListener.log Command line argument: --add-opens=java.base/java.util=ALL-UNNAMED
08-May-2026 01:12:05.565 INFO [main] org.apache.catalina.startup.VersionLoggerListener.log Command line argument: --add-opens=java.base/java.util.concurrent=ALL-UNNAMED
08-May-2026 01:12:05.565 INFO [main] org.apache.catalina.startup.VersionLoggerListener.log Command line argument: --add-opens=java.rmi/sun.rmi.transport=ALL-UNNAMED
08-May-2026 01:12:05.565 INFO [main] org.apache.catalina.startup.VersionLoggerListener.log Command line argument: -Dcatalina.home=E:\apache-tomcat-11.0.21
08-May-2026 01:12:05.565 INFO [main] org.apache.catalina.startup.VersionLoggerListener.log Command line argument: -Dcatalina.base=C:\e-commerce\.devtomcat\Tomcat_Server_e6f0999f
08-May-2026 01:12:05.566 INFO [main] org.apache.catalina.startup.VersionLoggerListener.log Command line argument: -Djava.io.tmpdir=C:\e-commerce\.devtomcat\Tomcat_Server_e6f0999f\temp
08-May-2026 01:12:05.566 INFO [main] org.apache.catalina.startup.VersionLoggerListener.log Command line argument: -Djava.util.logging.config.file=C:\e-commerce\.devtomcat\Tomcat_Server_e6f0999f\conf\logging.properties
08-May-2026 01:12:05.566 INFO [main] org.apache.catalina.startup.VersionLoggerListener.log Command line argument: -Djava.util.logging.manager=org.apache.juli.ClassLoaderLogManager
08-May-2026 01:12:05.566 INFO [main] org.apache.catalina.startup.VersionLoggerListener.log Command line argument: -Dserver.port=8080
08-May-2026 01:12:05.567 INFO [main] org.apache.catalina.startup.VersionLoggerListener.log Command line argument: -Dserver.shutdown.port=8005
08-May-2026 01:12:05.567 INFO [main] org.apache.catalina.startup.VersionLoggerListener.log Command line argument: -javaagent:C:\Program Files\JetBrains\IntelliJ IDEA 2025.3.1.1\lib\idea_rt.jar=55139
08-May-2026 01:12:05.567 INFO [main] org.apache.catalina.startup.VersionLoggerListener.log Command line argument: -Dfile.encoding=UTF-8
08-May-2026 01:12:05.570 INFO [main] org.apache.catalina.core.AprLifecycleListener.lifecycleEvent Loaded Apache Tomcat Native library [2.0.14] using APR version [1.7.6].
08-May-2026 01:12:05.576 INFO [main] org.apache.catalina.core.AprLifecycleListener.initializeSSL OpenSSL successfully initialized [OpenSSL 3.5.5 27 Jan 2026]
08-May-2026 01:12:05.955 INFO [main] org.apache.coyote.AbstractProtocol.init Initializing ProtocolHandler ["http-nio-8080"]
08-May-2026 01:12:05.988 INFO [main] org.apache.catalina.startup.Catalina.load Server initialization in [695] milliseconds
08-May-2026 01:12:06.065 INFO [main] org.apache.catalina.core.StandardService.startInternal Starting service [Catalina]
08-May-2026 01:12:06.065 INFO [main] org.apache.catalina.core.StandardEngine.startInternal Starting Servlet engine: [Apache Tomcat/11.0.21]
08-May-2026 01:12:06.084 INFO [main] org.apache.catalina.startup.HostConfig.deployDescriptor Deploying deployment descriptor [C:\e-commerce\.devtomcat\Tomcat_Server_e6f0999f\conf\Catalina\localhost\e-commerce.xml]
08-May-2026 01:12:07.709 INFO [main] org.apache.jasper.servlet.TldScanner.scanJars At least one JAR was scanned for TLDs yet contained no TLDs. Enable debug logging for this logger for a complete list of JARs that were scanned but no TLDs were found in them. Skipping unneeded JARs during scanning can improve startup time and JSP compilation time.
08-May-2026 01:12:07.885 WARNING [main] org.apache.catalina.util.SessionIdGeneratorBase.createSecureRandom Creation of SecureRandom instance for session ID generation using [SHA1PRNG] took [123] milliseconds.
08-May-2026 01:12:07.938 INFO [main] org.apache.catalina.startup.HostConfig.deployDescriptor Deployment of deployment descriptor [C:\e-commerce\.devtomcat\Tomcat_Server_e6f0999f\conf\Catalina\localhost\e-commerce.xml] has finished in [1,854] ms
08-May-2026 01:12:07.946 INFO [main] org.apache.coyote.AbstractProtocol.start Starting ProtocolHandler ["http-nio-8080"]
08-May-2026 01:12:07.995 INFO [main] org.apache.catalina.startup.Catalina.start Server startup in [2006] milliseconds
08-May-2026 01:13:33.066 INFO [main] org.apache.catalina.core.StandardServer.await A valid shutdown command was received via the shutdown port. Stopping the Server instance.
08-May-2026 01:13:33.067 INFO [main] org.apache.coyote.AbstractProtocol.pause Pausing ProtocolHandler ["http-nio-8080"]
08-May-2026 01:13:33.169 INFO [main] org.apache.catalina.core.StandardService.stopInternal Stopping service [Catalina]
08-May-2026 01:13:33.175 WARNING [main] org.apache.catalina.loader.WebappClassLoaderBase.clearReferencesJdbc The web application [e-commerce] registered the JDBC driver [com.mysql.cj.jdbc.Driver] but failed to unregister it when the web application was stopped. To prevent a memory leak, the JDBC Driver has been forcibly unregistered.
08-May-2026 01:13:33.176 WARNING [main] org.apache.catalina.loader.WebappClassLoaderBase.clearReferencesThreads The web application [e-commerce] appears to have started a thread named [mysql-cj-abandoned-connection-cleanup] but has failed to stop it. This is very likely to create a memory leak. Stack trace of thread:
 java.base@17.0.8/java.lang.Object.wait(Native Method)
 java.base@17.0.8/java.lang.ref.ReferenceQueue.remove(ReferenceQueue.java:155)
 com.mysql.cj.jdbc.AbandonedConnectionCleanupThread.run(AbandonedConnectionCleanupThread.java:91)
 java.base@17.0.8/java.util.concurrent.ThreadPoolExecutor.runWorker(ThreadPoolExecutor.java:1136)
 java.base@17.0.8/java.util.concurrent.ThreadPoolExecutor$Worker.run(ThreadPoolExecutor.java:635)
 java.base@17.0.8/java.lang.Thread.run(Thread.java:833)
08-May-2026 01:13:33.180 INFO [main] org.apache.coyote.AbstractProtocol.stop Stopping ProtocolHandler ["http-nio-8080"]
08-May-2026 01:13:33.203 INFO [main] org.apache.coyote.AbstractProtocol.destroy Destroying ProtocolHandler ["http-nio-8080"]
08-May-2026 01:13:33.259 INFO [mysql-cj-abandoned-connection-cleanup] org.apache.catalina.loader.WebappClassLoaderBase.checkStateForResourceLoading Illegal access: this web application instance has been stopped already. Could not load []. The following stack trace is thrown for debugging purposes as well as to attempt to terminate the thread which caused the illegal access.
	java.lang.IllegalStateException: Illegal access: this web application instance has been stopped already. Could not load []. The following stack trace is thrown for debugging purposes as well as to attempt to terminate the thread which caused the illegal access.
		at org.apache.catalina.loader.WebappClassLoaderBase.checkStateForResourceLoading(WebappClassLoaderBase.java:1244)
		at org.apache.catalina.loader.WebappClassLoaderBase.getResource(WebappClassLoaderBase.java:854)
		at com.mysql.cj.jdbc.AbandonedConnectionCleanupThread.checkThreadContextClassLoader(AbandonedConnectionCleanupThread.java:123)
		at com.mysql.cj.jdbc.AbandonedConnectionCleanupThread.run(AbandonedConnectionCleanupThread.java:90)
		at java.base/java.util.concurrent.ThreadPoolExecutor.runWorker(ThreadPoolExecutor.java:1136)
		at java.base/java.util.concurrent.ThreadPoolExecutor$Worker.run(ThreadPoolExecutor.java:635)
		at java.base/java.lang.Thread.run(Thread.java:833)
08-May-2026 01:13:38.979 INFO [main] org.apache.catalina.startup.VersionLoggerListener.log Server version name:   Apache Tomcat/11.0.21
08-May-2026 01:13:38.983 INFO [main] org.apache.catalina.startup.VersionLoggerListener.log Server built:          Mar 30 2026 14:59:44 UTC
08-May-2026 01:13:38.983 INFO [main] org.apache.catalina.startup.VersionLoggerListener.log Server version number: 11.0.21.0
08-May-2026 01:13:38.984 INFO [main] org.apache.catalina.startup.VersionLoggerListener.log OS Name:               Windows 10
08-May-2026 01:13:38.984 INFO [main] org.apache.catalina.startup.VersionLoggerListener.log OS Version:            10.0
08-May-2026 01:13:38.984 INFO [main] org.apache.catalina.startup.VersionLoggerListener.log Architecture:          amd64
08-May-2026 01:13:38.985 INFO [main] org.apache.catalina.startup.VersionLoggerListener.log Java Home:             C:\Program Files\Java\jdk-17.0.8
08-May-2026 01:13:38.985 INFO [main] org.apache.catalina.startup.VersionLoggerListener.log JVM Version:           17.0.8+9-LTS-211
08-May-2026 01:13:38.985 INFO [main] org.apache.catalina.startup.VersionLoggerListener.log JVM Vendor:            Oracle Corporation
08-May-2026 01:13:38.986 INFO [main] org.apache.catalina.startup.VersionLoggerListener.log CATALINA_BASE:         C:\e-commerce\.devtomcat\Tomcat_Server_e6f0999f
08-May-2026 01:13:38.986 INFO [main] org.apache.catalina.startup.VersionLoggerListener.log CATALINA_HOME:         E:\apache-tomcat-11.0.21
08-May-2026 01:13:38.988 INFO [main] org.apache.catalina.startup.VersionLoggerListener.log Command line argument: -Dcom.sun.management.jmxremote
08-May-2026 01:13:38.989 INFO [main] org.apache.catalina.startup.VersionLoggerListener.log Command line argument: -Dcom.sun.management.jmxremote.port=1099
08-May-2026 01:13:38.989 INFO [main] org.apache.catalina.startup.VersionLoggerListener.log Command line argument: -Dcom.sun.management.jmxremote.ssl=false
08-May-2026 01:13:38.989 INFO [main] org.apache.catalina.startup.VersionLoggerListener.log Command line argument: -Dcom.sun.management.jmxremote.authenticate=false
08-May-2026 01:13:38.989 INFO [main] org.apache.catalina.startup.VersionLoggerListener.log Command line argument: -Dcom.sun.management.jmxremote.local.only=false
08-May-2026 01:13:38.989 INFO [main] org.apache.catalina.startup.VersionLoggerListener.log Command line argument: --add-opens=java.base/java.lang=ALL-UNNAMED
08-May-2026 01:13:38.990 INFO [main] org.apache.catalina.startup.VersionLoggerListener.log Command line argument: --add-opens=java.base/java.io=ALL-UNNAMED
08-May-2026 01:13:38.990 INFO [main] org.apache.catalina.startup.VersionLoggerListener.log Command line argument: --add-opens=java.base/java.util=ALL-UNNAMED
08-May-2026 01:13:38.990 INFO [main] org.apache.catalina.startup.VersionLoggerListener.log Command line argument: --add-opens=java.base/java.util.concurrent=ALL-UNNAMED
08-May-2026 01:13:38.990 INFO [main] org.apache.catalina.startup.VersionLoggerListener.log Command line argument: --add-opens=java.rmi/sun.rmi.transport=ALL-UNNAMED
08-May-2026 01:13:38.990 INFO [main] org.apache.catalina.startup.VersionLoggerListener.log Command line argument: -Dcatalina.home=E:\apache-tomcat-11.0.21
08-May-2026 01:13:38.991 INFO [main] org.apache.catalina.startup.VersionLoggerListener.log Command line argument: -Dcatalina.base=C:\e-commerce\.devtomcat\Tomcat_Server_e6f0999f
08-May-2026 01:13:38.991 INFO [main] org.apache.catalina.startup.VersionLoggerListener.log Command line argument: -Djava.io.tmpdir=C:\e-commerce\.devtomcat\Tomcat_Server_e6f0999f\temp
08-May-2026 01:13:38.991 INFO [main] org.apache.catalina.startup.VersionLoggerListener.log Command line argument: -Djava.util.logging.config.file=C:\e-commerce\.devtomcat\Tomcat_Server_e6f0999f\conf\logging.properties
08-May-2026 01:13:38.991 INFO [main] org.apache.catalina.startup.VersionLoggerListener.log Command line argument: -Djava.util.logging.manager=org.apache.juli.ClassLoaderLogManager
08-May-2026 01:13:38.991 INFO [main] org.apache.catalina.startup.VersionLoggerListener.log Command line argument: -Dserver.port=8080
08-May-2026 01:13:38.992 INFO [main] org.apache.catalina.startup.VersionLoggerListener.log Command line argument: -Dserver.shutdown.port=8005
08-May-2026 01:13:38.992 INFO [main] org.apache.catalina.startup.VersionLoggerListener.log Command line argument: -javaagent:C:\Program Files\JetBrains\IntelliJ IDEA 2025.3.1.1\lib\idea_rt.jar=61159
08-May-2026 01:13:38.992 INFO [main] org.apache.catalina.startup.VersionLoggerListener.log Command line argument: -Dfile.encoding=UTF-8
08-May-2026 01:13:38.995 INFO [main] org.apache.catalina.core.AprLifecycleListener.lifecycleEvent Loaded Apache Tomcat Native library [2.0.14] using APR version [1.7.6].
08-May-2026 01:13:39.003 INFO [main] org.apache.catalina.core.AprLifecycleListener.initializeSSL OpenSSL successfully initialized [OpenSSL 3.5.5 27 Jan 2026]
08-May-2026 01:13:39.288 INFO [main] org.apache.coyote.AbstractProtocol.init Initializing ProtocolHandler ["http-nio-8080"]
08-May-2026 01:13:39.321 INFO [main] org.apache.catalina.startup.Catalina.load Server initialization in [679] milliseconds
08-May-2026 01:13:39.397 INFO [main] org.apache.catalina.core.StandardService.startInternal Starting service [Catalina]
08-May-2026 01:13:39.398 INFO [main] org.apache.catalina.core.StandardEngine.startInternal Starting Servlet engine: [Apache Tomcat/11.0.21]
08-May-2026 01:13:39.415 INFO [main] org.apache.catalina.startup.HostConfig.deployDescriptor Deploying deployment descriptor [C:\e-commerce\.devtomcat\Tomcat_Server_e6f0999f\conf\Catalina\localhost\e-commerce.xml]
08-May-2026 01:13:40.867 INFO [main] org.apache.jasper.servlet.TldScanner.scanJars At least one JAR was scanned for TLDs yet contained no TLDs. Enable debug logging for this logger for a complete list of JARs that were scanned but no TLDs were found in them. Skipping unneeded JARs during scanning can improve startup time and JSP compilation time.
08-May-2026 01:13:41.162 WARNING [main] org.apache.catalina.util.SessionIdGeneratorBase.createSecureRandom Creation of SecureRandom instance for session ID generation using [SHA1PRNG] took [180] milliseconds.
08-May-2026 01:13:41.207 INFO [main] org.apache.catalina.startup.HostConfig.deployDescriptor Deployment of deployment descriptor [C:\e-commerce\.devtomcat\Tomcat_Server_e6f0999f\conf\Catalina\localhost\e-commerce.xml] has finished in [1,792] ms
08-May-2026 01:13:41.215 INFO [main] org.apache.coyote.AbstractProtocol.start Starting ProtocolHandler ["http-nio-8080"]
08-May-2026 01:13:41.318 INFO [main] org.apache.catalina.startup.Catalina.start Server startup in [1995] milliseconds
08-May-2026 01:16:48.856 INFO [main] org.apache.catalina.core.StandardServer.await A valid shutdown command was received via the shutdown port. Stopping the Server instance.
08-May-2026 01:16:48.857 INFO [main] org.apache.coyote.AbstractProtocol.pause Pausing ProtocolHandler ["http-nio-8080"]
08-May-2026 01:16:48.947 INFO [main] org.apache.catalina.core.StandardService.stopInternal Stopping service [Catalina]
08-May-2026 01:16:48.953 WARNING [main] org.apache.catalina.loader.WebappClassLoaderBase.clearReferencesJdbc The web application [e-commerce] registered the JDBC driver [com.mysql.cj.jdbc.Driver] but failed to unregister it when the web application was stopped. To prevent a memory leak, the JDBC Driver has been forcibly unregistered.
08-May-2026 01:16:48.954 WARNING [main] org.apache.catalina.loader.WebappClassLoaderBase.clearReferencesThreads The web application [e-commerce] appears to have started a thread named [mysql-cj-abandoned-connection-cleanup] but has failed to stop it. This is very likely to create a memory leak. Stack trace of thread:
 java.base@17.0.8/java.lang.Object.wait(Native Method)
 java.base@17.0.8/java.lang.ref.ReferenceQueue.remove(ReferenceQueue.java:155)
 com.mysql.cj.jdbc.AbandonedConnectionCleanupThread.run(AbandonedConnectionCleanupThread.java:91)
 java.base@17.0.8/java.util.concurrent.ThreadPoolExecutor.runWorker(ThreadPoolExecutor.java:1136)
 java.base@17.0.8/java.util.concurrent.ThreadPoolExecutor$Worker.run(ThreadPoolExecutor.java:635)
 java.base@17.0.8/java.lang.Thread.run(Thread.java:833)
08-May-2026 01:16:48.960 INFO [main] org.apache.coyote.AbstractProtocol.stop Stopping ProtocolHandler ["http-nio-8080"]
08-May-2026 01:16:48.980 INFO [main] org.apache.coyote.AbstractProtocol.destroy Destroying ProtocolHandler ["http-nio-8080"]
08-May-2026 01:16:49.007 INFO [mysql-cj-abandoned-connection-cleanup] org.apache.catalina.loader.WebappClassLoaderBase.checkStateForResourceLoading Illegal access: this web application instance has been stopped already. Could not load []. The following stack trace is thrown for debugging purposes as well as to attempt to terminate the thread which caused the illegal access.
	java.lang.IllegalStateException: Illegal access: this web application instance has been stopped already. Could not load []. The following stack trace is thrown for debugging purposes as well as to attempt to terminate the thread which caused the illegal access.
		at org.apache.catalina.loader.WebappClassLoaderBase.checkStateForResourceLoading(WebappClassLoaderBase.java:1244)
		at org.apache.catalina.loader.WebappClassLoaderBase.getResource(WebappClassLoaderBase.java:854)
		at com.mysql.cj.jdbc.AbandonedConnectionCleanupThread.checkThreadContextClassLoader(AbandonedConnectionCleanupThread.java:123)
		at com.mysql.cj.jdbc.AbandonedConnectionCleanupThread.run(AbandonedConnectionCleanupThread.java:90)
		at java.base/java.util.concurrent.ThreadPoolExecutor.runWorker(ThreadPoolExecutor.java:1136)
		at java.base/java.util.concurrent.ThreadPoolExecutor$Worker.run(ThreadPoolExecutor.java:635)
		at java.base/java.lang.Thread.run(Thread.java:833)
08-May-2026 01:16:54.637 INFO [main] org.apache.catalina.startup.VersionLoggerListener.log Server version name:   Apache Tomcat/11.0.21
08-May-2026 01:16:54.641 INFO [main] org.apache.catalina.startup.VersionLoggerListener.log Server built:          Mar 30 2026 14:59:44 UTC
08-May-2026 01:16:54.641 INFO [main] org.apache.catalina.startup.VersionLoggerListener.log Server version number: 11.0.21.0
08-May-2026 01:16:54.642 INFO [main] org.apache.catalina.startup.VersionLoggerListener.log OS Name:               Windows 10
08-May-2026 01:16:54.642 INFO [main] org.apache.catalina.startup.VersionLoggerListener.log OS Version:            10.0
08-May-2026 01:16:54.642 INFO [main] org.apache.catalina.startup.VersionLoggerListener.log Architecture:          amd64
08-May-2026 01:16:54.642 INFO [main] org.apache.catalina.startup.VersionLoggerListener.log Java Home:             C:\Program Files\Java\jdk-17.0.8
08-May-2026 01:16:54.643 INFO [main] org.apache.catalina.startup.VersionLoggerListener.log JVM Version:           17.0.8+9-LTS-211
08-May-2026 01:16:54.643 INFO [main] org.apache.catalina.startup.VersionLoggerListener.log JVM Vendor:            Oracle Corporation
08-May-2026 01:16:54.643 INFO [main] org.apache.catalina.startup.VersionLoggerListener.log CATALINA_BASE:         C:\e-commerce\.devtomcat\Tomcat_Server_e6f0999f
08-May-2026 01:16:54.643 INFO [main] org.apache.catalina.startup.VersionLoggerListener.log CATALINA_HOME:         E:\apache-tomcat-11.0.21
08-May-2026 01:16:54.646 INFO [main] org.apache.catalina.startup.VersionLoggerListener.log Command line argument: -Dcom.sun.management.jmxremote
08-May-2026 01:16:54.647 INFO [main] org.apache.catalina.startup.VersionLoggerListener.log Command line argument: -Dcom.sun.management.jmxremote.port=1099
08-May-2026 01:16:54.647 INFO [main] org.apache.catalina.startup.VersionLoggerListener.log Command line argument: -Dcom.sun.management.jmxremote.ssl=false
08-May-2026 01:16:54.647 INFO [main] org.apache.catalina.startup.VersionLoggerListener.log Command line argument: -Dcom.sun.management.jmxremote.authenticate=false
08-May-2026 01:16:54.648 INFO [main] org.apache.catalina.startup.VersionLoggerListener.log Command line argument: -Dcom.sun.management.jmxremote.local.only=false
08-May-2026 01:16:54.648 INFO [main] org.apache.catalina.startup.VersionLoggerListener.log Command line argument: --add-opens=java.base/java.lang=ALL-UNNAMED
08-May-2026 01:16:54.648 INFO [main] org.apache.catalina.startup.VersionLoggerListener.log Command line argument: --add-opens=java.base/java.io=ALL-UNNAMED
08-May-2026 01:16:54.649 INFO [main] org.apache.catalina.startup.VersionLoggerListener.log Command line argument: --add-opens=java.base/java.util=ALL-UNNAMED
08-May-2026 01:16:54.649 INFO [main] org.apache.catalina.startup.VersionLoggerListener.log Command line argument: --add-opens=java.base/java.util.concurrent=ALL-UNNAMED
08-May-2026 01:16:54.649 INFO [main] org.apache.catalina.startup.VersionLoggerListener.log Command line argument: --add-opens=java.rmi/sun.rmi.transport=ALL-UNNAMED
08-May-2026 01:16:54.649 INFO [main] org.apache.catalina.startup.VersionLoggerListener.log Command line argument: -Dcatalina.home=E:\apache-tomcat-11.0.21
08-May-2026 01:16:54.649 INFO [main] org.apache.catalina.startup.VersionLoggerListener.log Command line argument: -Dcatalina.base=C:\e-commerce\.devtomcat\Tomcat_Server_e6f0999f
08-May-2026 01:16:54.650 INFO [main] org.apache.catalina.startup.VersionLoggerListener.log Command line argument: -Djava.io.tmpdir=C:\e-commerce\.devtomcat\Tomcat_Server_e6f0999f\temp
08-May-2026 01:16:54.650 INFO [main] org.apache.catalina.startup.VersionLoggerListener.log Command line argument: -Djava.util.logging.config.file=C:\e-commerce\.devtomcat\Tomcat_Server_e6f0999f\conf\logging.properties
08-May-2026 01:16:54.650 INFO [main] org.apache.catalina.startup.VersionLoggerListener.log Command line argument: -Djava.util.logging.manager=org.apache.juli.ClassLoaderLogManager
08-May-2026 01:16:54.650 INFO [main] org.apache.catalina.startup.VersionLoggerListener.log Command line argument: -Dserver.port=8080
08-May-2026 01:16:54.650 INFO [main] org.apache.catalina.startup.VersionLoggerListener.log Command line argument: -Dserver.shutdown.port=8005
08-May-2026 01:16:54.651 INFO [main] org.apache.catalina.startup.VersionLoggerListener.log Command line argument: -javaagent:C:\Program Files\JetBrains\IntelliJ IDEA 2025.3.1.1\lib\idea_rt.jar=64334
08-May-2026 01:16:54.651 INFO [main] org.apache.catalina.startup.VersionLoggerListener.log Command line argument: -Dfile.encoding=UTF-8
08-May-2026 01:16:54.654 INFO [main] org.apache.catalina.core.AprLifecycleListener.lifecycleEvent Loaded Apache Tomcat Native library [2.0.14] using APR version [1.7.6].
08-May-2026 01:16:54.659 INFO [main] org.apache.catalina.core.AprLifecycleListener.initializeSSL OpenSSL successfully initialized [OpenSSL 3.5.5 27 Jan 2026]
08-May-2026 01:16:54.988 INFO [main] org.apache.coyote.AbstractProtocol.init Initializing ProtocolHandler ["http-nio-8080"]
08-May-2026 01:16:55.021 INFO [main] org.apache.catalina.startup.Catalina.load Server initialization in [669] milliseconds
08-May-2026 01:16:55.370 INFO [main] org.apache.catalina.core.StandardService.startInternal Starting service [Catalina]
08-May-2026 01:16:55.371 INFO [main] org.apache.catalina.core.StandardEngine.startInternal Starting Servlet engine: [Apache Tomcat/11.0.21]
08-May-2026 01:16:55.450 INFO [main] org.apache.catalina.startup.HostConfig.deployDescriptor Deploying deployment descriptor [C:\e-commerce\.devtomcat\Tomcat_Server_e6f0999f\conf\Catalina\localhost\e-commerce.xml]
08-May-2026 01:16:57.568 INFO [main] org.apache.jasper.servlet.TldScanner.scanJars At least one JAR was scanned for TLDs yet contained no TLDs. Enable debug logging for this logger for a complete list of JARs that were scanned but no TLDs were found in them. Skipping unneeded JARs during scanning can improve startup time and JSP compilation time.
08-May-2026 01:16:57.743 INFO [main] org.apache.catalina.startup.HostConfig.deployDescriptor Deployment of deployment descriptor [C:\e-commerce\.devtomcat\Tomcat_Server_e6f0999f\conf\Catalina\localhost\e-commerce.xml] has finished in [2,292] ms
08-May-2026 01:16:57.753 INFO [main] org.apache.coyote.AbstractProtocol.start Starting ProtocolHandler ["http-nio-8080"]
08-May-2026 01:16:57.786 INFO [main] org.apache.catalina.startup.Catalina.start Server startup in [2764] milliseconds
08-May-2026 01:17:33.844 INFO [main] org.apache.catalina.core.StandardServer.await A valid shutdown command was received via the shutdown port. Stopping the Server instance.
08-May-2026 01:17:33.846 INFO [main] org.apache.coyote.AbstractProtocol.pause Pausing ProtocolHandler ["http-nio-8080"]
08-May-2026 01:17:33.925 INFO [main] org.apache.catalina.core.StandardService.stopInternal Stopping service [Catalina]
08-May-2026 01:17:33.930 WARNING [main] org.apache.catalina.loader.WebappClassLoaderBase.clearReferencesJdbc The web application [e-commerce] registered the JDBC driver [com.mysql.cj.jdbc.Driver] but failed to unregister it when the web application was stopped. To prevent a memory leak, the JDBC Driver has been forcibly unregistered.
08-May-2026 01:17:33.931 WARNING [main] org.apache.catalina.loader.WebappClassLoaderBase.clearReferencesThreads The web application [e-commerce] appears to have started a thread named [mysql-cj-abandoned-connection-cleanup] but has failed to stop it. This is very likely to create a memory leak. Stack trace of thread:
 java.base@17.0.8/java.lang.Object.wait(Native Method)
 java.base@17.0.8/java.lang.ref.ReferenceQueue.remove(ReferenceQueue.java:155)
 com.mysql.cj.jdbc.AbandonedConnectionCleanupThread.run(AbandonedConnectionCleanupThread.java:91)
 java.base@17.0.8/java.util.concurrent.ThreadPoolExecutor.runWorker(ThreadPoolExecutor.java:1136)
 java.base@17.0.8/java.util.concurrent.ThreadPoolExecutor$Worker.run(ThreadPoolExecutor.java:635)
 java.base@17.0.8/java.lang.Thread.run(Thread.java:833)
08-May-2026 01:17:33.935 INFO [main] org.apache.coyote.AbstractProtocol.stop Stopping ProtocolHandler ["http-nio-8080"]
08-May-2026 01:17:33.956 INFO [main] org.apache.coyote.AbstractProtocol.destroy Destroying ProtocolHandler ["http-nio-8080"]
08-May-2026 01:17:34.012 INFO [mysql-cj-abandoned-connection-cleanup] org.apache.catalina.loader.WebappClassLoaderBase.checkStateForResourceLoading Illegal access: this web application instance has been stopped already. Could not load []. The following stack trace is thrown for debugging purposes as well as to attempt to terminate the thread which caused the illegal access.
	java.lang.IllegalStateException: Illegal access: this web application instance has been stopped already. Could not load []. The following stack trace is thrown for debugging purposes as well as to attempt to terminate the thread which caused the illegal access.
		at org.apache.catalina.loader.WebappClassLoaderBase.checkStateForResourceLoading(WebappClassLoaderBase.java:1244)
		at org.apache.catalina.loader.WebappClassLoaderBase.getResource(WebappClassLoaderBase.java:854)
		at com.mysql.cj.jdbc.AbandonedConnectionCleanupThread.checkThreadContextClassLoader(AbandonedConnectionCleanupThread.java:123)
		at com.mysql.cj.jdbc.AbandonedConnectionCleanupThread.run(AbandonedConnectionCleanupThread.java:90)
		at java.base/java.util.concurrent.ThreadPoolExecutor.runWorker(ThreadPoolExecutor.java:1136)
		at java.base/java.util.concurrent.ThreadPoolExecutor$Worker.run(ThreadPoolExecutor.java:635)
		at java.base/java.lang.Thread.run(Thread.java:833)
08-May-2026 01:17:40.117 INFO [main] org.apache.catalina.startup.VersionLoggerListener.log Server version name:   Apache Tomcat/11.0.21
08-May-2026 01:17:40.122 INFO [main] org.apache.catalina.startup.VersionLoggerListener.log Server built:          Mar 30 2026 14:59:44 UTC
08-May-2026 01:17:40.122 INFO [main] org.apache.catalina.startup.VersionLoggerListener.log Server version number: 11.0.21.0
08-May-2026 01:17:40.122 INFO [main] org.apache.catalina.startup.VersionLoggerListener.log OS Name:               Windows 10
08-May-2026 01:17:40.123 INFO [main] org.apache.catalina.startup.VersionLoggerListener.log OS Version:            10.0
08-May-2026 01:17:40.123 INFO [main] org.apache.catalina.startup.VersionLoggerListener.log Architecture:          amd64
08-May-2026 01:17:40.123 INFO [main] org.apache.catalina.startup.VersionLoggerListener.log Java Home:             C:\Program Files\Java\jdk-17.0.8
08-May-2026 01:17:40.123 INFO [main] org.apache.catalina.startup.VersionLoggerListener.log JVM Version:           17.0.8+9-LTS-211
08-May-2026 01:17:40.124 INFO [main] org.apache.catalina.startup.VersionLoggerListener.log JVM Vendor:            Oracle Corporation
08-May-2026 01:17:40.124 INFO [main] org.apache.catalina.startup.VersionLoggerListener.log CATALINA_BASE:         C:\e-commerce\.devtomcat\Tomcat_Server_e6f0999f
08-May-2026 01:17:40.124 INFO [main] org.apache.catalina.startup.VersionLoggerListener.log CATALINA_HOME:         E:\apache-tomcat-11.0.21
08-May-2026 01:17:40.127 INFO [main] org.apache.catalina.startup.VersionLoggerListener.log Command line argument: -Dcom.sun.management.jmxremote
08-May-2026 01:17:40.128 INFO [main] org.apache.catalina.startup.VersionLoggerListener.log Command line argument: -Dcom.sun.management.jmxremote.port=1099
08-May-2026 01:17:40.128 INFO [main] org.apache.catalina.startup.VersionLoggerListener.log Command line argument: -Dcom.sun.management.jmxremote.ssl=false
08-May-2026 01:17:40.128 INFO [main] org.apache.catalina.startup.VersionLoggerListener.log Command line argument: -Dcom.sun.management.jmxremote.authenticate=false
08-May-2026 01:17:40.128 INFO [main] org.apache.catalina.startup.VersionLoggerListener.log Command line argument: -Dcom.sun.management.jmxremote.local.only=false
08-May-2026 01:17:40.129 INFO [main] org.apache.catalina.startup.VersionLoggerListener.log Command line argument: --add-opens=java.base/java.lang=ALL-UNNAMED
08-May-2026 01:17:40.129 INFO [main] org.apache.catalina.startup.VersionLoggerListener.log Command line argument: --add-opens=java.base/java.io=ALL-UNNAMED
08-May-2026 01:17:40.129 INFO [main] org.apache.catalina.startup.VersionLoggerListener.log Command line argument: --add-opens=java.base/java.util=ALL-UNNAMED
08-May-2026 01:17:40.129 INFO [main] org.apache.catalina.startup.VersionLoggerListener.log Command line argument: --add-opens=java.base/java.util.concurrent=ALL-UNNAMED
08-May-2026 01:17:40.129 INFO [main] org.apache.catalina.startup.VersionLoggerListener.log Command line argument: --add-opens=java.rmi/sun.rmi.transport=ALL-UNNAMED
08-May-2026 01:17:40.130 INFO [main] org.apache.catalina.startup.VersionLoggerListener.log Command line argument: -Dcatalina.home=E:\apache-tomcat-11.0.21
08-May-2026 01:17:40.130 INFO [main] org.apache.catalina.startup.VersionLoggerListener.log Command line argument: -Dcatalina.base=C:\e-commerce\.devtomcat\Tomcat_Server_e6f0999f
08-May-2026 01:17:40.130 INFO [main] org.apache.catalina.startup.VersionLoggerListener.log Command line argument: -Djava.io.tmpdir=C:\e-commerce\.devtomcat\Tomcat_Server_e6f0999f\temp
08-May-2026 01:17:40.130 INFO [main] org.apache.catalina.startup.VersionLoggerListener.log Command line argument: -Djava.util.logging.config.file=C:\e-commerce\.devtomcat\Tomcat_Server_e6f0999f\conf\logging.properties
08-May-2026 01:17:40.130 INFO [main] org.apache.catalina.startup.VersionLoggerListener.log Command line argument: -Djava.util.logging.manager=org.apache.juli.ClassLoaderLogManager
08-May-2026 01:17:40.131 INFO [main] org.apache.catalina.startup.VersionLoggerListener.log Command line argument: -Dserver.port=8080
08-May-2026 01:17:40.131 INFO [main] org.apache.catalina.startup.VersionLoggerListener.log Command line argument: -Dserver.shutdown.port=8005
08-May-2026 01:17:40.131 INFO [main] org.apache.catalina.startup.VersionLoggerListener.log Command line argument: -javaagent:C:\Program Files\JetBrains\IntelliJ IDEA 2025.3.1.1\lib\idea_rt.jar=64358
08-May-2026 01:17:40.131 INFO [main] org.apache.catalina.startup.VersionLoggerListener.log Command line argument: -Dfile.encoding=UTF-8
08-May-2026 01:17:40.134 INFO [main] org.apache.catalina.core.AprLifecycleListener.lifecycleEvent Loaded Apache Tomcat Native library [2.0.14] using APR version [1.7.6].
08-May-2026 01:17:40.140 INFO [main] org.apache.catalina.core.AprLifecycleListener.initializeSSL OpenSSL successfully initialized [OpenSSL 3.5.5 27 Jan 2026]
08-May-2026 01:17:40.442 INFO [main] org.apache.coyote.AbstractProtocol.init Initializing ProtocolHandler ["http-nio-8080"]
08-May-2026 01:17:40.476 INFO [main] org.apache.catalina.startup.Catalina.load Server initialization in [629] milliseconds
08-May-2026 01:17:40.554 INFO [main] org.apache.catalina.core.StandardService.startInternal Starting service [Catalina]
08-May-2026 01:17:40.554 INFO [main] org.apache.catalina.core.StandardEngine.startInternal Starting Servlet engine: [Apache Tomcat/11.0.21]
08-May-2026 01:17:40.577 INFO [main] org.apache.catalina.startup.HostConfig.deployDescriptor Deploying deployment descriptor [C:\e-commerce\.devtomcat\Tomcat_Server_e6f0999f\conf\Catalina\localhost\e-commerce.xml]
08-May-2026 01:17:41.934 INFO [main] org.apache.jasper.servlet.TldScanner.scanJars At least one JAR was scanned for TLDs yet contained no TLDs. Enable debug logging for this logger for a complete list of JARs that were scanned but no TLDs were found in them. Skipping unneeded JARs during scanning can improve startup time and JSP compilation time.
08-May-2026 01:17:42.077 INFO [main] org.apache.catalina.startup.HostConfig.deployDescriptor Deployment of deployment descriptor [C:\e-commerce\.devtomcat\Tomcat_Server_e6f0999f\conf\Catalina\localhost\e-commerce.xml] has finished in [1,500] ms
08-May-2026 01:17:42.085 INFO [main] org.apache.coyote.AbstractProtocol.start Starting ProtocolHandler ["http-nio-8080"]
08-May-2026 01:17:42.122 INFO [main] org.apache.catalina.startup.Catalina.start Server startup in [1644] milliseconds
08-May-2026 01:22:26.133 INFO [main] org.apache.catalina.core.StandardServer.await A valid shutdown command was received via the shutdown port. Stopping the Server instance.
08-May-2026 01:22:26.135 INFO [main] org.apache.coyote.AbstractProtocol.pause Pausing ProtocolHandler ["http-nio-8080"]
08-May-2026 01:22:26.222 INFO [main] org.apache.catalina.core.StandardService.stopInternal Stopping service [Catalina]
08-May-2026 01:22:26.229 WARNING [main] org.apache.catalina.loader.WebappClassLoaderBase.clearReferencesJdbc The web application [e-commerce] registered the JDBC driver [com.mysql.cj.jdbc.Driver] but failed to unregister it when the web application was stopped. To prevent a memory leak, the JDBC Driver has been forcibly unregistered.
08-May-2026 01:22:26.230 WARNING [main] org.apache.catalina.loader.WebappClassLoaderBase.clearReferencesThreads The web application [e-commerce] appears to have started a thread named [mysql-cj-abandoned-connection-cleanup] but has failed to stop it. This is very likely to create a memory leak. Stack trace of thread:
 java.base@17.0.8/java.lang.Object.wait(Native Method)
 java.base@17.0.8/java.lang.ref.ReferenceQueue.remove(ReferenceQueue.java:155)
 com.mysql.cj.jdbc.AbandonedConnectionCleanupThread.run(AbandonedConnectionCleanupThread.java:91)
 java.base@17.0.8/java.util.concurrent.ThreadPoolExecutor.runWorker(ThreadPoolExecutor.java:1136)
 java.base@17.0.8/java.util.concurrent.ThreadPoolExecutor$Worker.run(ThreadPoolExecutor.java:635)
 java.base@17.0.8/java.lang.Thread.run(Thread.java:833)
08-May-2026 01:22:26.237 INFO [main] org.apache.coyote.AbstractProtocol.stop Stopping ProtocolHandler ["http-nio-8080"]
08-May-2026 01:22:26.257 INFO [main] org.apache.coyote.AbstractProtocol.destroy Destroying ProtocolHandler ["http-nio-8080"]
08-May-2026 01:22:26.314 INFO [mysql-cj-abandoned-connection-cleanup] org.apache.catalina.loader.WebappClassLoaderBase.checkStateForResourceLoading Illegal access: this web application instance has been stopped already. Could not load []. The following stack trace is thrown for debugging purposes as well as to attempt to terminate the thread which caused the illegal access.
	java.lang.IllegalStateException: Illegal access: this web application instance has been stopped already. Could not load []. The following stack trace is thrown for debugging purposes as well as to attempt to terminate the thread which caused the illegal access.
		at org.apache.catalina.loader.WebappClassLoaderBase.checkStateForResourceLoading(WebappClassLoaderBase.java:1244)
		at org.apache.catalina.loader.WebappClassLoaderBase.getResource(WebappClassLoaderBase.java:854)
		at com.mysql.cj.jdbc.AbandonedConnectionCleanupThread.checkThreadContextClassLoader(AbandonedConnectionCleanupThread.java:123)
		at com.mysql.cj.jdbc.AbandonedConnectionCleanupThread.run(AbandonedConnectionCleanupThread.java:90)
		at java.base/java.util.concurrent.ThreadPoolExecutor.runWorker(ThreadPoolExecutor.java:1136)
		at java.base/java.util.concurrent.ThreadPoolExecutor$Worker.run(ThreadPoolExecutor.java:635)
		at java.base/java.lang.Thread.run(Thread.java:833)
08-May-2026 01:22:26.316 INFO [mysql-cj-abandoned-connection-cleanup] org.apache.catalina.loader.WebappClassLoaderBase.checkStateForResourceLoading Illegal access: this web application instance has been stopped already. Could not load []. The following stack trace is thrown for debugging purposes as well as to attempt to terminate the thread which caused the illegal access.
	java.lang.IllegalStateException: Illegal access: this web application instance has been stopped already. Could not load []. The following stack trace is thrown for debugging purposes as well as to attempt to terminate the thread which caused the illegal access.
		at org.apache.catalina.loader.WebappClassLoaderBase.checkStateForResourceLoading(WebappClassLoaderBase.java:1244)
		at org.apache.catalina.loader.WebappClassLoaderBase.getResource(WebappClassLoaderBase.java:854)
		at com.mysql.cj.jdbc.AbandonedConnectionCleanupThread.checkThreadContextClassLoader(AbandonedConnectionCleanupThread.java:123)
		at com.mysql.cj.jdbc.AbandonedConnectionCleanupThread.run(AbandonedConnectionCleanupThread.java:90)
		at java.base/java.util.concurrent.ThreadPoolExecutor.runWorker(ThreadPoolExecutor.java:1136)
		at java.base/java.util.concurrent.ThreadPoolExecutor$Worker.run(ThreadPoolExecutor.java:635)
		at java.base/java.lang.Thread.run(Thread.java:833)
08-May-2026 01:22:32.784 INFO [main] org.apache.catalina.startup.VersionLoggerListener.log Server version name:   Apache Tomcat/11.0.21
08-May-2026 01:22:32.788 INFO [main] org.apache.catalina.startup.VersionLoggerListener.log Server built:          Mar 30 2026 14:59:44 UTC
08-May-2026 01:22:32.788 INFO [main] org.apache.catalina.startup.VersionLoggerListener.log Server version number: 11.0.21.0
08-May-2026 01:22:32.789 INFO [main] org.apache.catalina.startup.VersionLoggerListener.log OS Name:               Windows 10
08-May-2026 01:22:32.789 INFO [main] org.apache.catalina.startup.VersionLoggerListener.log OS Version:            10.0
08-May-2026 01:22:32.790 INFO [main] org.apache.catalina.startup.VersionLoggerListener.log Architecture:          amd64
08-May-2026 01:22:32.790 INFO [main] org.apache.catalina.startup.VersionLoggerListener.log Java Home:             C:\Program Files\Java\jdk-17.0.8
08-May-2026 01:22:32.790 INFO [main] org.apache.catalina.startup.VersionLoggerListener.log JVM Version:           17.0.8+9-LTS-211
08-May-2026 01:22:32.790 INFO [main] org.apache.catalina.startup.VersionLoggerListener.log JVM Vendor:            Oracle Corporation
08-May-2026 01:22:32.790 INFO [main] org.apache.catalina.startup.VersionLoggerListener.log CATALINA_BASE:         C:\e-commerce\.devtomcat\Tomcat_Server_e6f0999f
08-May-2026 01:22:32.790 INFO [main] org.apache.catalina.startup.VersionLoggerListener.log CATALINA_HOME:         E:\apache-tomcat-11.0.21
08-May-2026 01:22:32.793 INFO [main] org.apache.catalina.startup.VersionLoggerListener.log Command line argument: -Dcom.sun.management.jmxremote
08-May-2026 01:22:32.794 INFO [main] org.apache.catalina.startup.VersionLoggerListener.log Command line argument: -Dcom.sun.management.jmxremote.port=1099
08-May-2026 01:22:32.794 INFO [main] org.apache.catalina.startup.VersionLoggerListener.log Command line argument: -Dcom.sun.management.jmxremote.ssl=false
08-May-2026 01:22:32.794 INFO [main] org.apache.catalina.startup.VersionLoggerListener.log Command line argument: -Dcom.sun.management.jmxremote.authenticate=false
08-May-2026 01:22:32.794 INFO [main] org.apache.catalina.startup.VersionLoggerListener.log Command line argument: -Dcom.sun.management.jmxremote.local.only=false
08-May-2026 01:22:32.795 INFO [main] org.apache.catalina.startup.VersionLoggerListener.log Command line argument: --add-opens=java.base/java.lang=ALL-UNNAMED
08-May-2026 01:22:32.795 INFO [main] org.apache.catalina.startup.VersionLoggerListener.log Command line argument: --add-opens=java.base/java.io=ALL-UNNAMED
08-May-2026 01:22:32.795 INFO [main] org.apache.catalina.startup.VersionLoggerListener.log Command line argument: --add-opens=java.base/java.util=ALL-UNNAMED
08-May-2026 01:22:32.795 INFO [main] org.apache.catalina.startup.VersionLoggerListener.log Command line argument: --add-opens=java.base/java.util.concurrent=ALL-UNNAMED
08-May-2026 01:22:32.795 INFO [main] org.apache.catalina.startup.VersionLoggerListener.log Command line argument: --add-opens=java.rmi/sun.rmi.transport=ALL-UNNAMED
08-May-2026 01:22:32.796 INFO [main] org.apache.catalina.startup.VersionLoggerListener.log Command line argument: -Dcatalina.home=E:\apache-tomcat-11.0.21
08-May-2026 01:22:32.796 INFO [main] org.apache.catalina.startup.VersionLoggerListener.log Command line argument: -Dcatalina.base=C:\e-commerce\.devtomcat\Tomcat_Server_e6f0999f
08-May-2026 01:22:32.796 INFO [main] org.apache.catalina.startup.VersionLoggerListener.log Command line argument: -Djava.io.tmpdir=C:\e-commerce\.devtomcat\Tomcat_Server_e6f0999f\temp
08-May-2026 01:22:32.796 INFO [main] org.apache.catalina.startup.VersionLoggerListener.log Command line argument: -Djava.util.logging.config.file=C:\e-commerce\.devtomcat\Tomcat_Server_e6f0999f\conf\logging.properties
08-May-2026 01:22:32.796 INFO [main] org.apache.catalina.startup.VersionLoggerListener.log Command line argument: -Djava.util.logging.manager=org.apache.juli.ClassLoaderLogManager
08-May-2026 01:22:32.797 INFO [main] org.apache.catalina.startup.VersionLoggerListener.log Command line argument: -Dserver.port=8080
08-May-2026 01:22:32.797 INFO [main] org.apache.catalina.startup.VersionLoggerListener.log Command line argument: -Dserver.shutdown.port=8005
08-May-2026 01:22:32.797 INFO [main] org.apache.catalina.startup.VersionLoggerListener.log Command line argument: -javaagent:C:\Program Files\JetBrains\IntelliJ IDEA 2025.3.1.1\lib\idea_rt.jar=52753
08-May-2026 01:22:32.797 INFO [main] org.apache.catalina.startup.VersionLoggerListener.log Command line argument: -Dfile.encoding=UTF-8
08-May-2026 01:22:32.800 INFO [main] org.apache.catalina.core.AprLifecycleListener.lifecycleEvent Loaded Apache Tomcat Native library [2.0.14] using APR version [1.7.6].
08-May-2026 01:22:32.806 INFO [main] org.apache.catalina.core.AprLifecycleListener.initializeSSL OpenSSL successfully initialized [OpenSSL 3.5.5 27 Jan 2026]
08-May-2026 01:22:33.138 INFO [main] org.apache.coyote.AbstractProtocol.init Initializing ProtocolHandler ["http-nio-8080"]
08-May-2026 01:22:33.168 INFO [main] org.apache.catalina.startup.Catalina.load Server initialization in [706] milliseconds
08-May-2026 01:22:33.245 INFO [main] org.apache.catalina.core.StandardService.startInternal Starting service [Catalina]
08-May-2026 01:22:33.245 INFO [main] org.apache.catalina.core.StandardEngine.startInternal Starting Servlet engine: [Apache Tomcat/11.0.21]
08-May-2026 01:22:33.272 INFO [main] org.apache.catalina.startup.HostConfig.deployDescriptor Deploying deployment descriptor [C:\e-commerce\.devtomcat\Tomcat_Server_e6f0999f\conf\Catalina\localhost\e-commerce.xml]
08-May-2026 01:22:34.920 INFO [main] org.apache.jasper.servlet.TldScanner.scanJars At least one JAR was scanned for TLDs yet contained no TLDs. Enable debug logging for this logger for a complete list of JARs that were scanned but no TLDs were found in them. Skipping unneeded JARs during scanning can improve startup time and JSP compilation time.
08-May-2026 01:22:35.086 WARNING [main] org.apache.catalina.util.SessionIdGeneratorBase.createSecureRandom Creation of SecureRandom instance for session ID generation using [SHA1PRNG] took [118] milliseconds.
08-May-2026 01:22:35.141 INFO [main] org.apache.catalina.startup.HostConfig.deployDescriptor Deployment of deployment descriptor [C:\e-commerce\.devtomcat\Tomcat_Server_e6f0999f\conf\Catalina\localhost\e-commerce.xml] has finished in [1,868] ms
08-May-2026 01:22:35.153 INFO [main] org.apache.coyote.AbstractProtocol.start Starting ProtocolHandler ["http-nio-8080"]
08-May-2026 01:22:35.201 INFO [main] org.apache.catalina.startup.Catalina.start Server startup in [2032] milliseconds
08-May-2026 01:25:23.775 INFO [main] org.apache.catalina.core.StandardServer.await A valid shutdown command was received via the shutdown port. Stopping the Server instance.
08-May-2026 01:25:23.776 INFO [main] org.apache.coyote.AbstractProtocol.pause Pausing ProtocolHandler ["http-nio-8080"]
08-May-2026 01:25:23.907 INFO [main] org.apache.catalina.core.StandardService.stopInternal Stopping service [Catalina]
08-May-2026 01:25:23.919 WARNING [main] org.apache.catalina.loader.WebappClassLoaderBase.clearReferencesJdbc The web application [e-commerce] registered the JDBC driver [com.mysql.cj.jdbc.Driver] but failed to unregister it when the web application was stopped. To prevent a memory leak, the JDBC Driver has been forcibly unregistered.
08-May-2026 01:25:23.921 WARNING [main] org.apache.catalina.loader.WebappClassLoaderBase.clearReferencesThreads The web application [e-commerce] appears to have started a thread named [mysql-cj-abandoned-connection-cleanup] but has failed to stop it. This is very likely to create a memory leak. Stack trace of thread:
 java.base@17.0.8/java.lang.Object.wait(Native Method)
 java.base@17.0.8/java.lang.ref.ReferenceQueue.remove(ReferenceQueue.java:155)
 com.mysql.cj.jdbc.AbandonedConnectionCleanupThread.run(AbandonedConnectionCleanupThread.java:91)
 java.base@17.0.8/java.util.concurrent.ThreadPoolExecutor.runWorker(ThreadPoolExecutor.java:1136)
 java.base@17.0.8/java.util.concurrent.ThreadPoolExecutor$Worker.run(ThreadPoolExecutor.java:635)
 java.base@17.0.8/java.lang.Thread.run(Thread.java:833)
08-May-2026 01:25:23.943 INFO [main] org.apache.coyote.AbstractProtocol.stop Stopping ProtocolHandler ["http-nio-8080"]
08-May-2026 01:25:23.960 INFO [main] org.apache.coyote.AbstractProtocol.destroy Destroying ProtocolHandler ["http-nio-8080"]
08-May-2026 01:25:30.194 INFO [main] org.apache.catalina.startup.VersionLoggerListener.log Server version name:   Apache Tomcat/11.0.21
08-May-2026 01:25:30.199 INFO [main] org.apache.catalina.startup.VersionLoggerListener.log Server built:          Mar 30 2026 14:59:44 UTC
08-May-2026 01:25:30.201 INFO [main] org.apache.catalina.startup.VersionLoggerListener.log Server version number: 11.0.21.0
08-May-2026 01:25:30.201 INFO [main] org.apache.catalina.startup.VersionLoggerListener.log OS Name:               Windows 10
08-May-2026 01:25:30.201 INFO [main] org.apache.catalina.startup.VersionLoggerListener.log OS Version:            10.0
08-May-2026 01:25:30.202 INFO [main] org.apache.catalina.startup.VersionLoggerListener.log Architecture:          amd64
08-May-2026 01:25:30.202 INFO [main] org.apache.catalina.startup.VersionLoggerListener.log Java Home:             C:\Program Files\Java\jdk-17.0.8
08-May-2026 01:25:30.202 INFO [main] org.apache.catalina.startup.VersionLoggerListener.log JVM Version:           17.0.8+9-LTS-211
08-May-2026 01:25:30.202 INFO [main] org.apache.catalina.startup.VersionLoggerListener.log JVM Vendor:            Oracle Corporation
08-May-2026 01:25:30.203 INFO [main] org.apache.catalina.startup.VersionLoggerListener.log CATALINA_BASE:         C:\e-commerce\.devtomcat\Tomcat_Server_e6f0999f
08-May-2026 01:25:30.204 INFO [main] org.apache.catalina.startup.VersionLoggerListener.log CATALINA_HOME:         E:\apache-tomcat-11.0.21
08-May-2026 01:25:30.205 INFO [main] org.apache.catalina.startup.VersionLoggerListener.log Command line argument: -Dcom.sun.management.jmxremote
08-May-2026 01:25:30.207 INFO [main] org.apache.catalina.startup.VersionLoggerListener.log Command line argument: -Dcom.sun.management.jmxremote.port=1099
08-May-2026 01:25:30.207 INFO [main] org.apache.catalina.startup.VersionLoggerListener.log Command line argument: -Dcom.sun.management.jmxremote.ssl=false
08-May-2026 01:25:30.207 INFO [main] org.apache.catalina.startup.VersionLoggerListener.log Command line argument: -Dcom.sun.management.jmxremote.authenticate=false
08-May-2026 01:25:30.207 INFO [main] org.apache.catalina.startup.VersionLoggerListener.log Command line argument: -Dcom.sun.management.jmxremote.local.only=false
08-May-2026 01:25:30.208 INFO [main] org.apache.catalina.startup.VersionLoggerListener.log Command line argument: --add-opens=java.base/java.lang=ALL-UNNAMED
08-May-2026 01:25:30.208 INFO [main] org.apache.catalina.startup.VersionLoggerListener.log Command line argument: --add-opens=java.base/java.io=ALL-UNNAMED
08-May-2026 01:25:30.208 INFO [main] org.apache.catalina.startup.VersionLoggerListener.log Command line argument: --add-opens=java.base/java.util=ALL-UNNAMED
08-May-2026 01:25:30.208 INFO [main] org.apache.catalina.startup.VersionLoggerListener.log Command line argument: --add-opens=java.base/java.util.concurrent=ALL-UNNAMED
08-May-2026 01:25:30.208 INFO [main] org.apache.catalina.startup.VersionLoggerListener.log Command line argument: --add-opens=java.rmi/sun.rmi.transport=ALL-UNNAMED
08-May-2026 01:25:30.208 INFO [main] org.apache.catalina.startup.VersionLoggerListener.log Command line argument: -Dcatalina.home=E:\apache-tomcat-11.0.21
08-May-2026 01:25:30.208 INFO [main] org.apache.catalina.startup.VersionLoggerListener.log Command line argument: -Dcatalina.base=C:\e-commerce\.devtomcat\Tomcat_Server_e6f0999f
08-May-2026 01:25:30.209 INFO [main] org.apache.catalina.startup.VersionLoggerListener.log Command line argument: -Djava.io.tmpdir=C:\e-commerce\.devtomcat\Tomcat_Server_e6f0999f\temp
08-May-2026 01:25:30.210 INFO [main] org.apache.catalina.startup.VersionLoggerListener.log Command line argument: -Djava.util.logging.config.file=C:\e-commerce\.devtomcat\Tomcat_Server_e6f0999f\conf\logging.properties
08-May-2026 01:25:30.210 INFO [main] org.apache.catalina.startup.VersionLoggerListener.log Command line argument: -Djava.util.logging.manager=org.apache.juli.ClassLoaderLogManager
08-May-2026 01:25:30.210 INFO [main] org.apache.catalina.startup.VersionLoggerListener.log Command line argument: -Dserver.port=8080
08-May-2026 01:25:30.210 INFO [main] org.apache.catalina.startup.VersionLoggerListener.log Command line argument: -Dserver.shutdown.port=8005
08-May-2026 01:25:30.211 INFO [main] org.apache.catalina.startup.VersionLoggerListener.log Command line argument: -javaagent:C:\Program Files\JetBrains\IntelliJ IDEA 2025.3.1.1\lib\idea_rt.jar=61990
08-May-2026 01:25:30.211 INFO [main] org.apache.catalina.startup.VersionLoggerListener.log Command line argument: -Dfile.encoding=UTF-8
08-May-2026 01:25:30.215 INFO [main] org.apache.catalina.core.AprLifecycleListener.lifecycleEvent Loaded Apache Tomcat Native library [2.0.14] using APR version [1.7.6].
08-May-2026 01:25:30.222 INFO [main] org.apache.catalina.core.AprLifecycleListener.initializeSSL OpenSSL successfully initialized [OpenSSL 3.5.5 27 Jan 2026]
08-May-2026 01:25:30.591 INFO [main] org.apache.coyote.AbstractProtocol.init Initializing ProtocolHandler ["http-nio-8080"]
08-May-2026 01:25:30.619 INFO [main] org.apache.catalina.startup.Catalina.load Server initialization in [744] milliseconds
08-May-2026 01:25:30.723 INFO [main] org.apache.catalina.core.StandardService.startInternal Starting service [Catalina]
08-May-2026 01:25:30.724 INFO [main] org.apache.catalina.core.StandardEngine.startInternal Starting Servlet engine: [Apache Tomcat/11.0.21]
08-May-2026 01:25:30.759 INFO [main] org.apache.catalina.startup.HostConfig.deployDescriptor Deploying deployment descriptor [C:\e-commerce\.devtomcat\Tomcat_Server_e6f0999f\conf\Catalina\localhost\e-commerce.xml]
08-May-2026 01:25:32.862 INFO [main] org.apache.jasper.servlet.TldScanner.scanJars At least one JAR was scanned for TLDs yet contained no TLDs. Enable debug logging for this logger for a complete list of JARs that were scanned but no TLDs were found in them. Skipping unneeded JARs during scanning can improve startup time and JSP compilation time.
08-May-2026 01:25:33.009 WARNING [main] org.apache.catalina.util.SessionIdGeneratorBase.createSecureRandom Creation of SecureRandom instance for session ID generation using [SHA1PRNG] took [106] milliseconds.
08-May-2026 01:25:33.054 INFO [main] org.apache.catalina.startup.HostConfig.deployDescriptor Deployment of deployment descriptor [C:\e-commerce\.devtomcat\Tomcat_Server_e6f0999f\conf\Catalina\localhost\e-commerce.xml] has finished in [2,294] ms
08-May-2026 01:25:33.063 INFO [main] org.apache.coyote.AbstractProtocol.start Starting ProtocolHandler ["http-nio-8080"]
08-May-2026 01:25:33.103 INFO [main] org.apache.catalina.startup.Catalina.start Server startup in [2483] milliseconds
08-May-2026 01:27:28.718 INFO [main] org.apache.catalina.core.StandardServer.await A valid shutdown command was received via the shutdown port. Stopping the Server instance.
08-May-2026 01:27:28.719 INFO [main] org.apache.coyote.AbstractProtocol.pause Pausing ProtocolHandler ["http-nio-8080"]
08-May-2026 01:27:28.840 INFO [main] org.apache.catalina.core.StandardService.stopInternal Stopping service [Catalina]
08-May-2026 01:27:28.852 WARNING [main] org.apache.catalina.loader.WebappClassLoaderBase.clearReferencesJdbc The web application [e-commerce] registered the JDBC driver [com.mysql.cj.jdbc.Driver] but failed to unregister it when the web application was stopped. To prevent a memory leak, the JDBC Driver has been forcibly unregistered.
08-May-2026 01:27:28.854 WARNING [main] org.apache.catalina.loader.WebappClassLoaderBase.clearReferencesThreads The web application [e-commerce] appears to have started a thread named [mysql-cj-abandoned-connection-cleanup] but has failed to stop it. This is very likely to create a memory leak. Stack trace of thread:
 java.base@17.0.8/java.lang.Object.wait(Native Method)
 java.base@17.0.8/java.lang.ref.ReferenceQueue.remove(ReferenceQueue.java:155)
 com.mysql.cj.jdbc.AbandonedConnectionCleanupThread.run(AbandonedConnectionCleanupThread.java:91)
 java.base@17.0.8/java.util.concurrent.ThreadPoolExecutor.runWorker(ThreadPoolExecutor.java:1136)
 java.base@17.0.8/java.util.concurrent.ThreadPoolExecutor$Worker.run(ThreadPoolExecutor.java:635)
 java.base@17.0.8/java.lang.Thread.run(Thread.java:833)
08-May-2026 01:27:28.860 INFO [main] org.apache.coyote.AbstractProtocol.stop Stopping ProtocolHandler ["http-nio-8080"]
08-May-2026 01:27:28.870 INFO [main] org.apache.coyote.AbstractProtocol.destroy Destroying ProtocolHandler ["http-nio-8080"]
08-May-2026 01:27:28.914 INFO [mysql-cj-abandoned-connection-cleanup] org.apache.catalina.loader.WebappClassLoaderBase.checkStateForResourceLoading Illegal access: this web application instance has been stopped already. Could not load []. The following stack trace is thrown for debugging purposes as well as to attempt to terminate the thread which caused the illegal access.
	java.lang.IllegalStateException: Illegal access: this web application instance has been stopped already. Could not load []. The following stack trace is thrown for debugging purposes as well as to attempt to terminate the thread which caused the illegal access.
		at org.apache.catalina.loader.WebappClassLoaderBase.checkStateForResourceLoading(WebappClassLoaderBase.java:1244)
		at org.apache.catalina.loader.WebappClassLoaderBase.getResource(WebappClassLoaderBase.java:854)
		at com.mysql.cj.jdbc.AbandonedConnectionCleanupThread.checkThreadContextClassLoader(AbandonedConnectionCleanupThread.java:123)
		at com.mysql.cj.jdbc.AbandonedConnectionCleanupThread.run(AbandonedConnectionCleanupThread.java:90)
		at java.base/java.util.concurrent.ThreadPoolExecutor.runWorker(ThreadPoolExecutor.java:1136)
		at java.base/java.util.concurrent.ThreadPoolExecutor$Worker.run(ThreadPoolExecutor.java:635)
		at java.base/java.lang.Thread.run(Thread.java:833)
08-May-2026 01:27:28.915 INFO [mysql-cj-abandoned-connection-cleanup] org.apache.catalina.loader.WebappClassLoaderBase.checkStateForResourceLoading Illegal access: this web application instance has been stopped already. Could not load []. The following stack trace is thrown for debugging purposes as well as to attempt to terminate the thread which caused the illegal access.
	java.lang.IllegalStateException: Illegal access: this web application instance has been stopped already. Could not load []. The following stack trace is thrown for debugging purposes as well as to attempt to terminate the thread which caused the illegal access.
		at org.apache.catalina.loader.WebappClassLoaderBase.checkStateForResourceLoading(WebappClassLoaderBase.java:1244)
		at org.apache.catalina.loader.WebappClassLoaderBase.getResource(WebappClassLoaderBase.java:854)
		at com.mysql.cj.jdbc.AbandonedConnectionCleanupThread.checkThreadContextClassLoader(AbandonedConnectionCleanupThread.java:123)
		at com.mysql.cj.jdbc.AbandonedConnectionCleanupThread.run(AbandonedConnectionCleanupThread.java:90)
		at java.base/java.util.concurrent.ThreadPoolExecutor.runWorker(ThreadPoolExecutor.java:1136)
		at java.base/java.util.concurrent.ThreadPoolExecutor$Worker.run(ThreadPoolExecutor.java:635)
		at java.base/java.lang.Thread.run(Thread.java:833)
08-May-2026 01:27:28.916 INFO [mysql-cj-abandoned-connection-cleanup] org.apache.catalina.loader.WebappClassLoaderBase.checkStateForResourceLoading Illegal access: this web application instance has been stopped already. Could not load []. The following stack trace is thrown for debugging purposes as well as to attempt to terminate the thread which caused the illegal access.
	java.lang.IllegalStateException: Illegal access: this web application instance has been stopped already. Could not load []. The following stack trace is thrown for debugging purposes as well as to attempt to terminate the thread which caused the illegal access.
		at org.apache.catalina.loader.WebappClassLoaderBase.checkStateForResourceLoading(WebappClassLoaderBase.java:1244)
		at org.apache.catalina.loader.WebappClassLoaderBase.getResource(WebappClassLoaderBase.java:854)
		at com.mysql.cj.jdbc.AbandonedConnectionCleanupThread.checkThreadContextClassLoader(AbandonedConnectionCleanupThread.java:123)
		at com.mysql.cj.jdbc.AbandonedConnectionCleanupThread.run(AbandonedConnectionCleanupThread.java:90)
		at java.base/java.util.concurrent.ThreadPoolExecutor.runWorker(ThreadPoolExecutor.java:1136)
		at java.base/java.util.concurrent.ThreadPoolExecutor$Worker.run(ThreadPoolExecutor.java:635)
		at java.base/java.lang.Thread.run(Thread.java:833)
08-May-2026 01:27:33.369 INFO [main] org.apache.catalina.startup.VersionLoggerListener.log Server version name:   Apache Tomcat/11.0.21
08-May-2026 01:27:33.373 INFO [main] org.apache.catalina.startup.VersionLoggerListener.log Server built:          Mar 30 2026 14:59:44 UTC
08-May-2026 01:27:33.374 INFO [main] org.apache.catalina.startup.VersionLoggerListener.log Server version number: 11.0.21.0
08-May-2026 01:27:33.374 INFO [main] org.apache.catalina.startup.VersionLoggerListener.log OS Name:               Windows 10
08-May-2026 01:27:33.374 INFO [main] org.apache.catalina.startup.VersionLoggerListener.log OS Version:            10.0
08-May-2026 01:27:33.374 INFO [main] org.apache.catalina.startup.VersionLoggerListener.log Architecture:          amd64
08-May-2026 01:27:33.374 INFO [main] org.apache.catalina.startup.VersionLoggerListener.log Java Home:             C:\Program Files\Java\jdk-17.0.8
08-May-2026 01:27:33.375 INFO [main] org.apache.catalina.startup.VersionLoggerListener.log JVM Version:           17.0.8+9-LTS-211
08-May-2026 01:27:33.375 INFO [main] org.apache.catalina.startup.VersionLoggerListener.log JVM Vendor:            Oracle Corporation
08-May-2026 01:27:33.375 INFO [main] org.apache.catalina.startup.VersionLoggerListener.log CATALINA_BASE:         C:\e-commerce\.devtomcat\Tomcat_Server_e6f0999f
08-May-2026 01:27:33.375 INFO [main] org.apache.catalina.startup.VersionLoggerListener.log CATALINA_HOME:         E:\apache-tomcat-11.0.21
08-May-2026 01:27:33.379 INFO [main] org.apache.catalina.startup.VersionLoggerListener.log Command line argument: -Dcom.sun.management.jmxremote
08-May-2026 01:27:33.379 INFO [main] org.apache.catalina.startup.VersionLoggerListener.log Command line argument: -Dcom.sun.management.jmxremote.port=1099
08-May-2026 01:27:33.379 INFO [main] org.apache.catalina.startup.VersionLoggerListener.log Command line argument: -Dcom.sun.management.jmxremote.ssl=false
08-May-2026 01:27:33.379 INFO [main] org.apache.catalina.startup.VersionLoggerListener.log Command line argument: -Dcom.sun.management.jmxremote.authenticate=false
08-May-2026 01:27:33.379 INFO [main] org.apache.catalina.startup.VersionLoggerListener.log Command line argument: -Dcom.sun.management.jmxremote.local.only=false
08-May-2026 01:27:33.379 INFO [main] org.apache.catalina.startup.VersionLoggerListener.log Command line argument: --add-opens=java.base/java.lang=ALL-UNNAMED
08-May-2026 01:27:33.380 INFO [main] org.apache.catalina.startup.VersionLoggerListener.log Command line argument: --add-opens=java.base/java.io=ALL-UNNAMED
08-May-2026 01:27:33.380 INFO [main] org.apache.catalina.startup.VersionLoggerListener.log Command line argument: --add-opens=java.base/java.util=ALL-UNNAMED
08-May-2026 01:27:33.380 INFO [main] org.apache.catalina.startup.VersionLoggerListener.log Command line argument: --add-opens=java.base/java.util.concurrent=ALL-UNNAMED
08-May-2026 01:27:33.380 INFO [main] org.apache.catalina.startup.VersionLoggerListener.log Command line argument: --add-opens=java.rmi/sun.rmi.transport=ALL-UNNAMED
08-May-2026 01:27:33.380 INFO [main] org.apache.catalina.startup.VersionLoggerListener.log Command line argument: -Dcatalina.home=E:\apache-tomcat-11.0.21
08-May-2026 01:27:33.380 INFO [main] org.apache.catalina.startup.VersionLoggerListener.log Command line argument: -Dcatalina.base=C:\e-commerce\.devtomcat\Tomcat_Server_e6f0999f
08-May-2026 01:27:33.381 INFO [main] org.apache.catalina.startup.VersionLoggerListener.log Command line argument: -Djava.io.tmpdir=C:\e-commerce\.devtomcat\Tomcat_Server_e6f0999f\temp
08-May-2026 01:27:33.381 INFO [main] org.apache.catalina.startup.VersionLoggerListener.log Command line argument: -Djava.util.logging.config.file=C:\e-commerce\.devtomcat\Tomcat_Server_e6f0999f\conf\logging.properties
08-May-2026 01:27:33.381 INFO [main] org.apache.catalina.startup.VersionLoggerListener.log Command line argument: -Djava.util.logging.manager=org.apache.juli.ClassLoaderLogManager
08-May-2026 01:27:33.381 INFO [main] org.apache.catalina.startup.VersionLoggerListener.log Command line argument: -Dserver.port=8080
08-May-2026 01:27:33.381 INFO [main] org.apache.catalina.startup.VersionLoggerListener.log Command line argument: -Dserver.shutdown.port=8005
08-May-2026 01:27:33.382 INFO [main] org.apache.catalina.startup.VersionLoggerListener.log Command line argument: -javaagent:C:\Program Files\JetBrains\IntelliJ IDEA 2025.3.1.1\lib\idea_rt.jar=53551
08-May-2026 01:27:33.382 INFO [main] org.apache.catalina.startup.VersionLoggerListener.log Command line argument: -Dfile.encoding=UTF-8
08-May-2026 01:27:33.385 INFO [main] org.apache.catalina.core.AprLifecycleListener.lifecycleEvent Loaded Apache Tomcat Native library [2.0.14] using APR version [1.7.6].
08-May-2026 01:27:33.393 INFO [main] org.apache.catalina.core.AprLifecycleListener.initializeSSL OpenSSL successfully initialized [OpenSSL 3.5.5 27 Jan 2026]
08-May-2026 01:27:33.723 INFO [main] org.apache.coyote.AbstractProtocol.init Initializing ProtocolHandler ["http-nio-8080"]
08-May-2026 01:27:33.755 INFO [main] org.apache.catalina.startup.Catalina.load Server initialization in [699] milliseconds
08-May-2026 01:27:33.829 INFO [main] org.apache.catalina.core.StandardService.startInternal Starting service [Catalina]
08-May-2026 01:27:33.829 INFO [main] org.apache.catalina.core.StandardEngine.startInternal Starting Servlet engine: [Apache Tomcat/11.0.21]
08-May-2026 01:27:33.846 INFO [main] org.apache.catalina.startup.HostConfig.deployDescriptor Deploying deployment descriptor [C:\e-commerce\.devtomcat\Tomcat_Server_e6f0999f\conf\Catalina\localhost\e-commerce.xml]
08-May-2026 01:27:35.343 INFO [main] org.apache.jasper.servlet.TldScanner.scanJars At least one JAR was scanned for TLDs yet contained no TLDs. Enable debug logging for this logger for a complete list of JARs that were scanned but no TLDs were found in them. Skipping unneeded JARs during scanning can improve startup time and JSP compilation time.
08-May-2026 01:27:35.479 INFO [main] org.apache.catalina.startup.HostConfig.deployDescriptor Deployment of deployment descriptor [C:\e-commerce\.devtomcat\Tomcat_Server_e6f0999f\conf\Catalina\localhost\e-commerce.xml] has finished in [1,633] ms
08-May-2026 01:27:35.485 INFO [main] org.apache.coyote.AbstractProtocol.start Starting ProtocolHandler ["http-nio-8080"]
08-May-2026 01:27:35.519 INFO [main] org.apache.catalina.startup.Catalina.start Server startup in [1764] milliseconds
08-May-2026 01:29:57.511 INFO [main] org.apache.catalina.core.StandardServer.await A valid shutdown command was received via the shutdown port. Stopping the Server instance.
08-May-2026 01:29:57.512 INFO [main] org.apache.coyote.AbstractProtocol.pause Pausing ProtocolHandler ["http-nio-8080"]
08-May-2026 01:29:57.585 INFO [main] org.apache.catalina.core.StandardService.stopInternal Stopping service [Catalina]
08-May-2026 01:29:57.591 WARNING [main] org.apache.catalina.loader.WebappClassLoaderBase.clearReferencesJdbc The web application [e-commerce] registered the JDBC driver [com.mysql.cj.jdbc.Driver] but failed to unregister it when the web application was stopped. To prevent a memory leak, the JDBC Driver has been forcibly unregistered.
08-May-2026 01:29:57.592 WARNING [main] org.apache.catalina.loader.WebappClassLoaderBase.clearReferencesThreads The web application [e-commerce] appears to have started a thread named [mysql-cj-abandoned-connection-cleanup] but has failed to stop it. This is very likely to create a memory leak. Stack trace of thread:
 java.base@17.0.8/java.lang.Object.wait(Native Method)
 java.base@17.0.8/java.lang.ref.ReferenceQueue.remove(ReferenceQueue.java:155)
 com.mysql.cj.jdbc.AbandonedConnectionCleanupThread.run(AbandonedConnectionCleanupThread.java:91)
 java.base@17.0.8/java.util.concurrent.ThreadPoolExecutor.runWorker(ThreadPoolExecutor.java:1136)
 java.base@17.0.8/java.util.concurrent.ThreadPoolExecutor$Worker.run(ThreadPoolExecutor.java:635)
 java.base@17.0.8/java.lang.Thread.run(Thread.java:833)
08-May-2026 01:29:57.596 INFO [main] org.apache.coyote.AbstractProtocol.stop Stopping ProtocolHandler ["http-nio-8080"]
08-May-2026 01:29:57.616 INFO [main] org.apache.coyote.AbstractProtocol.destroy Destroying ProtocolHandler ["http-nio-8080"]
08-May-2026 01:30:04.110 INFO [main] org.apache.catalina.startup.VersionLoggerListener.log Server version name:   Apache Tomcat/11.0.21
08-May-2026 01:30:04.114 INFO [main] org.apache.catalina.startup.VersionLoggerListener.log Server built:          Mar 30 2026 14:59:44 UTC
08-May-2026 01:30:04.115 INFO [main] org.apache.catalina.startup.VersionLoggerListener.log Server version number: 11.0.21.0
08-May-2026 01:30:04.115 INFO [main] org.apache.catalina.startup.VersionLoggerListener.log OS Name:               Windows 10
08-May-2026 01:30:04.115 INFO [main] org.apache.catalina.startup.VersionLoggerListener.log OS Version:            10.0
08-May-2026 01:30:04.115 INFO [main] org.apache.catalina.startup.VersionLoggerListener.log Architecture:          amd64
08-May-2026 01:30:04.116 INFO [main] org.apache.catalina.startup.VersionLoggerListener.log Java Home:             C:\Program Files\Java\jdk-17.0.8
08-May-2026 01:30:04.116 INFO [main] org.apache.catalina.startup.VersionLoggerListener.log JVM Version:           17.0.8+9-LTS-211
08-May-2026 01:30:04.117 INFO [main] org.apache.catalina.startup.VersionLoggerListener.log JVM Vendor:            Oracle Corporation
08-May-2026 01:30:04.117 INFO [main] org.apache.catalina.startup.VersionLoggerListener.log CATALINA_BASE:         C:\e-commerce\.devtomcat\Tomcat_Server_e6f0999f
08-May-2026 01:30:04.117 INFO [main] org.apache.catalina.startup.VersionLoggerListener.log CATALINA_HOME:         E:\apache-tomcat-11.0.21
08-May-2026 01:30:04.121 INFO [main] org.apache.catalina.startup.VersionLoggerListener.log Command line argument: -Dcom.sun.management.jmxremote
08-May-2026 01:30:04.121 INFO [main] org.apache.catalina.startup.VersionLoggerListener.log Command line argument: -Dcom.sun.management.jmxremote.port=1099
08-May-2026 01:30:04.121 INFO [main] org.apache.catalina.startup.VersionLoggerListener.log Command line argument: -Dcom.sun.management.jmxremote.ssl=false
08-May-2026 01:30:04.122 INFO [main] org.apache.catalina.startup.VersionLoggerListener.log Command line argument: -Dcom.sun.management.jmxremote.authenticate=false
08-May-2026 01:30:04.122 INFO [main] org.apache.catalina.startup.VersionLoggerListener.log Command line argument: -Dcom.sun.management.jmxremote.local.only=false
08-May-2026 01:30:04.122 INFO [main] org.apache.catalina.startup.VersionLoggerListener.log Command line argument: --add-opens=java.base/java.lang=ALL-UNNAMED
08-May-2026 01:30:04.122 INFO [main] org.apache.catalina.startup.VersionLoggerListener.log Command line argument: --add-opens=java.base/java.io=ALL-UNNAMED
08-May-2026 01:30:04.122 INFO [main] org.apache.catalina.startup.VersionLoggerListener.log Command line argument: --add-opens=java.base/java.util=ALL-UNNAMED
08-May-2026 01:30:04.122 INFO [main] org.apache.catalina.startup.VersionLoggerListener.log Command line argument: --add-opens=java.base/java.util.concurrent=ALL-UNNAMED
08-May-2026 01:30:04.122 INFO [main] org.apache.catalina.startup.VersionLoggerListener.log Command line argument: --add-opens=java.rmi/sun.rmi.transport=ALL-UNNAMED
08-May-2026 01:30:04.122 INFO [main] org.apache.catalina.startup.VersionLoggerListener.log Command line argument: -Dcatalina.home=E:\apache-tomcat-11.0.21
08-May-2026 01:30:04.122 INFO [main] org.apache.catalina.startup.VersionLoggerListener.log Command line argument: -Dcatalina.base=C:\e-commerce\.devtomcat\Tomcat_Server_e6f0999f
08-May-2026 01:30:04.122 INFO [main] org.apache.catalina.startup.VersionLoggerListener.log Command line argument: -Djava.io.tmpdir=C:\e-commerce\.devtomcat\Tomcat_Server_e6f0999f\temp
08-May-2026 01:30:04.122 INFO [main] org.apache.catalina.startup.VersionLoggerListener.log Command line argument: -Djava.util.logging.config.file=C:\e-commerce\.devtomcat\Tomcat_Server_e6f0999f\conf\logging.properties
08-May-2026 01:30:04.124 INFO [main] org.apache.catalina.startup.VersionLoggerListener.log Command line argument: -Djava.util.logging.manager=org.apache.juli.ClassLoaderLogManager
08-May-2026 01:30:04.124 INFO [main] org.apache.catalina.startup.VersionLoggerListener.log Command line argument: -Dserver.port=8080
08-May-2026 01:30:04.124 INFO [main] org.apache.catalina.startup.VersionLoggerListener.log Command line argument: -Dserver.shutdown.port=8005
08-May-2026 01:30:04.124 INFO [main] org.apache.catalina.startup.VersionLoggerListener.log Command line argument: -javaagent:C:\Program Files\JetBrains\IntelliJ IDEA 2025.3.1.1\lib\idea_rt.jar=60839
08-May-2026 01:30:04.124 INFO [main] org.apache.catalina.startup.VersionLoggerListener.log Command line argument: -Dfile.encoding=UTF-8
08-May-2026 01:30:04.127 INFO [main] org.apache.catalina.core.AprLifecycleListener.lifecycleEvent Loaded Apache Tomcat Native library [2.0.14] using APR version [1.7.6].
08-May-2026 01:30:04.133 INFO [main] org.apache.catalina.core.AprLifecycleListener.initializeSSL OpenSSL successfully initialized [OpenSSL 3.5.5 27 Jan 2026]
08-May-2026 01:30:04.439 INFO [main] org.apache.coyote.AbstractProtocol.init Initializing ProtocolHandler ["http-nio-8080"]
08-May-2026 01:30:04.475 INFO [main] org.apache.catalina.startup.Catalina.load Server initialization in [738] milliseconds
08-May-2026 01:30:04.549 INFO [main] org.apache.catalina.core.StandardService.startInternal Starting service [Catalina]
08-May-2026 01:30:04.549 INFO [main] org.apache.catalina.core.StandardEngine.startInternal Starting Servlet engine: [Apache Tomcat/11.0.21]
08-May-2026 01:30:04.571 INFO [main] org.apache.catalina.startup.HostConfig.deployDescriptor Deploying deployment descriptor [C:\e-commerce\.devtomcat\Tomcat_Server_e6f0999f\conf\Catalina\localhost\e-commerce.xml]
08-May-2026 01:30:06.330 INFO [main] org.apache.jasper.servlet.TldScanner.scanJars At least one JAR was scanned for TLDs yet contained no TLDs. Enable debug logging for this logger for a complete list of JARs that were scanned but no TLDs were found in them. Skipping unneeded JARs during scanning can improve startup time and JSP compilation time.
08-May-2026 01:30:06.494 INFO [main] org.apache.catalina.startup.HostConfig.deployDescriptor Deployment of deployment descriptor [C:\e-commerce\.devtomcat\Tomcat_Server_e6f0999f\conf\Catalina\localhost\e-commerce.xml] has finished in [1,922] ms
08-May-2026 01:30:06.503 INFO [main] org.apache.coyote.AbstractProtocol.start Starting ProtocolHandler ["http-nio-8080"]
08-May-2026 01:30:06.535 INFO [main] org.apache.catalina.startup.Catalina.start Server startup in [2059] milliseconds
08-May-2026 01:31:34.073 INFO [main] org.apache.catalina.core.StandardServer.await A valid shutdown command was received via the shutdown port. Stopping the Server instance.
08-May-2026 01:31:34.073 INFO [main] org.apache.coyote.AbstractProtocol.pause Pausing ProtocolHandler ["http-nio-8080"]
08-May-2026 01:31:34.165 INFO [main] org.apache.catalina.core.StandardService.stopInternal Stopping service [Catalina]
08-May-2026 01:31:34.171 WARNING [main] org.apache.catalina.loader.WebappClassLoaderBase.clearReferencesJdbc The web application [e-commerce] registered the JDBC driver [com.mysql.cj.jdbc.Driver] but failed to unregister it when the web application was stopped. To prevent a memory leak, the JDBC Driver has been forcibly unregistered.
08-May-2026 01:31:34.172 WARNING [main] org.apache.catalina.loader.WebappClassLoaderBase.clearReferencesThreads The web application [e-commerce] appears to have started a thread named [mysql-cj-abandoned-connection-cleanup] but has failed to stop it. This is very likely to create a memory leak. Stack trace of thread:
 java.base@17.0.8/java.lang.Object.wait(Native Method)
 java.base@17.0.8/java.lang.ref.ReferenceQueue.remove(ReferenceQueue.java:155)
 com.mysql.cj.jdbc.AbandonedConnectionCleanupThread.run(AbandonedConnectionCleanupThread.java:91)
 java.base@17.0.8/java.util.concurrent.ThreadPoolExecutor.runWorker(ThreadPoolExecutor.java:1136)
 java.base@17.0.8/java.util.concurrent.ThreadPoolExecutor$Worker.run(ThreadPoolExecutor.java:635)
 java.base@17.0.8/java.lang.Thread.run(Thread.java:833)
08-May-2026 01:31:34.180 INFO [main] org.apache.coyote.AbstractProtocol.stop Stopping ProtocolHandler ["http-nio-8080"]
08-May-2026 01:31:34.192 INFO [main] org.apache.coyote.AbstractProtocol.destroy Destroying ProtocolHandler ["http-nio-8080"]
08-May-2026 01:31:38.461 INFO [main] org.apache.catalina.startup.VersionLoggerListener.log Server version name:   Apache Tomcat/11.0.21
08-May-2026 01:31:38.466 INFO [main] org.apache.catalina.startup.VersionLoggerListener.log Server built:          Mar 30 2026 14:59:44 UTC
08-May-2026 01:31:38.466 INFO [main] org.apache.catalina.startup.VersionLoggerListener.log Server version number: 11.0.21.0
08-May-2026 01:31:38.467 INFO [main] org.apache.catalina.startup.VersionLoggerListener.log OS Name:               Windows 10
08-May-2026 01:31:38.467 INFO [main] org.apache.catalina.startup.VersionLoggerListener.log OS Version:            10.0
08-May-2026 01:31:38.467 INFO [main] org.apache.catalina.startup.VersionLoggerListener.log Architecture:          amd64
08-May-2026 01:31:38.467 INFO [main] org.apache.catalina.startup.VersionLoggerListener.log Java Home:             C:\Program Files\Java\jdk-17.0.8
08-May-2026 01:31:38.467 INFO [main] org.apache.catalina.startup.VersionLoggerListener.log JVM Version:           17.0.8+9-LTS-211
08-May-2026 01:31:38.468 INFO [main] org.apache.catalina.startup.VersionLoggerListener.log JVM Vendor:            Oracle Corporation
08-May-2026 01:31:38.468 INFO [main] org.apache.catalina.startup.VersionLoggerListener.log CATALINA_BASE:         C:\e-commerce\.devtomcat\Tomcat_Server_e6f0999f
08-May-2026 01:31:38.468 INFO [main] org.apache.catalina.startup.VersionLoggerListener.log CATALINA_HOME:         E:\apache-tomcat-11.0.21
08-May-2026 01:31:38.472 INFO [main] org.apache.catalina.startup.VersionLoggerListener.log Command line argument: -Dcom.sun.management.jmxremote
08-May-2026 01:31:38.472 INFO [main] org.apache.catalina.startup.VersionLoggerListener.log Command line argument: -Dcom.sun.management.jmxremote.port=1099
08-May-2026 01:31:38.472 INFO [main] org.apache.catalina.startup.VersionLoggerListener.log Command line argument: -Dcom.sun.management.jmxremote.ssl=false
08-May-2026 01:31:38.473 INFO [main] org.apache.catalina.startup.VersionLoggerListener.log Command line argument: -Dcom.sun.management.jmxremote.authenticate=false
08-May-2026 01:31:38.473 INFO [main] org.apache.catalina.startup.VersionLoggerListener.log Command line argument: -Dcom.sun.management.jmxremote.local.only=false
08-May-2026 01:31:38.473 INFO [main] org.apache.catalina.startup.VersionLoggerListener.log Command line argument: --add-opens=java.base/java.lang=ALL-UNNAMED
08-May-2026 01:31:38.473 INFO [main] org.apache.catalina.startup.VersionLoggerListener.log Command line argument: --add-opens=java.base/java.io=ALL-UNNAMED
08-May-2026 01:31:38.474 INFO [main] org.apache.catalina.startup.VersionLoggerListener.log Command line argument: --add-opens=java.base/java.util=ALL-UNNAMED
08-May-2026 01:31:38.474 INFO [main] org.apache.catalina.startup.VersionLoggerListener.log Command line argument: --add-opens=java.base/java.util.concurrent=ALL-UNNAMED
08-May-2026 01:31:38.474 INFO [main] org.apache.catalina.startup.VersionLoggerListener.log Command line argument: --add-opens=java.rmi/sun.rmi.transport=ALL-UNNAMED
08-May-2026 01:31:38.474 INFO [main] org.apache.catalina.startup.VersionLoggerListener.log Command line argument: -Dcatalina.home=E:\apache-tomcat-11.0.21
08-May-2026 01:31:38.474 INFO [main] org.apache.catalina.startup.VersionLoggerListener.log Command line argument: -Dcatalina.base=C:\e-commerce\.devtomcat\Tomcat_Server_e6f0999f
08-May-2026 01:31:38.474 INFO [main] org.apache.catalina.startup.VersionLoggerListener.log Command line argument: -Djava.io.tmpdir=C:\e-commerce\.devtomcat\Tomcat_Server_e6f0999f\temp
08-May-2026 01:31:38.474 INFO [main] org.apache.catalina.startup.VersionLoggerListener.log Command line argument: -Djava.util.logging.config.file=C:\e-commerce\.devtomcat\Tomcat_Server_e6f0999f\conf\logging.properties
08-May-2026 01:31:38.474 INFO [main] org.apache.catalina.startup.VersionLoggerListener.log Command line argument: -Djava.util.logging.manager=org.apache.juli.ClassLoaderLogManager
08-May-2026 01:31:38.474 INFO [main] org.apache.catalina.startup.VersionLoggerListener.log Command line argument: -Dserver.port=8080
08-May-2026 01:31:38.474 INFO [main] org.apache.catalina.startup.VersionLoggerListener.log Command line argument: -Dserver.shutdown.port=8005
08-May-2026 01:31:38.475 INFO [main] org.apache.catalina.startup.VersionLoggerListener.log Command line argument: -javaagent:C:\Program Files\JetBrains\IntelliJ IDEA 2025.3.1.1\lib\idea_rt.jar=60864
08-May-2026 01:31:38.475 INFO [main] org.apache.catalina.startup.VersionLoggerListener.log Command line argument: -Dfile.encoding=UTF-8
08-May-2026 01:31:38.478 INFO [main] org.apache.catalina.core.AprLifecycleListener.lifecycleEvent Loaded Apache Tomcat Native library [2.0.14] using APR version [1.7.6].
08-May-2026 01:31:38.482 INFO [main] org.apache.catalina.core.AprLifecycleListener.initializeSSL OpenSSL successfully initialized [OpenSSL 3.5.5 27 Jan 2026]
08-May-2026 01:31:38.774 INFO [main] org.apache.coyote.AbstractProtocol.init Initializing ProtocolHandler ["http-nio-8080"]
08-May-2026 01:31:38.806 INFO [main] org.apache.catalina.startup.Catalina.load Server initialization in [625] milliseconds
08-May-2026 01:31:38.891 INFO [main] org.apache.catalina.core.StandardService.startInternal Starting service [Catalina]
08-May-2026 01:31:38.891 INFO [main] org.apache.catalina.core.StandardEngine.startInternal Starting Servlet engine: [Apache Tomcat/11.0.21]
08-May-2026 01:31:38.917 INFO [main] org.apache.catalina.startup.HostConfig.deployDescriptor Deploying deployment descriptor [C:\e-commerce\.devtomcat\Tomcat_Server_e6f0999f\conf\Catalina\localhost\e-commerce.xml]
08-May-2026 01:31:40.692 INFO [main] org.apache.jasper.servlet.TldScanner.scanJars At least one JAR was scanned for TLDs yet contained no TLDs. Enable debug logging for this logger for a complete list of JARs that were scanned but no TLDs were found in them. Skipping unneeded JARs during scanning can improve startup time and JSP compilation time.
08-May-2026 01:31:40.850 INFO [main] org.apache.catalina.startup.HostConfig.deployDescriptor Deployment of deployment descriptor [C:\e-commerce\.devtomcat\Tomcat_Server_e6f0999f\conf\Catalina\localhost\e-commerce.xml] has finished in [1,933] ms
08-May-2026 01:31:40.858 INFO [main] org.apache.coyote.AbstractProtocol.start Starting ProtocolHandler ["http-nio-8080"]
08-May-2026 01:31:40.894 INFO [main] org.apache.catalina.startup.Catalina.start Server startup in [2087] milliseconds
08-May-2026 01:32:20.132 INFO [main] org.apache.catalina.core.StandardServer.await A valid shutdown command was received via the shutdown port. Stopping the Server instance.
08-May-2026 01:32:20.133 INFO [main] org.apache.coyote.AbstractProtocol.pause Pausing ProtocolHandler ["http-nio-8080"]
08-May-2026 01:32:20.228 INFO [main] org.apache.catalina.core.StandardService.stopInternal Stopping service [Catalina]
08-May-2026 01:32:20.236 WARNING [main] org.apache.catalina.loader.WebappClassLoaderBase.clearReferencesJdbc The web application [e-commerce] registered the JDBC driver [com.mysql.cj.jdbc.Driver] but failed to unregister it when the web application was stopped. To prevent a memory leak, the JDBC Driver has been forcibly unregistered.
08-May-2026 01:32:20.237 WARNING [main] org.apache.catalina.loader.WebappClassLoaderBase.clearReferencesThreads The web application [e-commerce] appears to have started a thread named [mysql-cj-abandoned-connection-cleanup] but has failed to stop it. This is very likely to create a memory leak. Stack trace of thread:
 java.base@17.0.8/java.lang.Object.wait(Native Method)
 java.base@17.0.8/java.lang.ref.ReferenceQueue.remove(ReferenceQueue.java:155)
 com.mysql.cj.jdbc.AbandonedConnectionCleanupThread.run(AbandonedConnectionCleanupThread.java:91)
 java.base@17.0.8/java.util.concurrent.ThreadPoolExecutor.runWorker(ThreadPoolExecutor.java:1136)
 java.base@17.0.8/java.util.concurrent.ThreadPoolExecutor$Worker.run(ThreadPoolExecutor.java:635)
 java.base@17.0.8/java.lang.Thread.run(Thread.java:833)
08-May-2026 01:32:20.249 INFO [main] org.apache.coyote.AbstractProtocol.stop Stopping ProtocolHandler ["http-nio-8080"]
08-May-2026 01:32:20.261 INFO [main] org.apache.coyote.AbstractProtocol.destroy Destroying ProtocolHandler ["http-nio-8080"]
08-May-2026 01:32:20.325 INFO [mysql-cj-abandoned-connection-cleanup] org.apache.catalina.loader.WebappClassLoaderBase.checkStateForResourceLoading Illegal access: this web application instance has been stopped already. Could not load []. The following stack trace is thrown for debugging purposes as well as to attempt to terminate the thread which caused the illegal access.
	java.lang.IllegalStateException: Illegal access: this web application instance has been stopped already. Could not load []. The following stack trace is thrown for debugging purposes as well as to attempt to terminate the thread which caused the illegal access.
		at org.apache.catalina.loader.WebappClassLoaderBase.checkStateForResourceLoading(WebappClassLoaderBase.java:1244)
		at org.apache.catalina.loader.WebappClassLoaderBase.getResource(WebappClassLoaderBase.java:854)
		at com.mysql.cj.jdbc.AbandonedConnectionCleanupThread.checkThreadContextClassLoader(AbandonedConnectionCleanupThread.java:123)
		at com.mysql.cj.jdbc.AbandonedConnectionCleanupThread.run(AbandonedConnectionCleanupThread.java:90)
		at java.base/java.util.concurrent.ThreadPoolExecutor.runWorker(ThreadPoolExecutor.java:1136)
		at java.base/java.util.concurrent.ThreadPoolExecutor$Worker.run(ThreadPoolExecutor.java:635)
		at java.base/java.lang.Thread.run(Thread.java:833)
08-May-2026 01:32:25.688 INFO [main] org.apache.catalina.startup.VersionLoggerListener.log Server version name:   Apache Tomcat/11.0.21
08-May-2026 01:32:25.692 INFO [main] org.apache.catalina.startup.VersionLoggerListener.log Server built:          Mar 30 2026 14:59:44 UTC
08-May-2026 01:32:25.692 INFO [main] org.apache.catalina.startup.VersionLoggerListener.log Server version number: 11.0.21.0
08-May-2026 01:32:25.692 INFO [main] org.apache.catalina.startup.VersionLoggerListener.log OS Name:               Windows 10
08-May-2026 01:32:25.693 INFO [main] org.apache.catalina.startup.VersionLoggerListener.log OS Version:            10.0
08-May-2026 01:32:25.693 INFO [main] org.apache.catalina.startup.VersionLoggerListener.log Architecture:          amd64
08-May-2026 01:32:25.693 INFO [main] org.apache.catalina.startup.VersionLoggerListener.log Java Home:             C:\Program Files\Java\jdk-17.0.8
08-May-2026 01:32:25.693 INFO [main] org.apache.catalina.startup.VersionLoggerListener.log JVM Version:           17.0.8+9-LTS-211
08-May-2026 01:32:25.694 INFO [main] org.apache.catalina.startup.VersionLoggerListener.log JVM Vendor:            Oracle Corporation
08-May-2026 01:32:25.694 INFO [main] org.apache.catalina.startup.VersionLoggerListener.log CATALINA_BASE:         C:\e-commerce\.devtomcat\Tomcat_Server_e6f0999f
08-May-2026 01:32:25.695 INFO [main] org.apache.catalina.startup.VersionLoggerListener.log CATALINA_HOME:         E:\apache-tomcat-11.0.21
08-May-2026 01:32:25.697 INFO [main] org.apache.catalina.startup.VersionLoggerListener.log Command line argument: -Dcom.sun.management.jmxremote
08-May-2026 01:32:25.698 INFO [main] org.apache.catalina.startup.VersionLoggerListener.log Command line argument: -Dcom.sun.management.jmxremote.port=1099
08-May-2026 01:32:25.698 INFO [main] org.apache.catalina.startup.VersionLoggerListener.log Command line argument: -Dcom.sun.management.jmxremote.ssl=false
08-May-2026 01:32:25.698 INFO [main] org.apache.catalina.startup.VersionLoggerListener.log Command line argument: -Dcom.sun.management.jmxremote.authenticate=false
08-May-2026 01:32:25.698 INFO [main] org.apache.catalina.startup.VersionLoggerListener.log Command line argument: -Dcom.sun.management.jmxremote.local.only=false
08-May-2026 01:32:25.698 INFO [main] org.apache.catalina.startup.VersionLoggerListener.log Command line argument: --add-opens=java.base/java.lang=ALL-UNNAMED
08-May-2026 01:32:25.699 INFO [main] org.apache.catalina.startup.VersionLoggerListener.log Command line argument: --add-opens=java.base/java.io=ALL-UNNAMED
08-May-2026 01:32:25.699 INFO [main] org.apache.catalina.startup.VersionLoggerListener.log Command line argument: --add-opens=java.base/java.util=ALL-UNNAMED
08-May-2026 01:32:25.699 INFO [main] org.apache.catalina.startup.VersionLoggerListener.log Command line argument: --add-opens=java.base/java.util.concurrent=ALL-UNNAMED
08-May-2026 01:32:25.699 INFO [main] org.apache.catalina.startup.VersionLoggerListener.log Command line argument: --add-opens=java.rmi/sun.rmi.transport=ALL-UNNAMED
08-May-2026 01:32:25.700 INFO [main] org.apache.catalina.startup.VersionLoggerListener.log Command line argument: -Dcatalina.home=E:\apache-tomcat-11.0.21
08-May-2026 01:32:25.700 INFO [main] org.apache.catalina.startup.VersionLoggerListener.log Command line argument: -Dcatalina.base=C:\e-commerce\.devtomcat\Tomcat_Server_e6f0999f
08-May-2026 01:32:25.700 INFO [main] org.apache.catalina.startup.VersionLoggerListener.log Command line argument: -Djava.io.tmpdir=C:\e-commerce\.devtomcat\Tomcat_Server_e6f0999f\temp
08-May-2026 01:32:25.700 INFO [main] org.apache.catalina.startup.VersionLoggerListener.log Command line argument: -Djava.util.logging.config.file=C:\e-commerce\.devtomcat\Tomcat_Server_e6f0999f\conf\logging.properties
08-May-2026 01:32:25.701 INFO [main] org.apache.catalina.startup.VersionLoggerListener.log Command line argument: -Djava.util.logging.manager=org.apache.juli.ClassLoaderLogManager
08-May-2026 01:32:25.701 INFO [main] org.apache.catalina.startup.VersionLoggerListener.log Command line argument: -Dserver.port=8080
08-May-2026 01:32:25.701 INFO [main] org.apache.catalina.startup.VersionLoggerListener.log Command line argument: -Dserver.shutdown.port=8005
08-May-2026 01:32:25.701 INFO [main] org.apache.catalina.startup.VersionLoggerListener.log Command line argument: -javaagent:C:\Program Files\JetBrains\IntelliJ IDEA 2025.3.1.1\lib\idea_rt.jar=53984
08-May-2026 01:32:25.702 INFO [main] org.apache.catalina.startup.VersionLoggerListener.log Command line argument: -Dfile.encoding=UTF-8
08-May-2026 01:32:25.705 INFO [main] org.apache.catalina.core.AprLifecycleListener.lifecycleEvent Loaded Apache Tomcat Native library [2.0.14] using APR version [1.7.6].
08-May-2026 01:32:25.711 INFO [main] org.apache.catalina.core.AprLifecycleListener.initializeSSL OpenSSL successfully initialized [OpenSSL 3.5.5 27 Jan 2026]
08-May-2026 01:32:25.959 INFO [main] org.apache.coyote.AbstractProtocol.init Initializing ProtocolHandler ["http-nio-8080"]
08-May-2026 01:32:25.990 INFO [main] org.apache.catalina.startup.Catalina.load Server initialization in [556] milliseconds
08-May-2026 01:32:26.070 INFO [main] org.apache.catalina.core.StandardService.startInternal Starting service [Catalina]
08-May-2026 01:32:26.070 INFO [main] org.apache.catalina.core.StandardEngine.startInternal Starting Servlet engine: [Apache Tomcat/11.0.21]
08-May-2026 01:32:26.092 INFO [main] org.apache.catalina.startup.HostConfig.deployDescriptor Deploying deployment descriptor [C:\e-commerce\.devtomcat\Tomcat_Server_e6f0999f\conf\Catalina\localhost\e-commerce.xml]
08-May-2026 01:32:27.427 INFO [main] org.apache.jasper.servlet.TldScanner.scanJars At least one JAR was scanned for TLDs yet contained no TLDs. Enable debug logging for this logger for a complete list of JARs that were scanned but no TLDs were found in them. Skipping unneeded JARs during scanning can improve startup time and JSP compilation time.
08-May-2026 01:32:27.576 INFO [main] org.apache.catalina.startup.HostConfig.deployDescriptor Deployment of deployment descriptor [C:\e-commerce\.devtomcat\Tomcat_Server_e6f0999f\conf\Catalina\localhost\e-commerce.xml] has finished in [1,483] ms
08-May-2026 01:32:27.583 INFO [main] org.apache.coyote.AbstractProtocol.start Starting ProtocolHandler ["http-nio-8080"]
08-May-2026 01:32:27.614 INFO [main] org.apache.catalina.startup.Catalina.start Server startup in [1623] milliseconds
08-May-2026 01:33:07.033 INFO [main] org.apache.catalina.core.StandardServer.await A valid shutdown command was received via the shutdown port. Stopping the Server instance.
08-May-2026 01:33:07.034 INFO [main] org.apache.coyote.AbstractProtocol.pause Pausing ProtocolHandler ["http-nio-8080"]
08-May-2026 01:33:07.117 INFO [main] org.apache.catalina.core.StandardService.stopInternal Stopping service [Catalina]
08-May-2026 01:33:07.130 WARNING [main] org.apache.catalina.loader.WebappClassLoaderBase.clearReferencesJdbc The web application [e-commerce] registered the JDBC driver [com.mysql.cj.jdbc.Driver] but failed to unregister it when the web application was stopped. To prevent a memory leak, the JDBC Driver has been forcibly unregistered.
08-May-2026 01:33:07.132 WARNING [main] org.apache.catalina.loader.WebappClassLoaderBase.clearReferencesThreads The web application [e-commerce] appears to have started a thread named [mysql-cj-abandoned-connection-cleanup] but has failed to stop it. This is very likely to create a memory leak. Stack trace of thread:
 java.base@17.0.8/java.lang.Object.wait(Native Method)
 java.base@17.0.8/java.lang.ref.ReferenceQueue.remove(ReferenceQueue.java:155)
 com.mysql.cj.jdbc.AbandonedConnectionCleanupThread.run(AbandonedConnectionCleanupThread.java:91)
 java.base@17.0.8/java.util.concurrent.ThreadPoolExecutor.runWorker(ThreadPoolExecutor.java:1136)
 java.base@17.0.8/java.util.concurrent.ThreadPoolExecutor$Worker.run(ThreadPoolExecutor.java:635)
 java.base@17.0.8/java.lang.Thread.run(Thread.java:833)
08-May-2026 01:33:07.144 INFO [main] org.apache.coyote.AbstractProtocol.stop Stopping ProtocolHandler ["http-nio-8080"]
08-May-2026 01:33:07.160 INFO [main] org.apache.coyote.AbstractProtocol.destroy Destroying ProtocolHandler ["http-nio-8080"]
08-May-2026 01:33:07.244 INFO [mysql-cj-abandoned-connection-cleanup] org.apache.catalina.loader.WebappClassLoaderBase.checkStateForResourceLoading Illegal access: this web application instance has been stopped already. Could not load []. The following stack trace is thrown for debugging purposes as well as to attempt to terminate the thread which caused the illegal access.
	java.lang.IllegalStateException: Illegal access: this web application instance has been stopped already. Could not load []. The following stack trace is thrown for debugging purposes as well as to attempt to terminate the thread which caused the illegal access.
		at org.apache.catalina.loader.WebappClassLoaderBase.checkStateForResourceLoading(WebappClassLoaderBase.java:1244)
		at org.apache.catalina.loader.WebappClassLoaderBase.getResource(WebappClassLoaderBase.java:854)
		at com.mysql.cj.jdbc.AbandonedConnectionCleanupThread.checkThreadContextClassLoader(AbandonedConnectionCleanupThread.java:123)
		at com.mysql.cj.jdbc.AbandonedConnectionCleanupThread.run(AbandonedConnectionCleanupThread.java:90)
		at java.base/java.util.concurrent.ThreadPoolExecutor.runWorker(ThreadPoolExecutor.java:1136)
		at java.base/java.util.concurrent.ThreadPoolExecutor$Worker.run(ThreadPoolExecutor.java:635)
		at java.base/java.lang.Thread.run(Thread.java:833)
08-May-2026 14:25:36.493 INFO [main] org.apache.catalina.startup.VersionLoggerListener.log Server version name:   Apache Tomcat/11.0.21
08-May-2026 14:25:36.496 INFO [main] org.apache.catalina.startup.VersionLoggerListener.log Server built:          Mar 30 2026 14:59:44 UTC
08-May-2026 14:25:36.496 INFO [main] org.apache.catalina.startup.VersionLoggerListener.log Server version number: 11.0.21.0
08-May-2026 14:25:36.496 INFO [main] org.apache.catalina.startup.VersionLoggerListener.log OS Name:               Windows 10
08-May-2026 14:25:36.497 INFO [main] org.apache.catalina.startup.VersionLoggerListener.log OS Version:            10.0
08-May-2026 14:25:36.497 INFO [main] org.apache.catalina.startup.VersionLoggerListener.log Architecture:          amd64
08-May-2026 14:25:36.497 INFO [main] org.apache.catalina.startup.VersionLoggerListener.log Java Home:             C:\Program Files\Java\jdk-17.0.8
08-May-2026 14:25:36.497 INFO [main] org.apache.catalina.startup.VersionLoggerListener.log JVM Version:           17.0.8+9-LTS-211
08-May-2026 14:25:36.498 INFO [main] org.apache.catalina.startup.VersionLoggerListener.log JVM Vendor:            Oracle Corporation
08-May-2026 14:25:36.498 INFO [main] org.apache.catalina.startup.VersionLoggerListener.log CATALINA_BASE:         C:\e-commerce\.devtomcat\Tomcat_Server_e6f0999f
08-May-2026 14:25:36.498 INFO [main] org.apache.catalina.startup.VersionLoggerListener.log CATALINA_HOME:         E:\apache-tomcat-11.0.21
08-May-2026 14:25:36.502 INFO [main] org.apache.catalina.startup.VersionLoggerListener.log Command line argument: -Dcom.sun.management.jmxremote
08-May-2026 14:25:36.502 INFO [main] org.apache.catalina.startup.VersionLoggerListener.log Command line argument: -Dcom.sun.management.jmxremote.port=1099
08-May-2026 14:25:36.502 INFO [main] org.apache.catalina.startup.VersionLoggerListener.log Command line argument: -Dcom.sun.management.jmxremote.ssl=false
08-May-2026 14:25:36.502 INFO [main] org.apache.catalina.startup.VersionLoggerListener.log Command line argument: -Dcom.sun.management.jmxremote.authenticate=false
08-May-2026 14:25:36.503 INFO [main] org.apache.catalina.startup.VersionLoggerListener.log Command line argument: -Dcom.sun.management.jmxremote.local.only=false
08-May-2026 14:25:36.503 INFO [main] org.apache.catalina.startup.VersionLoggerListener.log Command line argument: --add-opens=java.base/java.lang=ALL-UNNAMED
08-May-2026 14:25:36.503 INFO [main] org.apache.catalina.startup.VersionLoggerListener.log Command line argument: --add-opens=java.base/java.io=ALL-UNNAMED
08-May-2026 14:25:36.503 INFO [main] org.apache.catalina.startup.VersionLoggerListener.log Command line argument: --add-opens=java.base/java.util=ALL-UNNAMED
08-May-2026 14:25:36.503 INFO [main] org.apache.catalina.startup.VersionLoggerListener.log Command line argument: --add-opens=java.base/java.util.concurrent=ALL-UNNAMED
08-May-2026 14:25:36.503 INFO [main] org.apache.catalina.startup.VersionLoggerListener.log Command line argument: --add-opens=java.rmi/sun.rmi.transport=ALL-UNNAMED
08-May-2026 14:25:36.503 INFO [main] org.apache.catalina.startup.VersionLoggerListener.log Command line argument: -Dcatalina.home=E:\apache-tomcat-11.0.21
08-May-2026 14:25:36.504 INFO [main] org.apache.catalina.startup.VersionLoggerListener.log Command line argument: -Dcatalina.base=C:\e-commerce\.devtomcat\Tomcat_Server_e6f0999f
08-May-2026 14:25:36.504 INFO [main] org.apache.catalina.startup.VersionLoggerListener.log Command line argument: -Djava.io.tmpdir=C:\e-commerce\.devtomcat\Tomcat_Server_e6f0999f\temp
08-May-2026 14:25:36.504 INFO [main] org.apache.catalina.startup.VersionLoggerListener.log Command line argument: -Djava.util.logging.config.file=C:\e-commerce\.devtomcat\Tomcat_Server_e6f0999f\conf\logging.properties
08-May-2026 14:25:36.504 INFO [main] org.apache.catalina.startup.VersionLoggerListener.log Command line argument: -Djava.util.logging.manager=org.apache.juli.ClassLoaderLogManager
08-May-2026 14:25:36.504 INFO [main] org.apache.catalina.startup.VersionLoggerListener.log Command line argument: -Dserver.port=8080
08-May-2026 14:25:36.504 INFO [main] org.apache.catalina.startup.VersionLoggerListener.log Command line argument: -Dserver.shutdown.port=8005
08-May-2026 14:25:36.505 INFO [main] org.apache.catalina.startup.VersionLoggerListener.log Command line argument: -javaagent:C:\Program Files\JetBrains\IntelliJ IDEA 2025.3.1.1\lib\idea_rt.jar=61825
08-May-2026 14:25:36.505 INFO [main] org.apache.catalina.startup.VersionLoggerListener.log Command line argument: -Dfile.encoding=UTF-8
08-May-2026 14:25:36.561 INFO [main] org.apache.catalina.core.AprLifecycleListener.lifecycleEvent Loaded Apache Tomcat Native library [2.0.14] using APR version [1.7.6].
08-May-2026 14:25:36.590 INFO [main] org.apache.catalina.core.AprLifecycleListener.initializeSSL OpenSSL successfully initialized [OpenSSL 3.5.5 27 Jan 2026]
08-May-2026 14:25:36.848 INFO [main] org.apache.coyote.AbstractProtocol.init Initializing ProtocolHandler ["http-nio-8080"]
08-May-2026 14:25:36.877 INFO [main] org.apache.catalina.startup.Catalina.load Server initialization in [762] milliseconds
08-May-2026 14:25:36.950 INFO [main] org.apache.catalina.core.StandardService.startInternal Starting service [Catalina]
08-May-2026 14:25:36.950 INFO [main] org.apache.catalina.core.StandardEngine.startInternal Starting Servlet engine: [Apache Tomcat/11.0.21]
08-May-2026 14:25:36.963 INFO [main] org.apache.catalina.startup.HostConfig.deployDescriptor Deploying deployment descriptor [C:\e-commerce\.devtomcat\Tomcat_Server_e6f0999f\conf\Catalina\localhost\e-commerce.xml]
08-May-2026 14:25:38.233 INFO [main] org.apache.jasper.servlet.TldScanner.scanJars At least one JAR was scanned for TLDs yet contained no TLDs. Enable debug logging for this logger for a complete list of JARs that were scanned but no TLDs were found in them. Skipping unneeded JARs during scanning can improve startup time and JSP compilation time.
08-May-2026 14:25:38.384 INFO [main] org.apache.catalina.startup.HostConfig.deployDescriptor Deployment of deployment descriptor [C:\e-commerce\.devtomcat\Tomcat_Server_e6f0999f\conf\Catalina\localhost\e-commerce.xml] has finished in [1,420] ms
08-May-2026 14:25:38.391 INFO [main] org.apache.coyote.AbstractProtocol.start Starting ProtocolHandler ["http-nio-8080"]
08-May-2026 14:25:38.417 INFO [main] org.apache.catalina.startup.Catalina.start Server startup in [1539] milliseconds
08-May-2026 14:52:23.142 INFO [main] org.apache.catalina.core.StandardServer.await A valid shutdown command was received via the shutdown port. Stopping the Server instance.
08-May-2026 14:52:23.143 INFO [main] org.apache.coyote.AbstractProtocol.pause Pausing ProtocolHandler ["http-nio-8080"]
08-May-2026 14:52:23.217 INFO [main] org.apache.catalina.core.StandardService.stopInternal Stopping service [Catalina]
08-May-2026 14:52:23.226 WARNING [main] org.apache.catalina.loader.WebappClassLoaderBase.clearReferencesJdbc The web application [e-commerce] registered the JDBC driver [com.mysql.cj.jdbc.Driver] but failed to unregister it when the web application was stopped. To prevent a memory leak, the JDBC Driver has been forcibly unregistered.
08-May-2026 14:52:23.228 WARNING [main] org.apache.catalina.loader.WebappClassLoaderBase.clearReferencesThreads The web application [e-commerce] appears to have started a thread named [mysql-cj-abandoned-connection-cleanup] but has failed to stop it. This is very likely to create a memory leak. Stack trace of thread:
 java.base@17.0.8/java.lang.Object.wait(Native Method)
 java.base@17.0.8/java.lang.ref.ReferenceQueue.remove(ReferenceQueue.java:155)
 com.mysql.cj.jdbc.AbandonedConnectionCleanupThread.run(AbandonedConnectionCleanupThread.java:91)
 java.base@17.0.8/java.util.concurrent.ThreadPoolExecutor.runWorker(ThreadPoolExecutor.java:1136)
 java.base@17.0.8/java.util.concurrent.ThreadPoolExecutor$Worker.run(ThreadPoolExecutor.java:635)
 java.base@17.0.8/java.lang.Thread.run(Thread.java:833)
08-May-2026 14:52:23.235 INFO [main] org.apache.coyote.AbstractProtocol.stop Stopping ProtocolHandler ["http-nio-8080"]
08-May-2026 14:52:23.250 INFO [main] org.apache.coyote.AbstractProtocol.destroy Destroying ProtocolHandler ["http-nio-8080"]
08-May-2026 14:52:23.283 INFO [mysql-cj-abandoned-connection-cleanup] org.apache.catalina.loader.WebappClassLoaderBase.checkStateForResourceLoading Illegal access: this web application instance has been stopped already. Could not load []. The following stack trace is thrown for debugging purposes as well as to attempt to terminate the thread which caused the illegal access.
	java.lang.IllegalStateException: Illegal access: this web application instance has been stopped already. Could not load []. The following stack trace is thrown for debugging purposes as well as to attempt to terminate the thread which caused the illegal access.
		at org.apache.catalina.loader.WebappClassLoaderBase.checkStateForResourceLoading(WebappClassLoaderBase.java:1244)
		at org.apache.catalina.loader.WebappClassLoaderBase.getResource(WebappClassLoaderBase.java:854)
		at com.mysql.cj.jdbc.AbandonedConnectionCleanupThread.checkThreadContextClassLoader(AbandonedConnectionCleanupThread.java:123)
		at com.mysql.cj.jdbc.AbandonedConnectionCleanupThread.run(AbandonedConnectionCleanupThread.java:90)
		at java.base/java.util.concurrent.ThreadPoolExecutor.runWorker(ThreadPoolExecutor.java:1136)
		at java.base/java.util.concurrent.ThreadPoolExecutor$Worker.run(ThreadPoolExecutor.java:635)
		at java.base/java.lang.Thread.run(Thread.java:833)
08-May-2026 14:52:23.284 INFO [mysql-cj-abandoned-connection-cleanup] org.apache.catalina.loader.WebappClassLoaderBase.checkStateForResourceLoading Illegal access: this web application instance has been stopped already. Could not load []. The following stack trace is thrown for debugging purposes as well as to attempt to terminate the thread which caused the illegal access.
	java.lang.IllegalStateException: Illegal access: this web application instance has been stopped already. Could not load []. The following stack trace is thrown for debugging purposes as well as to attempt to terminate the thread which caused the illegal access.
		at org.apache.catalina.loader.WebappClassLoaderBase.checkStateForResourceLoading(WebappClassLoaderBase.java:1244)
		at org.apache.catalina.loader.WebappClassLoaderBase.getResource(WebappClassLoaderBase.java:854)
		at com.mysql.cj.jdbc.AbandonedConnectionCleanupThread.checkThreadContextClassLoader(AbandonedConnectionCleanupThread.java:123)
		at com.mysql.cj.jdbc.AbandonedConnectionCleanupThread.run(AbandonedConnectionCleanupThread.java:90)
		at java.base/java.util.concurrent.ThreadPoolExecutor.runWorker(ThreadPoolExecutor.java:1136)
		at java.base/java.util.concurrent.ThreadPoolExecutor$Worker.run(ThreadPoolExecutor.java:635)
		at java.base/java.lang.Thread.run(Thread.java:833)
08-May-2026 14:52:23.284 INFO [mysql-cj-abandoned-connection-cleanup] org.apache.catalina.loader.WebappClassLoaderBase.checkStateForResourceLoading Illegal access: this web application instance has been stopped already. Could not load []. The following stack trace is thrown for debugging purposes as well as to attempt to terminate the thread which caused the illegal access.
	java.lang.IllegalStateException: Illegal access: this web application instance has been stopped already. Could not load []. The following stack trace is thrown for debugging purposes as well as to attempt to terminate the thread which caused the illegal access.
		at org.apache.catalina.loader.WebappClassLoaderBase.checkStateForResourceLoading(WebappClassLoaderBase.java:1244)
		at org.apache.catalina.loader.WebappClassLoaderBase.getResource(WebappClassLoaderBase.java:854)
		at com.mysql.cj.jdbc.AbandonedConnectionCleanupThread.checkThreadContextClassLoader(AbandonedConnectionCleanupThread.java:123)
		at com.mysql.cj.jdbc.AbandonedConnectionCleanupThread.run(AbandonedConnectionCleanupThread.java:90)
		at java.base/java.util.concurrent.ThreadPoolExecutor.runWorker(ThreadPoolExecutor.java:1136)
		at java.base/java.util.concurrent.ThreadPoolExecutor$Worker.run(ThreadPoolExecutor.java:635)
		at java.base/java.lang.Thread.run(Thread.java:833)
08-May-2026 14:52:28.609 INFO [main] org.apache.catalina.startup.VersionLoggerListener.log Server version name:   Apache Tomcat/11.0.21
08-May-2026 14:52:28.613 INFO [main] org.apache.catalina.startup.VersionLoggerListener.log Server built:          Mar 30 2026 14:59:44 UTC
08-May-2026 14:52:28.613 INFO [main] org.apache.catalina.startup.VersionLoggerListener.log Server version number: 11.0.21.0
08-May-2026 14:52:28.614 INFO [main] org.apache.catalina.startup.VersionLoggerListener.log OS Name:               Windows 10
08-May-2026 14:52:28.614 INFO [main] org.apache.catalina.startup.VersionLoggerListener.log OS Version:            10.0
08-May-2026 14:52:28.614 INFO [main] org.apache.catalina.startup.VersionLoggerListener.log Architecture:          amd64
08-May-2026 14:52:28.614 INFO [main] org.apache.catalina.startup.VersionLoggerListener.log Java Home:             C:\Program Files\Java\jdk-17.0.8
08-May-2026 14:52:28.614 INFO [main] org.apache.catalina.startup.VersionLoggerListener.log JVM Version:           17.0.8+9-LTS-211
08-May-2026 14:52:28.615 INFO [main] org.apache.catalina.startup.VersionLoggerListener.log JVM Vendor:            Oracle Corporation
08-May-2026 14:52:28.615 INFO [main] org.apache.catalina.startup.VersionLoggerListener.log CATALINA_BASE:         C:\e-commerce\.devtomcat\Tomcat_Server_e6f0999f
08-May-2026 14:52:28.615 INFO [main] org.apache.catalina.startup.VersionLoggerListener.log CATALINA_HOME:         E:\apache-tomcat-11.0.21
08-May-2026 14:52:28.617 INFO [main] org.apache.catalina.startup.VersionLoggerListener.log Command line argument: -Dcom.sun.management.jmxremote
08-May-2026 14:52:28.617 INFO [main] org.apache.catalina.startup.VersionLoggerListener.log Command line argument: -Dcom.sun.management.jmxremote.port=1099
08-May-2026 14:52:28.618 INFO [main] org.apache.catalina.startup.VersionLoggerListener.log Command line argument: -Dcom.sun.management.jmxremote.ssl=false
08-May-2026 14:52:28.618 INFO [main] org.apache.catalina.startup.VersionLoggerListener.log Command line argument: -Dcom.sun.management.jmxremote.authenticate=false
08-May-2026 14:52:28.618 INFO [main] org.apache.catalina.startup.VersionLoggerListener.log Command line argument: -Dcom.sun.management.jmxremote.local.only=false
08-May-2026 14:52:28.618 INFO [main] org.apache.catalina.startup.VersionLoggerListener.log Command line argument: --add-opens=java.base/java.lang=ALL-UNNAMED
08-May-2026 14:52:28.618 INFO [main] org.apache.catalina.startup.VersionLoggerListener.log Command line argument: --add-opens=java.base/java.io=ALL-UNNAMED
08-May-2026 14:52:28.619 INFO [main] org.apache.catalina.startup.VersionLoggerListener.log Command line argument: --add-opens=java.base/java.util=ALL-UNNAMED
08-May-2026 14:52:28.619 INFO [main] org.apache.catalina.startup.VersionLoggerListener.log Command line argument: --add-opens=java.base/java.util.concurrent=ALL-UNNAMED
08-May-2026 14:52:28.619 INFO [main] org.apache.catalina.startup.VersionLoggerListener.log Command line argument: --add-opens=java.rmi/sun.rmi.transport=ALL-UNNAMED
08-May-2026 14:52:28.619 INFO [main] org.apache.catalina.startup.VersionLoggerListener.log Command line argument: -Dcatalina.home=E:\apache-tomcat-11.0.21
08-May-2026 14:52:28.619 INFO [main] org.apache.catalina.startup.VersionLoggerListener.log Command line argument: -Dcatalina.base=C:\e-commerce\.devtomcat\Tomcat_Server_e6f0999f
08-May-2026 14:52:28.619 INFO [main] org.apache.catalina.startup.VersionLoggerListener.log Command line argument: -Djava.io.tmpdir=C:\e-commerce\.devtomcat\Tomcat_Server_e6f0999f\temp
08-May-2026 14:52:28.620 INFO [main] org.apache.catalina.startup.VersionLoggerListener.log Command line argument: -Djava.util.logging.config.file=C:\e-commerce\.devtomcat\Tomcat_Server_e6f0999f\conf\logging.properties
08-May-2026 14:52:28.620 INFO [main] org.apache.catalina.startup.VersionLoggerListener.log Command line argument: -Djava.util.logging.manager=org.apache.juli.ClassLoaderLogManager
08-May-2026 14:52:28.620 INFO [main] org.apache.catalina.startup.VersionLoggerListener.log Command line argument: -Dserver.port=8080
08-May-2026 14:52:28.620 INFO [main] org.apache.catalina.startup.VersionLoggerListener.log Command line argument: -Dserver.shutdown.port=8005
08-May-2026 14:52:28.620 INFO [main] org.apache.catalina.startup.VersionLoggerListener.log Command line argument: -javaagent:C:\Program Files\JetBrains\IntelliJ IDEA 2025.3.1.1\lib\idea_rt.jar=62478
08-May-2026 14:52:28.621 INFO [main] org.apache.catalina.startup.VersionLoggerListener.log Command line argument: -Dfile.encoding=UTF-8
08-May-2026 14:52:28.624 INFO [main] org.apache.catalina.core.AprLifecycleListener.lifecycleEvent Loaded Apache Tomcat Native library [2.0.14] using APR version [1.7.6].
08-May-2026 14:52:28.629 INFO [main] org.apache.catalina.core.AprLifecycleListener.initializeSSL OpenSSL successfully initialized [OpenSSL 3.5.5 27 Jan 2026]
08-May-2026 14:52:28.949 INFO [main] org.apache.coyote.AbstractProtocol.init Initializing ProtocolHandler ["http-nio-8080"]
08-May-2026 14:52:28.980 INFO [main] org.apache.catalina.startup.Catalina.load Server initialization in [632] milliseconds
08-May-2026 14:52:29.094 INFO [main] org.apache.catalina.core.StandardService.startInternal Starting service [Catalina]
08-May-2026 14:52:29.094 INFO [main] org.apache.catalina.core.StandardEngine.startInternal Starting Servlet engine: [Apache Tomcat/11.0.21]
08-May-2026 14:52:29.120 INFO [main] org.apache.catalina.startup.HostConfig.deployDescriptor Deploying deployment descriptor [C:\e-commerce\.devtomcat\Tomcat_Server_e6f0999f\conf\Catalina\localhost\e-commerce.xml]
08-May-2026 14:52:31.036 INFO [main] org.apache.jasper.servlet.TldScanner.scanJars At least one JAR was scanned for TLDs yet contained no TLDs. Enable debug logging for this logger for a complete list of JARs that were scanned but no TLDs were found in them. Skipping unneeded JARs during scanning can improve startup time and JSP compilation time.
08-May-2026 14:52:31.189 WARNING [main] org.apache.catalina.util.SessionIdGeneratorBase.createSecureRandom Creation of SecureRandom instance for session ID generation using [SHA1PRNG] took [105] milliseconds.
08-May-2026 14:52:31.226 INFO [main] org.apache.catalina.startup.HostConfig.deployDescriptor Deployment of deployment descriptor [C:\e-commerce\.devtomcat\Tomcat_Server_e6f0999f\conf\Catalina\localhost\e-commerce.xml] has finished in [2,105] ms
08-May-2026 14:52:31.232 INFO [main] org.apache.coyote.AbstractProtocol.start Starting ProtocolHandler ["http-nio-8080"]
08-May-2026 14:52:31.264 INFO [main] org.apache.catalina.startup.Catalina.start Server startup in [2283] milliseconds
08-May-2026 15:02:44.648 INFO [main] org.apache.catalina.core.StandardServer.await A valid shutdown command was received via the shutdown port. Stopping the Server instance.
08-May-2026 15:02:44.649 INFO [main] org.apache.coyote.AbstractProtocol.pause Pausing ProtocolHandler ["http-nio-8080"]
08-May-2026 15:02:44.714 INFO [main] org.apache.catalina.core.StandardService.stopInternal Stopping service [Catalina]
08-May-2026 15:02:44.720 WARNING [main] org.apache.catalina.loader.WebappClassLoaderBase.clearReferencesJdbc The web application [e-commerce] registered the JDBC driver [com.mysql.cj.jdbc.Driver] but failed to unregister it when the web application was stopped. To prevent a memory leak, the JDBC Driver has been forcibly unregistered.
08-May-2026 15:02:44.722 WARNING [main] org.apache.catalina.loader.WebappClassLoaderBase.clearReferencesThreads The web application [e-commerce] appears to have started a thread named [mysql-cj-abandoned-connection-cleanup] but has failed to stop it. This is very likely to create a memory leak. Stack trace of thread:
 java.base@17.0.8/java.lang.Object.wait(Native Method)
 java.base@17.0.8/java.lang.ref.ReferenceQueue.remove(ReferenceQueue.java:155)
 com.mysql.cj.jdbc.AbandonedConnectionCleanupThread.run(AbandonedConnectionCleanupThread.java:91)
 java.base@17.0.8/java.util.concurrent.ThreadPoolExecutor.runWorker(ThreadPoolExecutor.java:1136)
 java.base@17.0.8/java.util.concurrent.ThreadPoolExecutor$Worker.run(ThreadPoolExecutor.java:635)
 java.base@17.0.8/java.lang.Thread.run(Thread.java:833)
08-May-2026 15:02:44.727 INFO [main] org.apache.coyote.AbstractProtocol.stop Stopping ProtocolHandler ["http-nio-8080"]
08-May-2026 15:02:44.742 INFO [main] org.apache.coyote.AbstractProtocol.destroy Destroying ProtocolHandler ["http-nio-8080"]
08-May-2026 15:02:49.601 INFO [main] org.apache.catalina.startup.VersionLoggerListener.log Server version name:   Apache Tomcat/11.0.21
08-May-2026 15:02:49.604 INFO [main] org.apache.catalina.startup.VersionLoggerListener.log Server built:          Mar 30 2026 14:59:44 UTC
08-May-2026 15:02:49.605 INFO [main] org.apache.catalina.startup.VersionLoggerListener.log Server version number: 11.0.21.0
08-May-2026 15:02:49.605 INFO [main] org.apache.catalina.startup.VersionLoggerListener.log OS Name:               Windows 10
08-May-2026 15:02:49.605 INFO [main] org.apache.catalina.startup.VersionLoggerListener.log OS Version:            10.0
08-May-2026 15:02:49.605 INFO [main] org.apache.catalina.startup.VersionLoggerListener.log Architecture:          amd64
08-May-2026 15:02:49.606 INFO [main] org.apache.catalina.startup.VersionLoggerListener.log Java Home:             C:\Program Files\Java\jdk-17.0.8
08-May-2026 15:02:49.606 INFO [main] org.apache.catalina.startup.VersionLoggerListener.log JVM Version:           17.0.8+9-LTS-211
08-May-2026 15:02:49.606 INFO [main] org.apache.catalina.startup.VersionLoggerListener.log JVM Vendor:            Oracle Corporation
08-May-2026 15:02:49.606 INFO [main] org.apache.catalina.startup.VersionLoggerListener.log CATALINA_BASE:         C:\e-commerce\.devtomcat\Tomcat_Server_e6f0999f
08-May-2026 15:02:49.606 INFO [main] org.apache.catalina.startup.VersionLoggerListener.log CATALINA_HOME:         E:\apache-tomcat-11.0.21
08-May-2026 15:02:49.609 INFO [main] org.apache.catalina.startup.VersionLoggerListener.log Command line argument: -Dcom.sun.management.jmxremote
08-May-2026 15:02:49.610 INFO [main] org.apache.catalina.startup.VersionLoggerListener.log Command line argument: -Dcom.sun.management.jmxremote.port=1099
08-May-2026 15:02:49.610 INFO [main] org.apache.catalina.startup.VersionLoggerListener.log Command line argument: -Dcom.sun.management.jmxremote.ssl=false
08-May-2026 15:02:49.610 INFO [main] org.apache.catalina.startup.VersionLoggerListener.log Command line argument: -Dcom.sun.management.jmxremote.authenticate=false
08-May-2026 15:02:49.611 INFO [main] org.apache.catalina.startup.VersionLoggerListener.log Command line argument: -Dcom.sun.management.jmxremote.local.only=false
08-May-2026 15:02:49.611 INFO [main] org.apache.catalina.startup.VersionLoggerListener.log Command line argument: --add-opens=java.base/java.lang=ALL-UNNAMED
08-May-2026 15:02:49.611 INFO [main] org.apache.catalina.startup.VersionLoggerListener.log Command line argument: --add-opens=java.base/java.io=ALL-UNNAMED
08-May-2026 15:02:49.611 INFO [main] org.apache.catalina.startup.VersionLoggerListener.log Command line argument: --add-opens=java.base/java.util=ALL-UNNAMED
08-May-2026 15:02:49.611 INFO [main] org.apache.catalina.startup.VersionLoggerListener.log Command line argument: --add-opens=java.base/java.util.concurrent=ALL-UNNAMED
08-May-2026 15:02:49.612 INFO [main] org.apache.catalina.startup.VersionLoggerListener.log Command line argument: --add-opens=java.rmi/sun.rmi.transport=ALL-UNNAMED
08-May-2026 15:02:49.612 INFO [main] org.apache.catalina.startup.VersionLoggerListener.log Command line argument: -Dcatalina.home=E:\apache-tomcat-11.0.21
08-May-2026 15:02:49.612 INFO [main] org.apache.catalina.startup.VersionLoggerListener.log Command line argument: -Dcatalina.base=C:\e-commerce\.devtomcat\Tomcat_Server_e6f0999f
08-May-2026 15:02:49.612 INFO [main] org.apache.catalina.startup.VersionLoggerListener.log Command line argument: -Djava.io.tmpdir=C:\e-commerce\.devtomcat\Tomcat_Server_e6f0999f\temp
08-May-2026 15:02:49.613 INFO [main] org.apache.catalina.startup.VersionLoggerListener.log Command line argument: -Djava.util.logging.config.file=C:\e-commerce\.devtomcat\Tomcat_Server_e6f0999f\conf\logging.properties
08-May-2026 15:02:49.613 INFO [main] org.apache.catalina.startup.VersionLoggerListener.log Command line argument: -Djava.util.logging.manager=org.apache.juli.ClassLoaderLogManager
08-May-2026 15:02:49.613 INFO [main] org.apache.catalina.startup.VersionLoggerListener.log Command line argument: -Dserver.port=8080
08-May-2026 15:02:49.613 INFO [main] org.apache.catalina.startup.VersionLoggerListener.log Command line argument: -Dserver.shutdown.port=8005
08-May-2026 15:02:49.614 INFO [main] org.apache.catalina.startup.VersionLoggerListener.log Command line argument: -javaagent:C:\Program Files\JetBrains\IntelliJ IDEA 2025.3.1.1\lib\idea_rt.jar=51930
08-May-2026 15:02:49.614 INFO [main] org.apache.catalina.startup.VersionLoggerListener.log Command line argument: -Dfile.encoding=UTF-8
08-May-2026 15:02:49.617 INFO [main] org.apache.catalina.core.AprLifecycleListener.lifecycleEvent Loaded Apache Tomcat Native library [2.0.14] using APR version [1.7.6].
08-May-2026 15:02:49.623 INFO [main] org.apache.catalina.core.AprLifecycleListener.initializeSSL OpenSSL successfully initialized [OpenSSL 3.5.5 27 Jan 2026]
08-May-2026 15:02:49.881 INFO [main] org.apache.coyote.AbstractProtocol.init Initializing ProtocolHandler ["http-nio-8080"]
08-May-2026 15:02:49.909 INFO [main] org.apache.catalina.startup.Catalina.load Server initialization in [555] milliseconds
08-May-2026 15:02:49.963 INFO [main] org.apache.catalina.core.StandardService.startInternal Starting service [Catalina]
08-May-2026 15:02:49.963 INFO [main] org.apache.catalina.core.StandardEngine.startInternal Starting Servlet engine: [Apache Tomcat/11.0.21]
08-May-2026 15:02:49.979 INFO [main] org.apache.catalina.startup.HostConfig.deployDescriptor Deploying deployment descriptor [C:\e-commerce\.devtomcat\Tomcat_Server_e6f0999f\conf\Catalina\localhost\e-commerce.xml]
08-May-2026 15:02:51.337 INFO [main] org.apache.jasper.servlet.TldScanner.scanJars At least one JAR was scanned for TLDs yet contained no TLDs. Enable debug logging for this logger for a complete list of JARs that were scanned but no TLDs were found in them. Skipping unneeded JARs during scanning can improve startup time and JSP compilation time.
08-May-2026 15:02:51.482 INFO [main] org.apache.catalina.startup.HostConfig.deployDescriptor Deployment of deployment descriptor [C:\e-commerce\.devtomcat\Tomcat_Server_e6f0999f\conf\Catalina\localhost\e-commerce.xml] has finished in [1,502] ms
08-May-2026 15:02:51.487 INFO [main] org.apache.coyote.AbstractProtocol.start Starting ProtocolHandler ["http-nio-8080"]
08-May-2026 15:02:51.518 INFO [main] org.apache.catalina.startup.Catalina.start Server startup in [1609] milliseconds
08-May-2026 15:08:36.273 INFO [main] org.apache.catalina.core.StandardServer.await A valid shutdown command was received via the shutdown port. Stopping the Server instance.
08-May-2026 15:08:36.273 INFO [main] org.apache.coyote.AbstractProtocol.pause Pausing ProtocolHandler ["http-nio-8080"]
08-May-2026 15:08:36.339 INFO [main] org.apache.catalina.core.StandardService.stopInternal Stopping service [Catalina]
08-May-2026 15:08:36.344 WARNING [main] org.apache.catalina.loader.WebappClassLoaderBase.clearReferencesJdbc The web application [e-commerce] registered the JDBC driver [com.mysql.cj.jdbc.Driver] but failed to unregister it when the web application was stopped. To prevent a memory leak, the JDBC Driver has been forcibly unregistered.
08-May-2026 15:08:36.346 WARNING [main] org.apache.catalina.loader.WebappClassLoaderBase.clearReferencesThreads The web application [e-commerce] appears to have started a thread named [mysql-cj-abandoned-connection-cleanup] but has failed to stop it. This is very likely to create a memory leak. Stack trace of thread:
 java.base@17.0.8/java.lang.Object.wait(Native Method)
 java.base@17.0.8/java.lang.ref.ReferenceQueue.remove(ReferenceQueue.java:155)
 com.mysql.cj.jdbc.AbandonedConnectionCleanupThread.run(AbandonedConnectionCleanupThread.java:91)
 java.base@17.0.8/java.util.concurrent.ThreadPoolExecutor.runWorker(ThreadPoolExecutor.java:1136)
 java.base@17.0.8/java.util.concurrent.ThreadPoolExecutor$Worker.run(ThreadPoolExecutor.java:635)
 java.base@17.0.8/java.lang.Thread.run(Thread.java:833)
08-May-2026 15:08:36.350 INFO [main] org.apache.coyote.AbstractProtocol.stop Stopping ProtocolHandler ["http-nio-8080"]
08-May-2026 15:08:36.373 INFO [main] org.apache.coyote.AbstractProtocol.destroy Destroying ProtocolHandler ["http-nio-8080"]
08-May-2026 15:08:36.430 INFO [mysql-cj-abandoned-connection-cleanup] org.apache.catalina.loader.WebappClassLoaderBase.checkStateForResourceLoading Illegal access: this web application instance has been stopped already. Could not load []. The following stack trace is thrown for debugging purposes as well as to attempt to terminate the thread which caused the illegal access.
	java.lang.IllegalStateException: Illegal access: this web application instance has been stopped already. Could not load []. The following stack trace is thrown for debugging purposes as well as to attempt to terminate the thread which caused the illegal access.
		at org.apache.catalina.loader.WebappClassLoaderBase.checkStateForResourceLoading(WebappClassLoaderBase.java:1244)
		at org.apache.catalina.loader.WebappClassLoaderBase.getResource(WebappClassLoaderBase.java:854)
		at com.mysql.cj.jdbc.AbandonedConnectionCleanupThread.checkThreadContextClassLoader(AbandonedConnectionCleanupThread.java:123)
		at com.mysql.cj.jdbc.AbandonedConnectionCleanupThread.run(AbandonedConnectionCleanupThread.java:90)
		at java.base/java.util.concurrent.ThreadPoolExecutor.runWorker(ThreadPoolExecutor.java:1136)
		at java.base/java.util.concurrent.ThreadPoolExecutor$Worker.run(ThreadPoolExecutor.java:635)
		at java.base/java.lang.Thread.run(Thread.java:833)
08-May-2026 15:08:41.358 INFO [main] org.apache.catalina.startup.VersionLoggerListener.log Server version name:   Apache Tomcat/11.0.21
08-May-2026 15:08:41.361 INFO [main] org.apache.catalina.startup.VersionLoggerListener.log Server built:          Mar 30 2026 14:59:44 UTC
08-May-2026 15:08:41.361 INFO [main] org.apache.catalina.startup.VersionLoggerListener.log Server version number: 11.0.21.0
08-May-2026 15:08:41.361 INFO [main] org.apache.catalina.startup.VersionLoggerListener.log OS Name:               Windows 10
08-May-2026 15:08:41.361 INFO [main] org.apache.catalina.startup.VersionLoggerListener.log OS Version:            10.0
08-May-2026 15:08:41.362 INFO [main] org.apache.catalina.startup.VersionLoggerListener.log Architecture:          amd64
08-May-2026 15:08:41.362 INFO [main] org.apache.catalina.startup.VersionLoggerListener.log Java Home:             C:\Program Files\Java\jdk-17.0.8
08-May-2026 15:08:41.362 INFO [main] org.apache.catalina.startup.VersionLoggerListener.log JVM Version:           17.0.8+9-LTS-211
08-May-2026 15:08:41.363 INFO [main] org.apache.catalina.startup.VersionLoggerListener.log JVM Vendor:            Oracle Corporation
08-May-2026 15:08:41.363 INFO [main] org.apache.catalina.startup.VersionLoggerListener.log CATALINA_BASE:         C:\e-commerce\.devtomcat\Tomcat_Server_e6f0999f
08-May-2026 15:08:41.363 INFO [main] org.apache.catalina.startup.VersionLoggerListener.log CATALINA_HOME:         E:\apache-tomcat-11.0.21
08-May-2026 15:08:41.366 INFO [main] org.apache.catalina.startup.VersionLoggerListener.log Command line argument: -Dcom.sun.management.jmxremote
08-May-2026 15:08:41.366 INFO [main] org.apache.catalina.startup.VersionLoggerListener.log Command line argument: -Dcom.sun.management.jmxremote.port=1099
08-May-2026 15:08:41.366 INFO [main] org.apache.catalina.startup.VersionLoggerListener.log Command line argument: -Dcom.sun.management.jmxremote.ssl=false
08-May-2026 15:08:41.366 INFO [main] org.apache.catalina.startup.VersionLoggerListener.log Command line argument: -Dcom.sun.management.jmxremote.authenticate=false
08-May-2026 15:08:41.366 INFO [main] org.apache.catalina.startup.VersionLoggerListener.log Command line argument: -Dcom.sun.management.jmxremote.local.only=false
08-May-2026 15:08:41.366 INFO [main] org.apache.catalina.startup.VersionLoggerListener.log Command line argument: --add-opens=java.base/java.lang=ALL-UNNAMED
08-May-2026 15:08:41.367 INFO [main] org.apache.catalina.startup.VersionLoggerListener.log Command line argument: --add-opens=java.base/java.io=ALL-UNNAMED
08-May-2026 15:08:41.367 INFO [main] org.apache.catalina.startup.VersionLoggerListener.log Command line argument: --add-opens=java.base/java.util=ALL-UNNAMED
08-May-2026 15:08:41.367 INFO [main] org.apache.catalina.startup.VersionLoggerListener.log Command line argument: --add-opens=java.base/java.util.concurrent=ALL-UNNAMED
08-May-2026 15:08:41.367 INFO [main] org.apache.catalina.startup.VersionLoggerListener.log Command line argument: --add-opens=java.rmi/sun.rmi.transport=ALL-UNNAMED
08-May-2026 15:08:41.367 INFO [main] org.apache.catalina.startup.VersionLoggerListener.log Command line argument: -Dcatalina.home=E:\apache-tomcat-11.0.21
08-May-2026 15:08:41.367 INFO [main] org.apache.catalina.startup.VersionLoggerListener.log Command line argument: -Dcatalina.base=C:\e-commerce\.devtomcat\Tomcat_Server_e6f0999f
08-May-2026 15:08:41.367 INFO [main] org.apache.catalina.startup.VersionLoggerListener.log Command line argument: -Djava.io.tmpdir=C:\e-commerce\.devtomcat\Tomcat_Server_e6f0999f\temp
08-May-2026 15:08:41.367 INFO [main] org.apache.catalina.startup.VersionLoggerListener.log Command line argument: -Djava.util.logging.config.file=C:\e-commerce\.devtomcat\Tomcat_Server_e6f0999f\conf\logging.properties
08-May-2026 15:08:41.367 INFO [main] org.apache.catalina.startup.VersionLoggerListener.log Command line argument: -Djava.util.logging.manager=org.apache.juli.ClassLoaderLogManager
08-May-2026 15:08:41.367 INFO [main] org.apache.catalina.startup.VersionLoggerListener.log Command line argument: -Dserver.port=8080
08-May-2026 15:08:41.367 INFO [main] org.apache.catalina.startup.VersionLoggerListener.log Command line argument: -Dserver.shutdown.port=8005
08-May-2026 15:08:41.368 INFO [main] org.apache.catalina.startup.VersionLoggerListener.log Command line argument: -javaagent:C:\Program Files\JetBrains\IntelliJ IDEA 2025.3.1.1\lib\idea_rt.jar=54289
08-May-2026 15:08:41.368 INFO [main] org.apache.catalina.startup.VersionLoggerListener.log Command line argument: -Dfile.encoding=UTF-8
08-May-2026 15:08:41.370 INFO [main] org.apache.catalina.core.AprLifecycleListener.lifecycleEvent Loaded Apache Tomcat Native library [2.0.14] using APR version [1.7.6].
08-May-2026 15:08:41.375 INFO [main] org.apache.catalina.core.AprLifecycleListener.initializeSSL OpenSSL successfully initialized [OpenSSL 3.5.5 27 Jan 2026]
08-May-2026 15:08:41.628 INFO [main] org.apache.coyote.AbstractProtocol.init Initializing ProtocolHandler ["http-nio-8080"]
08-May-2026 15:08:41.655 INFO [main] org.apache.catalina.startup.Catalina.load Server initialization in [578] milliseconds
08-May-2026 15:08:41.749 INFO [main] org.apache.catalina.core.StandardService.startInternal Starting service [Catalina]
08-May-2026 15:08:41.749 INFO [main] org.apache.catalina.core.StandardEngine.startInternal Starting Servlet engine: [Apache Tomcat/11.0.21]
08-May-2026 15:08:41.774 INFO [main] org.apache.catalina.startup.HostConfig.deployDescriptor Deploying deployment descriptor [C:\e-commerce\.devtomcat\Tomcat_Server_e6f0999f\conf\Catalina\localhost\e-commerce.xml]
08-May-2026 15:08:43.213 INFO [main] org.apache.jasper.servlet.TldScanner.scanJars At least one JAR was scanned for TLDs yet contained no TLDs. Enable debug logging for this logger for a complete list of JARs that were scanned but no TLDs were found in them. Skipping unneeded JARs during scanning can improve startup time and JSP compilation time.
08-May-2026 15:08:43.375 WARNING [main] org.apache.catalina.util.SessionIdGeneratorBase.createSecureRandom Creation of SecureRandom instance for session ID generation using [SHA1PRNG] took [109] milliseconds.
08-May-2026 15:08:43.409 INFO [main] org.apache.catalina.startup.HostConfig.deployDescriptor Deployment of deployment descriptor [C:\e-commerce\.devtomcat\Tomcat_Server_e6f0999f\conf\Catalina\localhost\e-commerce.xml] has finished in [1,636] ms
08-May-2026 15:08:43.423 INFO [main] org.apache.coyote.AbstractProtocol.start Starting ProtocolHandler ["http-nio-8080"]
08-May-2026 15:08:43.528 INFO [main] org.apache.catalina.startup.Catalina.start Server startup in [1873] milliseconds
08-May-2026 16:14:27.766 INFO [main] org.apache.catalina.core.StandardServer.await A valid shutdown command was received via the shutdown port. Stopping the Server instance.
08-May-2026 16:14:27.767 INFO [main] org.apache.coyote.AbstractProtocol.pause Pausing ProtocolHandler ["http-nio-8080"]
08-May-2026 16:14:27.833 INFO [main] org.apache.catalina.core.StandardService.stopInternal Stopping service [Catalina]
08-May-2026 16:14:27.839 WARNING [main] org.apache.catalina.loader.WebappClassLoaderBase.clearReferencesJdbc The web application [e-commerce] registered the JDBC driver [com.mysql.cj.jdbc.Driver] but failed to unregister it when the web application was stopped. To prevent a memory leak, the JDBC Driver has been forcibly unregistered.
08-May-2026 16:14:27.839 WARNING [main] org.apache.catalina.loader.WebappClassLoaderBase.clearReferencesThreads The web application [e-commerce] appears to have started a thread named [mysql-cj-abandoned-connection-cleanup] but has failed to stop it. This is very likely to create a memory leak. Stack trace of thread:
 java.base@17.0.8/java.lang.Object.wait(Native Method)
 java.base@17.0.8/java.lang.ref.ReferenceQueue.remove(ReferenceQueue.java:155)
 com.mysql.cj.jdbc.AbandonedConnectionCleanupThread.run(AbandonedConnectionCleanupThread.java:91)
 java.base@17.0.8/java.util.concurrent.ThreadPoolExecutor.runWorker(ThreadPoolExecutor.java:1136)
 java.base@17.0.8/java.util.concurrent.ThreadPoolExecutor$Worker.run(ThreadPoolExecutor.java:635)
 java.base@17.0.8/java.lang.Thread.run(Thread.java:833)
08-May-2026 16:14:27.847 INFO [main] org.apache.coyote.AbstractProtocol.stop Stopping ProtocolHandler ["http-nio-8080"]
08-May-2026 16:14:27.861 INFO [main] org.apache.coyote.AbstractProtocol.destroy Destroying ProtocolHandler ["http-nio-8080"]
08-May-2026 16:14:27.913 INFO [mysql-cj-abandoned-connection-cleanup] org.apache.catalina.loader.WebappClassLoaderBase.checkStateForResourceLoading Illegal access: this web application instance has been stopped already. Could not load []. The following stack trace is thrown for debugging purposes as well as to attempt to terminate the thread which caused the illegal access.
	java.lang.IllegalStateException: Illegal access: this web application instance has been stopped already. Could not load []. The following stack trace is thrown for debugging purposes as well as to attempt to terminate the thread which caused the illegal access.
		at org.apache.catalina.loader.WebappClassLoaderBase.checkStateForResourceLoading(WebappClassLoaderBase.java:1244)
		at org.apache.catalina.loader.WebappClassLoaderBase.getResource(WebappClassLoaderBase.java:854)
		at com.mysql.cj.jdbc.AbandonedConnectionCleanupThread.checkThreadContextClassLoader(AbandonedConnectionCleanupThread.java:123)
		at com.mysql.cj.jdbc.AbandonedConnectionCleanupThread.run(AbandonedConnectionCleanupThread.java:90)
		at java.base/java.util.concurrent.ThreadPoolExecutor.runWorker(ThreadPoolExecutor.java:1136)
		at java.base/java.util.concurrent.ThreadPoolExecutor$Worker.run(ThreadPoolExecutor.java:635)
		at java.base/java.lang.Thread.run(Thread.java:833)
08-May-2026 16:14:27.914 INFO [mysql-cj-abandoned-connection-cleanup] org.apache.catalina.loader.WebappClassLoaderBase.checkStateForResourceLoading Illegal access: this web application instance has been stopped already. Could not load []. The following stack trace is thrown for debugging purposes as well as to attempt to terminate the thread which caused the illegal access.
	java.lang.IllegalStateException: Illegal access: this web application instance has been stopped already. Could not load []. The following stack trace is thrown for debugging purposes as well as to attempt to terminate the thread which caused the illegal access.
		at org.apache.catalina.loader.WebappClassLoaderBase.checkStateForResourceLoading(WebappClassLoaderBase.java:1244)
		at org.apache.catalina.loader.WebappClassLoaderBase.getResource(WebappClassLoaderBase.java:854)
		at com.mysql.cj.jdbc.AbandonedConnectionCleanupThread.checkThreadContextClassLoader(AbandonedConnectionCleanupThread.java:123)
		at com.mysql.cj.jdbc.AbandonedConnectionCleanupThread.run(AbandonedConnectionCleanupThread.java:90)
		at java.base/java.util.concurrent.ThreadPoolExecutor.runWorker(ThreadPoolExecutor.java:1136)
		at java.base/java.util.concurrent.ThreadPoolExecutor$Worker.run(ThreadPoolExecutor.java:635)
		at java.base/java.lang.Thread.run(Thread.java:833)
08-May-2026 16:14:34.563 INFO [main] org.apache.catalina.startup.VersionLoggerListener.log Server version name:   Apache Tomcat/11.0.21
08-May-2026 16:14:34.566 INFO [main] org.apache.catalina.startup.VersionLoggerListener.log Server built:          Mar 30 2026 14:59:44 UTC
08-May-2026 16:14:34.567 INFO [main] org.apache.catalina.startup.VersionLoggerListener.log Server version number: 11.0.21.0
08-May-2026 16:14:34.567 INFO [main] org.apache.catalina.startup.VersionLoggerListener.log OS Name:               Windows 10
08-May-2026 16:14:34.567 INFO [main] org.apache.catalina.startup.VersionLoggerListener.log OS Version:            10.0
08-May-2026 16:14:34.568 INFO [main] org.apache.catalina.startup.VersionLoggerListener.log Architecture:          amd64
08-May-2026 16:14:34.568 INFO [main] org.apache.catalina.startup.VersionLoggerListener.log Java Home:             C:\Program Files\Java\jdk-17.0.8
08-May-2026 16:14:34.568 INFO [main] org.apache.catalina.startup.VersionLoggerListener.log JVM Version:           17.0.8+9-LTS-211
08-May-2026 16:14:34.568 INFO [main] org.apache.catalina.startup.VersionLoggerListener.log JVM Vendor:            Oracle Corporation
08-May-2026 16:14:34.568 INFO [main] org.apache.catalina.startup.VersionLoggerListener.log CATALINA_BASE:         C:\e-commerce\.devtomcat\Tomcat_Server_e6f0999f
08-May-2026 16:14:34.569 INFO [main] org.apache.catalina.startup.VersionLoggerListener.log CATALINA_HOME:         E:\apache-tomcat-11.0.21
08-May-2026 16:14:34.572 INFO [main] org.apache.catalina.startup.VersionLoggerListener.log Command line argument: -Dcom.sun.management.jmxremote
08-May-2026 16:14:34.572 INFO [main] org.apache.catalina.startup.VersionLoggerListener.log Command line argument: -Dcom.sun.management.jmxremote.port=1099
08-May-2026 16:14:34.572 INFO [main] org.apache.catalina.startup.VersionLoggerListener.log Command line argument: -Dcom.sun.management.jmxremote.ssl=false
08-May-2026 16:14:34.572 INFO [main] org.apache.catalina.startup.VersionLoggerListener.log Command line argument: -Dcom.sun.management.jmxremote.authenticate=false
08-May-2026 16:14:34.573 INFO [main] org.apache.catalina.startup.VersionLoggerListener.log Command line argument: -Dcom.sun.management.jmxremote.local.only=false
08-May-2026 16:14:34.573 INFO [main] org.apache.catalina.startup.VersionLoggerListener.log Command line argument: --add-opens=java.base/java.lang=ALL-UNNAMED
08-May-2026 16:14:34.573 INFO [main] org.apache.catalina.startup.VersionLoggerListener.log Command line argument: --add-opens=java.base/java.io=ALL-UNNAMED
08-May-2026 16:14:34.573 INFO [main] org.apache.catalina.startup.VersionLoggerListener.log Command line argument: --add-opens=java.base/java.util=ALL-UNNAMED
08-May-2026 16:14:34.574 INFO [main] org.apache.catalina.startup.VersionLoggerListener.log Command line argument: --add-opens=java.base/java.util.concurrent=ALL-UNNAMED
08-May-2026 16:14:34.574 INFO [main] org.apache.catalina.startup.VersionLoggerListener.log Command line argument: --add-opens=java.rmi/sun.rmi.transport=ALL-UNNAMED
08-May-2026 16:14:34.574 INFO [main] org.apache.catalina.startup.VersionLoggerListener.log Command line argument: -Dcatalina.home=E:\apache-tomcat-11.0.21
08-May-2026 16:14:34.575 INFO [main] org.apache.catalina.startup.VersionLoggerListener.log Command line argument: -Dcatalina.base=C:\e-commerce\.devtomcat\Tomcat_Server_e6f0999f
08-May-2026 16:14:34.575 INFO [main] org.apache.catalina.startup.VersionLoggerListener.log Command line argument: -Djava.io.tmpdir=C:\e-commerce\.devtomcat\Tomcat_Server_e6f0999f\temp
08-May-2026 16:14:34.575 INFO [main] org.apache.catalina.startup.VersionLoggerListener.log Command line argument: -Djava.util.logging.config.file=C:\e-commerce\.devtomcat\Tomcat_Server_e6f0999f\conf\logging.properties
08-May-2026 16:14:34.576 INFO [main] org.apache.catalina.startup.VersionLoggerListener.log Command line argument: -Djava.util.logging.manager=org.apache.juli.ClassLoaderLogManager
08-May-2026 16:14:34.576 INFO [main] org.apache.catalina.startup.VersionLoggerListener.log Command line argument: -Dserver.port=8080
08-May-2026 16:14:34.576 INFO [main] org.apache.catalina.startup.VersionLoggerListener.log Command line argument: -Dserver.shutdown.port=8005
08-May-2026 16:14:34.576 INFO [main] org.apache.catalina.startup.VersionLoggerListener.log Command line argument: -javaagent:C:\Program Files\JetBrains\IntelliJ IDEA 2025.3.1.1\lib\idea_rt.jar=55848
08-May-2026 16:14:34.577 INFO [main] org.apache.catalina.startup.VersionLoggerListener.log Command line argument: -Dfile.encoding=UTF-8
08-May-2026 16:14:34.620 INFO [main] org.apache.catalina.core.AprLifecycleListener.lifecycleEvent Loaded Apache Tomcat Native library [2.0.14] using APR version [1.7.6].
08-May-2026 16:14:34.625 INFO [main] org.apache.catalina.core.AprLifecycleListener.initializeSSL OpenSSL successfully initialized [OpenSSL 3.5.5 27 Jan 2026]
08-May-2026 16:14:34.910 INFO [main] org.apache.coyote.AbstractProtocol.init Initializing ProtocolHandler ["http-nio-8080"]
08-May-2026 16:14:34.936 INFO [main] org.apache.catalina.startup.Catalina.load Server initialization in [609] milliseconds
08-May-2026 16:14:34.994 INFO [main] org.apache.catalina.core.StandardService.startInternal Starting service [Catalina]
08-May-2026 16:14:34.994 INFO [main] org.apache.catalina.core.StandardEngine.startInternal Starting Servlet engine: [Apache Tomcat/11.0.21]
08-May-2026 16:14:35.008 INFO [main] org.apache.catalina.startup.HostConfig.deployDescriptor Deploying deployment descriptor [C:\e-commerce\.devtomcat\Tomcat_Server_e6f0999f\conf\Catalina\localhost\e-commerce.xml]
08-May-2026 16:14:36.407 INFO [main] org.apache.jasper.servlet.TldScanner.scanJars At least one JAR was scanned for TLDs yet contained no TLDs. Enable debug logging for this logger for a complete list of JARs that were scanned but no TLDs were found in them. Skipping unneeded JARs during scanning can improve startup time and JSP compilation time.
08-May-2026 16:14:36.583 INFO [main] org.apache.catalina.startup.HostConfig.deployDescriptor Deployment of deployment descriptor [C:\e-commerce\.devtomcat\Tomcat_Server_e6f0999f\conf\Catalina\localhost\e-commerce.xml] has finished in [1,574] ms
08-May-2026 16:14:36.589 INFO [main] org.apache.coyote.AbstractProtocol.start Starting ProtocolHandler ["http-nio-8080"]
08-May-2026 16:14:36.622 INFO [main] org.apache.catalina.startup.Catalina.start Server startup in [1685] milliseconds
08-May-2026 16:19:11.335 INFO [main] org.apache.catalina.core.StandardServer.await A valid shutdown command was received via the shutdown port. Stopping the Server instance.
08-May-2026 16:19:11.336 INFO [main] org.apache.coyote.AbstractProtocol.pause Pausing ProtocolHandler ["http-nio-8080"]
08-May-2026 16:19:11.403 INFO [main] org.apache.catalina.core.StandardService.stopInternal Stopping service [Catalina]
08-May-2026 16:19:11.408 WARNING [main] org.apache.catalina.loader.WebappClassLoaderBase.clearReferencesJdbc The web application [e-commerce] registered the JDBC driver [com.mysql.cj.jdbc.Driver] but failed to unregister it when the web application was stopped. To prevent a memory leak, the JDBC Driver has been forcibly unregistered.
08-May-2026 16:19:11.410 WARNING [main] org.apache.catalina.loader.WebappClassLoaderBase.clearReferencesThreads The web application [e-commerce] appears to have started a thread named [mysql-cj-abandoned-connection-cleanup] but has failed to stop it. This is very likely to create a memory leak. Stack trace of thread:
 java.base@17.0.8/java.lang.Object.wait(Native Method)
 java.base@17.0.8/java.lang.ref.ReferenceQueue.remove(ReferenceQueue.java:155)
 com.mysql.cj.jdbc.AbandonedConnectionCleanupThread.run(AbandonedConnectionCleanupThread.java:91)
 java.base@17.0.8/java.util.concurrent.ThreadPoolExecutor.runWorker(ThreadPoolExecutor.java:1136)
 java.base@17.0.8/java.util.concurrent.ThreadPoolExecutor$Worker.run(ThreadPoolExecutor.java:635)
 java.base@17.0.8/java.lang.Thread.run(Thread.java:833)
08-May-2026 16:19:11.415 INFO [main] org.apache.coyote.AbstractProtocol.stop Stopping ProtocolHandler ["http-nio-8080"]
08-May-2026 16:19:11.437 INFO [main] org.apache.coyote.AbstractProtocol.destroy Destroying ProtocolHandler ["http-nio-8080"]
08-May-2026 16:19:11.496 INFO [mysql-cj-abandoned-connection-cleanup] org.apache.catalina.loader.WebappClassLoaderBase.checkStateForResourceLoading Illegal access: this web application instance has been stopped already. Could not load []. The following stack trace is thrown for debugging purposes as well as to attempt to terminate the thread which caused the illegal access.
	java.lang.IllegalStateException: Illegal access: this web application instance has been stopped already. Could not load []. The following stack trace is thrown for debugging purposes as well as to attempt to terminate the thread which caused the illegal access.
		at org.apache.catalina.loader.WebappClassLoaderBase.checkStateForResourceLoading(WebappClassLoaderBase.java:1244)
		at org.apache.catalina.loader.WebappClassLoaderBase.getResource(WebappClassLoaderBase.java:854)
		at com.mysql.cj.jdbc.AbandonedConnectionCleanupThread.checkThreadContextClassLoader(AbandonedConnectionCleanupThread.java:123)
		at com.mysql.cj.jdbc.AbandonedConnectionCleanupThread.run(AbandonedConnectionCleanupThread.java:90)
		at java.base/java.util.concurrent.ThreadPoolExecutor.runWorker(ThreadPoolExecutor.java:1136)
		at java.base/java.util.concurrent.ThreadPoolExecutor$Worker.run(ThreadPoolExecutor.java:635)
		at java.base/java.lang.Thread.run(Thread.java:833)
08-May-2026 16:19:17.476 INFO [main] org.apache.catalina.startup.VersionLoggerListener.log Server version name:   Apache Tomcat/11.0.21
08-May-2026 16:19:17.480 INFO [main] org.apache.catalina.startup.VersionLoggerListener.log Server built:          Mar 30 2026 14:59:44 UTC
08-May-2026 16:19:17.480 INFO [main] org.apache.catalina.startup.VersionLoggerListener.log Server version number: 11.0.21.0
08-May-2026 16:19:17.480 INFO [main] org.apache.catalina.startup.VersionLoggerListener.log OS Name:               Windows 10
08-May-2026 16:19:17.481 INFO [main] org.apache.catalina.startup.VersionLoggerListener.log OS Version:            10.0
08-May-2026 16:19:17.481 INFO [main] org.apache.catalina.startup.VersionLoggerListener.log Architecture:          amd64
08-May-2026 16:19:17.481 INFO [main] org.apache.catalina.startup.VersionLoggerListener.log Java Home:             C:\Program Files\Java\jdk-17.0.8
08-May-2026 16:19:17.481 INFO [main] org.apache.catalina.startup.VersionLoggerListener.log JVM Version:           17.0.8+9-LTS-211
08-May-2026 16:19:17.481 INFO [main] org.apache.catalina.startup.VersionLoggerListener.log JVM Vendor:            Oracle Corporation
08-May-2026 16:19:17.481 INFO [main] org.apache.catalina.startup.VersionLoggerListener.log CATALINA_BASE:         C:\e-commerce\.devtomcat\Tomcat_Server_e6f0999f
08-May-2026 16:19:17.482 INFO [main] org.apache.catalina.startup.VersionLoggerListener.log CATALINA_HOME:         E:\apache-tomcat-11.0.21
08-May-2026 16:19:17.484 INFO [main] org.apache.catalina.startup.VersionLoggerListener.log Command line argument: -Dcom.sun.management.jmxremote
08-May-2026 16:19:17.484 INFO [main] org.apache.catalina.startup.VersionLoggerListener.log Command line argument: -Dcom.sun.management.jmxremote.port=1099
08-May-2026 16:19:17.485 INFO [main] org.apache.catalina.startup.VersionLoggerListener.log Command line argument: -Dcom.sun.management.jmxremote.ssl=false
08-May-2026 16:19:17.485 INFO [main] org.apache.catalina.startup.VersionLoggerListener.log Command line argument: -Dcom.sun.management.jmxremote.authenticate=false
08-May-2026 16:19:17.485 INFO [main] org.apache.catalina.startup.VersionLoggerListener.log Command line argument: -Dcom.sun.management.jmxremote.local.only=false
08-May-2026 16:19:17.485 INFO [main] org.apache.catalina.startup.VersionLoggerListener.log Command line argument: --add-opens=java.base/java.lang=ALL-UNNAMED
08-May-2026 16:19:17.486 INFO [main] org.apache.catalina.startup.VersionLoggerListener.log Command line argument: --add-opens=java.base/java.io=ALL-UNNAMED
08-May-2026 16:19:17.486 INFO [main] org.apache.catalina.startup.VersionLoggerListener.log Command line argument: --add-opens=java.base/java.util=ALL-UNNAMED
08-May-2026 16:19:17.486 INFO [main] org.apache.catalina.startup.VersionLoggerListener.log Command line argument: --add-opens=java.base/java.util.concurrent=ALL-UNNAMED
08-May-2026 16:19:17.486 INFO [main] org.apache.catalina.startup.VersionLoggerListener.log Command line argument: --add-opens=java.rmi/sun.rmi.transport=ALL-UNNAMED
08-May-2026 16:19:17.487 INFO [main] org.apache.catalina.startup.VersionLoggerListener.log Command line argument: -Dcatalina.home=E:\apache-tomcat-11.0.21
08-May-2026 16:19:17.487 INFO [main] org.apache.catalina.startup.VersionLoggerListener.log Command line argument: -Dcatalina.base=C:\e-commerce\.devtomcat\Tomcat_Server_e6f0999f
08-May-2026 16:19:17.487 INFO [main] org.apache.catalina.startup.VersionLoggerListener.log Command line argument: -Djava.io.tmpdir=C:\e-commerce\.devtomcat\Tomcat_Server_e6f0999f\temp
08-May-2026 16:19:17.487 INFO [main] org.apache.catalina.startup.VersionLoggerListener.log Command line argument: -Djava.util.logging.config.file=C:\e-commerce\.devtomcat\Tomcat_Server_e6f0999f\conf\logging.properties
08-May-2026 16:19:17.488 INFO [main] org.apache.catalina.startup.VersionLoggerListener.log Command line argument: -Djava.util.logging.manager=org.apache.juli.ClassLoaderLogManager
08-May-2026 16:19:17.488 INFO [main] org.apache.catalina.startup.VersionLoggerListener.log Command line argument: -Dserver.port=8080
08-May-2026 16:19:17.488 INFO [main] org.apache.catalina.startup.VersionLoggerListener.log Command line argument: -Dserver.shutdown.port=8005
08-May-2026 16:19:17.488 INFO [main] org.apache.catalina.startup.VersionLoggerListener.log Command line argument: -javaagent:C:\Program Files\JetBrains\IntelliJ IDEA 2025.3.1.1\lib\idea_rt.jar=64684
08-May-2026 16:19:17.488 INFO [main] org.apache.catalina.startup.VersionLoggerListener.log Command line argument: -Dfile.encoding=UTF-8
08-May-2026 16:19:17.491 INFO [main] org.apache.catalina.core.AprLifecycleListener.lifecycleEvent Loaded Apache Tomcat Native library [2.0.14] using APR version [1.7.6].
08-May-2026 16:19:17.498 INFO [main] org.apache.catalina.core.AprLifecycleListener.initializeSSL OpenSSL successfully initialized [OpenSSL 3.5.5 27 Jan 2026]
08-May-2026 16:19:17.801 INFO [main] org.apache.coyote.AbstractProtocol.init Initializing ProtocolHandler ["http-nio-8080"]
08-May-2026 16:19:17.837 INFO [main] org.apache.catalina.startup.Catalina.load Server initialization in [948] milliseconds
08-May-2026 16:19:17.962 INFO [main] org.apache.catalina.core.StandardService.startInternal Starting service [Catalina]
08-May-2026 16:19:17.962 INFO [main] org.apache.catalina.core.StandardEngine.startInternal Starting Servlet engine: [Apache Tomcat/11.0.21]
08-May-2026 16:19:17.987 INFO [main] org.apache.catalina.startup.HostConfig.deployDescriptor Deploying deployment descriptor [C:\e-commerce\.devtomcat\Tomcat_Server_e6f0999f\conf\Catalina\localhost\e-commerce.xml]
08-May-2026 16:19:19.762 INFO [main] org.apache.jasper.servlet.TldScanner.scanJars At least one JAR was scanned for TLDs yet contained no TLDs. Enable debug logging for this logger for a complete list of JARs that were scanned but no TLDs were found in them. Skipping unneeded JARs during scanning can improve startup time and JSP compilation time.
08-May-2026 16:19:19.931 INFO [main] org.apache.catalina.startup.HostConfig.deployDescriptor Deployment of deployment descriptor [C:\e-commerce\.devtomcat\Tomcat_Server_e6f0999f\conf\Catalina\localhost\e-commerce.xml] has finished in [1,943] ms
08-May-2026 16:19:19.939 INFO [main] org.apache.coyote.AbstractProtocol.start Starting ProtocolHandler ["http-nio-8080"]
08-May-2026 16:19:19.972 INFO [main] org.apache.catalina.startup.Catalina.start Server startup in [2134] milliseconds
08-May-2026 16:30:46.992 INFO [main] org.apache.catalina.core.StandardServer.await A valid shutdown command was received via the shutdown port. Stopping the Server instance.
08-May-2026 16:30:46.993 INFO [main] org.apache.coyote.AbstractProtocol.pause Pausing ProtocolHandler ["http-nio-8080"]
08-May-2026 16:30:47.072 INFO [main] org.apache.catalina.core.StandardService.stopInternal Stopping service [Catalina]
08-May-2026 16:30:47.078 WARNING [main] org.apache.catalina.loader.WebappClassLoaderBase.clearReferencesJdbc The web application [e-commerce] registered the JDBC driver [com.mysql.cj.jdbc.Driver] but failed to unregister it when the web application was stopped. To prevent a memory leak, the JDBC Driver has been forcibly unregistered.
08-May-2026 16:30:47.080 WARNING [main] org.apache.catalina.loader.WebappClassLoaderBase.clearReferencesThreads The web application [e-commerce] appears to have started a thread named [mysql-cj-abandoned-connection-cleanup] but has failed to stop it. This is very likely to create a memory leak. Stack trace of thread:
 java.base@17.0.8/java.lang.Object.wait(Native Method)
 java.base@17.0.8/java.lang.ref.ReferenceQueue.remove(ReferenceQueue.java:155)
 com.mysql.cj.jdbc.AbandonedConnectionCleanupThread.run(AbandonedConnectionCleanupThread.java:91)
 java.base@17.0.8/java.util.concurrent.ThreadPoolExecutor.runWorker(ThreadPoolExecutor.java:1136)
 java.base@17.0.8/java.util.concurrent.ThreadPoolExecutor$Worker.run(ThreadPoolExecutor.java:635)
 java.base@17.0.8/java.lang.Thread.run(Thread.java:833)
08-May-2026 16:30:47.089 INFO [mysql-cj-abandoned-connection-cleanup] org.apache.catalina.loader.WebappClassLoaderBase.checkStateForResourceLoading Illegal access: this web application instance has been stopped already. Could not load []. The following stack trace is thrown for debugging purposes as well as to attempt to terminate the thread which caused the illegal access.
	java.lang.IllegalStateException: Illegal access: this web application instance has been stopped already. Could not load []. The following stack trace is thrown for debugging purposes as well as to attempt to terminate the thread which caused the illegal access.
		at org.apache.catalina.loader.WebappClassLoaderBase.checkStateForResourceLoading(WebappClassLoaderBase.java:1244)
		at org.apache.catalina.loader.WebappClassLoaderBase.getResource(WebappClassLoaderBase.java:854)
		at com.mysql.cj.jdbc.AbandonedConnectionCleanupThread.checkThreadContextClassLoader(AbandonedConnectionCleanupThread.java:123)
		at com.mysql.cj.jdbc.AbandonedConnectionCleanupThread.run(AbandonedConnectionCleanupThread.java:90)
		at java.base/java.util.concurrent.ThreadPoolExecutor.runWorker(ThreadPoolExecutor.java:1136)
		at java.base/java.util.concurrent.ThreadPoolExecutor$Worker.run(ThreadPoolExecutor.java:635)
		at java.base/java.lang.Thread.run(Thread.java:833)
08-May-2026 16:30:47.089 INFO [main] org.apache.coyote.AbstractProtocol.stop Stopping ProtocolHandler ["http-nio-8080"]
08-May-2026 16:30:47.090 INFO [mysql-cj-abandoned-connection-cleanup] org.apache.catalina.loader.WebappClassLoaderBase.checkStateForResourceLoading Illegal access: this web application instance has been stopped already. Could not load []. The following stack trace is thrown for debugging purposes as well as to attempt to terminate the thread which caused the illegal access.
	java.lang.IllegalStateException: Illegal access: this web application instance has been stopped already. Could not load []. The following stack trace is thrown for debugging purposes as well as to attempt to terminate the thread which caused the illegal access.
		at org.apache.catalina.loader.WebappClassLoaderBase.checkStateForResourceLoading(WebappClassLoaderBase.java:1244)
		at org.apache.catalina.loader.WebappClassLoaderBase.getResource(WebappClassLoaderBase.java:854)
		at com.mysql.cj.jdbc.AbandonedConnectionCleanupThread.checkThreadContextClassLoader(AbandonedConnectionCleanupThread.java:123)
		at com.mysql.cj.jdbc.AbandonedConnectionCleanupThread.run(AbandonedConnectionCleanupThread.java:90)
		at java.base/java.util.concurrent.ThreadPoolExecutor.runWorker(ThreadPoolExecutor.java:1136)
		at java.base/java.util.concurrent.ThreadPoolExecutor$Worker.run(ThreadPoolExecutor.java:635)
		at java.base/java.lang.Thread.run(Thread.java:833)
08-May-2026 16:30:47.090 INFO [mysql-cj-abandoned-connection-cleanup] org.apache.catalina.loader.WebappClassLoaderBase.checkStateForResourceLoading Illegal access: this web application instance has been stopped already. Could not load []. The following stack trace is thrown for debugging purposes as well as to attempt to terminate the thread which caused the illegal access.
	java.lang.IllegalStateException: Illegal access: this web application instance has been stopped already. Could not load []. The following stack trace is thrown for debugging purposes as well as to attempt to terminate the thread which caused the illegal access.
		at org.apache.catalina.loader.WebappClassLoaderBase.checkStateForResourceLoading(WebappClassLoaderBase.java:1244)
		at org.apache.catalina.loader.WebappClassLoaderBase.getResource(WebappClassLoaderBase.java:854)
		at com.mysql.cj.jdbc.AbandonedConnectionCleanupThread.checkThreadContextClassLoader(AbandonedConnectionCleanupThread.java:123)
		at com.mysql.cj.jdbc.AbandonedConnectionCleanupThread.run(AbandonedConnectionCleanupThread.java:90)
		at java.base/java.util.concurrent.ThreadPoolExecutor.runWorker(ThreadPoolExecutor.java:1136)
		at java.base/java.util.concurrent.ThreadPoolExecutor$Worker.run(ThreadPoolExecutor.java:635)
		at java.base/java.lang.Thread.run(Thread.java:833)
08-May-2026 16:30:47.090 INFO [mysql-cj-abandoned-connection-cleanup] org.apache.catalina.loader.WebappClassLoaderBase.checkStateForResourceLoading Illegal access: this web application instance has been stopped already. Could not load []. The following stack trace is thrown for debugging purposes as well as to attempt to terminate the thread which caused the illegal access.
	java.lang.IllegalStateException: Illegal access: this web application instance has been stopped already. Could not load []. The following stack trace is thrown for debugging purposes as well as to attempt to terminate the thread which caused the illegal access.
		at org.apache.catalina.loader.WebappClassLoaderBase.checkStateForResourceLoading(WebappClassLoaderBase.java:1244)
		at org.apache.catalina.loader.WebappClassLoaderBase.getResource(WebappClassLoaderBase.java:854)
		at com.mysql.cj.jdbc.AbandonedConnectionCleanupThread.checkThreadContextClassLoader(AbandonedConnectionCleanupThread.java:123)
		at com.mysql.cj.jdbc.AbandonedConnectionCleanupThread.run(AbandonedConnectionCleanupThread.java:90)
		at java.base/java.util.concurrent.ThreadPoolExecutor.runWorker(ThreadPoolExecutor.java:1136)
		at java.base/java.util.concurrent.ThreadPoolExecutor$Worker.run(ThreadPoolExecutor.java:635)
		at java.base/java.lang.Thread.run(Thread.java:833)
08-May-2026 16:30:47.090 INFO [mysql-cj-abandoned-connection-cleanup] org.apache.catalina.loader.WebappClassLoaderBase.checkStateForResourceLoading Illegal access: this web application instance has been stopped already. Could not load []. The following stack trace is thrown for debugging purposes as well as to attempt to terminate the thread which caused the illegal access.
	java.lang.IllegalStateException: Illegal access: this web application instance has been stopped already. Could not load []. The following stack trace is thrown for debugging purposes as well as to attempt to terminate the thread which caused the illegal access.
		at org.apache.catalina.loader.WebappClassLoaderBase.checkStateForResourceLoading(WebappClassLoaderBase.java:1244)
		at org.apache.catalina.loader.WebappClassLoaderBase.getResource(WebappClassLoaderBase.java:854)
		at com.mysql.cj.jdbc.AbandonedConnectionCleanupThread.checkThreadContextClassLoader(AbandonedConnectionCleanupThread.java:123)
		at com.mysql.cj.jdbc.AbandonedConnectionCleanupThread.run(AbandonedConnectionCleanupThread.java:90)
		at java.base/java.util.concurrent.ThreadPoolExecutor.runWorker(ThreadPoolExecutor.java:1136)
		at java.base/java.util.concurrent.ThreadPoolExecutor$Worker.run(ThreadPoolExecutor.java:635)
		at java.base/java.lang.Thread.run(Thread.java:833)
08-May-2026 16:30:47.106 INFO [mysql-cj-abandoned-connection-cleanup] org.apache.catalina.loader.WebappClassLoaderBase.checkStateForResourceLoading Illegal access: this web application instance has been stopped already. Could not load []. The following stack trace is thrown for debugging purposes as well as to attempt to terminate the thread which caused the illegal access.
	java.lang.IllegalStateException: Illegal access: this web application instance has been stopped already. Could not load []. The following stack trace is thrown for debugging purposes as well as to attempt to terminate the thread which caused the illegal access.
		at org.apache.catalina.loader.WebappClassLoaderBase.checkStateForResourceLoading(WebappClassLoaderBase.java:1244)
		at org.apache.catalina.loader.WebappClassLoaderBase.getResource(WebappClassLoaderBase.java:854)
		at com.mysql.cj.jdbc.AbandonedConnectionCleanupThread.checkThreadContextClassLoader(AbandonedConnectionCleanupThread.java:123)
		at com.mysql.cj.jdbc.AbandonedConnectionCleanupThread.run(AbandonedConnectionCleanupThread.java:90)
		at java.base/java.util.concurrent.ThreadPoolExecutor.runWorker(ThreadPoolExecutor.java:1136)
		at java.base/java.util.concurrent.ThreadPoolExecutor$Worker.run(ThreadPoolExecutor.java:635)
		at java.base/java.lang.Thread.run(Thread.java:833)
08-May-2026 16:30:47.106 INFO [mysql-cj-abandoned-connection-cleanup] org.apache.catalina.loader.WebappClassLoaderBase.checkStateForResourceLoading Illegal access: this web application instance has been stopped already. Could not load []. The following stack trace is thrown for debugging purposes as well as to attempt to terminate the thread which caused the illegal access.
	java.lang.IllegalStateException: Illegal access: this web application instance has been stopped already. Could not load []. The following stack trace is thrown for debugging purposes as well as to attempt to terminate the thread which caused the illegal access.
		at org.apache.catalina.loader.WebappClassLoaderBase.checkStateForResourceLoading(WebappClassLoaderBase.java:1244)
		at org.apache.catalina.loader.WebappClassLoaderBase.getResource(WebappClassLoaderBase.java:854)
		at com.mysql.cj.jdbc.AbandonedConnectionCleanupThread.checkThreadContextClassLoader(AbandonedConnectionCleanupThread.java:123)
		at com.mysql.cj.jdbc.AbandonedConnectionCleanupThread.run(AbandonedConnectionCleanupThread.java:90)
		at java.base/java.util.concurrent.ThreadPoolExecutor.runWorker(ThreadPoolExecutor.java:1136)
		at java.base/java.util.concurrent.ThreadPoolExecutor$Worker.run(ThreadPoolExecutor.java:635)
		at java.base/java.lang.Thread.run(Thread.java:833)
08-May-2026 16:30:47.107 INFO [mysql-cj-abandoned-connection-cleanup] org.apache.catalina.loader.WebappClassLoaderBase.checkStateForResourceLoading Illegal access: this web application instance has been stopped already. Could not load []. The following stack trace is thrown for debugging purposes as well as to attempt to terminate the thread which caused the illegal access.
	java.lang.IllegalStateException: Illegal access: this web application instance has been stopped already. Could not load []. The following stack trace is thrown for debugging purposes as well as to attempt to terminate the thread which caused the illegal access.
		at org.apache.catalina.loader.WebappClassLoaderBase.checkStateForResourceLoading(WebappClassLoaderBase.java:1244)
		at org.apache.catalina.loader.WebappClassLoaderBase.getResource(WebappClassLoaderBase.java:854)
		at com.mysql.cj.jdbc.AbandonedConnectionCleanupThread.checkThreadContextClassLoader(AbandonedConnectionCleanupThread.java:123)
		at com.mysql.cj.jdbc.AbandonedConnectionCleanupThread.run(AbandonedConnectionCleanupThread.java:90)
		at java.base/java.util.concurrent.ThreadPoolExecutor.runWorker(ThreadPoolExecutor.java:1136)
		at java.base/java.util.concurrent.ThreadPoolExecutor$Worker.run(ThreadPoolExecutor.java:635)
		at java.base/java.lang.Thread.run(Thread.java:833)
08-May-2026 16:30:47.107 INFO [mysql-cj-abandoned-connection-cleanup] org.apache.catalina.loader.WebappClassLoaderBase.checkStateForResourceLoading Illegal access: this web application instance has been stopped already. Could not load []. The following stack trace is thrown for debugging purposes as well as to attempt to terminate the thread which caused the illegal access.
	java.lang.IllegalStateException: Illegal access: this web application instance has been stopped already. Could not load []. The following stack trace is thrown for debugging purposes as well as to attempt to terminate the thread which caused the illegal access.
		at org.apache.catalina.loader.WebappClassLoaderBase.checkStateForResourceLoading(WebappClassLoaderBase.java:1244)
		at org.apache.catalina.loader.WebappClassLoaderBase.getResource(WebappClassLoaderBase.java:854)
		at com.mysql.cj.jdbc.AbandonedConnectionCleanupThread.checkThreadContextClassLoader(AbandonedConnectionCleanupThread.java:123)
		at com.mysql.cj.jdbc.AbandonedConnectionCleanupThread.run(AbandonedConnectionCleanupThread.java:90)
		at java.base/java.util.concurrent.ThreadPoolExecutor.runWorker(ThreadPoolExecutor.java:1136)
		at java.base/java.util.concurrent.ThreadPoolExecutor$Worker.run(ThreadPoolExecutor.java:635)
		at java.base/java.lang.Thread.run(Thread.java:833)
08-May-2026 16:30:47.114 INFO [main] org.apache.coyote.AbstractProtocol.destroy Destroying ProtocolHandler ["http-nio-8080"]
08-May-2026 16:30:47.140 INFO [mysql-cj-abandoned-connection-cleanup] org.apache.catalina.loader.WebappClassLoaderBase.checkStateForResourceLoading Illegal access: this web application instance has been stopped already. Could not load []. The following stack trace is thrown for debugging purposes as well as to attempt to terminate the thread which caused the illegal access.
	java.lang.IllegalStateException: Illegal access: this web application instance has been stopped already. Could not load []. The following stack trace is thrown for debugging purposes as well as to attempt to terminate the thread which caused the illegal access.
		at org.apache.catalina.loader.WebappClassLoaderBase.checkStateForResourceLoading(WebappClassLoaderBase.java:1244)
		at org.apache.catalina.loader.WebappClassLoaderBase.getResource(WebappClassLoaderBase.java:854)
		at com.mysql.cj.jdbc.AbandonedConnectionCleanupThread.checkThreadContextClassLoader(AbandonedConnectionCleanupThread.java:123)
		at com.mysql.cj.jdbc.AbandonedConnectionCleanupThread.run(AbandonedConnectionCleanupThread.java:90)
		at java.base/java.util.concurrent.ThreadPoolExecutor.runWorker(ThreadPoolExecutor.java:1136)
		at java.base/java.util.concurrent.ThreadPoolExecutor$Worker.run(ThreadPoolExecutor.java:635)
		at java.base/java.lang.Thread.run(Thread.java:833)
08-May-2026 16:30:47.140 INFO [mysql-cj-abandoned-connection-cleanup] org.apache.catalina.loader.WebappClassLoaderBase.checkStateForResourceLoading Illegal access: this web application instance has been stopped already. Could not load []. The following stack trace is thrown for debugging purposes as well as to attempt to terminate the thread which caused the illegal access.
	java.lang.IllegalStateException: Illegal access: this web application instance has been stopped already. Could not load []. The following stack trace is thrown for debugging purposes as well as to attempt to terminate the thread which caused the illegal access.
		at org.apache.catalina.loader.WebappClassLoaderBase.checkStateForResourceLoading(WebappClassLoaderBase.java:1244)
		at org.apache.catalina.loader.WebappClassLoaderBase.getResource(WebappClassLoaderBase.java:854)
		at com.mysql.cj.jdbc.AbandonedConnectionCleanupThread.checkThreadContextClassLoader(AbandonedConnectionCleanupThread.java:123)
		at com.mysql.cj.jdbc.AbandonedConnectionCleanupThread.run(AbandonedConnectionCleanupThread.java:90)
		at java.base/java.util.concurrent.ThreadPoolExecutor.runWorker(ThreadPoolExecutor.java:1136)
		at java.base/java.util.concurrent.ThreadPoolExecutor$Worker.run(ThreadPoolExecutor.java:635)
		at java.base/java.lang.Thread.run(Thread.java:833)
08-May-2026 16:30:47.141 INFO [mysql-cj-abandoned-connection-cleanup] org.apache.catalina.loader.WebappClassLoaderBase.checkStateForResourceLoading Illegal access: this web application instance has been stopped already. Could not load []. The following stack trace is thrown for debugging purposes as well as to attempt to terminate the thread which caused the illegal access.
	java.lang.IllegalStateException: Illegal access: this web application instance has been stopped already. Could not load []. The following stack trace is thrown for debugging purposes as well as to attempt to terminate the thread which caused the illegal access.
		at org.apache.catalina.loader.WebappClassLoaderBase.checkStateForResourceLoading(WebappClassLoaderBase.java:1244)
		at org.apache.catalina.loader.WebappClassLoaderBase.getResource(WebappClassLoaderBase.java:854)
		at com.mysql.cj.jdbc.AbandonedConnectionCleanupThread.checkThreadContextClassLoader(AbandonedConnectionCleanupThread.java:123)
		at com.mysql.cj.jdbc.AbandonedConnectionCleanupThread.run(AbandonedConnectionCleanupThread.java:90)
		at java.base/java.util.concurrent.ThreadPoolExecutor.runWorker(ThreadPoolExecutor.java:1136)
		at java.base/java.util.concurrent.ThreadPoolExecutor$Worker.run(ThreadPoolExecutor.java:635)
		at java.base/java.lang.Thread.run(Thread.java:833)
08-May-2026 16:30:47.203 INFO [mysql-cj-abandoned-connection-cleanup] org.apache.catalina.loader.WebappClassLoaderBase.checkStateForResourceLoading Illegal access: this web application instance has been stopped already. Could not load []. The following stack trace is thrown for debugging purposes as well as to attempt to terminate the thread which caused the illegal access.
	java.lang.IllegalStateException: Illegal access: this web application instance has been stopped already. Could not load []. The following stack trace is thrown for debugging purposes as well as to attempt to terminate the thread which caused the illegal access.
		at org.apache.catalina.loader.WebappClassLoaderBase.checkStateForResourceLoading(WebappClassLoaderBase.java:1244)
		at org.apache.catalina.loader.WebappClassLoaderBase.getResource(WebappClassLoaderBase.java:854)
		at com.mysql.cj.jdbc.AbandonedConnectionCleanupThread.checkThreadContextClassLoader(AbandonedConnectionCleanupThread.java:123)
		at com.mysql.cj.jdbc.AbandonedConnectionCleanupThread.run(AbandonedConnectionCleanupThread.java:90)
		at java.base/java.util.concurrent.ThreadPoolExecutor.runWorker(ThreadPoolExecutor.java:1136)
		at java.base/java.util.concurrent.ThreadPoolExecutor$Worker.run(ThreadPoolExecutor.java:635)
		at java.base/java.lang.Thread.run(Thread.java:833)
08-May-2026 16:30:47.203 INFO [mysql-cj-abandoned-connection-cleanup] org.apache.catalina.loader.WebappClassLoaderBase.checkStateForResourceLoading Illegal access: this web application instance has been stopped already. Could not load []. The following stack trace is thrown for debugging purposes as well as to attempt to terminate the thread which caused the illegal access.
	java.lang.IllegalStateException: Illegal access: this web application instance has been stopped already. Could not load []. The following stack trace is thrown for debugging purposes as well as to attempt to terminate the thread which caused the illegal access.
		at org.apache.catalina.loader.WebappClassLoaderBase.checkStateForResourceLoading(WebappClassLoaderBase.java:1244)
		at org.apache.catalina.loader.WebappClassLoaderBase.getResource(WebappClassLoaderBase.java:854)
		at com.mysql.cj.jdbc.AbandonedConnectionCleanupThread.checkThreadContextClassLoader(AbandonedConnectionCleanupThread.java:123)
		at com.mysql.cj.jdbc.AbandonedConnectionCleanupThread.run(AbandonedConnectionCleanupThread.java:90)
		at java.base/java.util.concurrent.ThreadPoolExecutor.runWorker(ThreadPoolExecutor.java:1136)
		at java.base/java.util.concurrent.ThreadPoolExecutor$Worker.run(ThreadPoolExecutor.java:635)
		at java.base/java.lang.Thread.run(Thread.java:833)
08-May-2026 16:30:47.204 INFO [mysql-cj-abandoned-connection-cleanup] org.apache.catalina.loader.WebappClassLoaderBase.checkStateForResourceLoading Illegal access: this web application instance has been stopped already. Could not load []. The following stack trace is thrown for debugging purposes as well as to attempt to terminate the thread which caused the illegal access.
	java.lang.IllegalStateException: Illegal access: this web application instance has been stopped already. Could not load []. The following stack trace is thrown for debugging purposes as well as to attempt to terminate the thread which caused the illegal access.
		at org.apache.catalina.loader.WebappClassLoaderBase.checkStateForResourceLoading(WebappClassLoaderBase.java:1244)
		at org.apache.catalina.loader.WebappClassLoaderBase.getResource(WebappClassLoaderBase.java:854)
		at com.mysql.cj.jdbc.AbandonedConnectionCleanupThread.checkThreadContextClassLoader(AbandonedConnectionCleanupThread.java:123)
		at com.mysql.cj.jdbc.AbandonedConnectionCleanupThread.run(AbandonedConnectionCleanupThread.java:90)
		at java.base/java.util.concurrent.ThreadPoolExecutor.runWorker(ThreadPoolExecutor.java:1136)
		at java.base/java.util.concurrent.ThreadPoolExecutor$Worker.run(ThreadPoolExecutor.java:635)
		at java.base/java.lang.Thread.run(Thread.java:833)
08-May-2026 16:30:47.204 INFO [mysql-cj-abandoned-connection-cleanup] org.apache.catalina.loader.WebappClassLoaderBase.checkStateForResourceLoading Illegal access: this web application instance has been stopped already. Could not load []. The following stack trace is thrown for debugging purposes as well as to attempt to terminate the thread which caused the illegal access.
	java.lang.IllegalStateException: Illegal access: this web application instance has been stopped already. Could not load []. The following stack trace is thrown for debugging purposes as well as to attempt to terminate the thread which caused the illegal access.
		at org.apache.catalina.loader.WebappClassLoaderBase.checkStateForResourceLoading(WebappClassLoaderBase.java:1244)
		at org.apache.catalina.loader.WebappClassLoaderBase.getResource(WebappClassLoaderBase.java:854)
		at com.mysql.cj.jdbc.AbandonedConnectionCleanupThread.checkThreadContextClassLoader(AbandonedConnectionCleanupThread.java:123)
		at com.mysql.cj.jdbc.AbandonedConnectionCleanupThread.run(AbandonedConnectionCleanupThread.java:90)
		at java.base/java.util.concurrent.ThreadPoolExecutor.runWorker(ThreadPoolExecutor.java:1136)
		at java.base/java.util.concurrent.ThreadPoolExecutor$Worker.run(ThreadPoolExecutor.java:635)
		at java.base/java.lang.Thread.run(Thread.java:833)
08-May-2026 16:30:52.693 INFO [main] org.apache.catalina.startup.VersionLoggerListener.log Server version name:   Apache Tomcat/11.0.21
08-May-2026 16:30:52.696 INFO [main] org.apache.catalina.startup.VersionLoggerListener.log Server built:          Mar 30 2026 14:59:44 UTC
08-May-2026 16:30:52.696 INFO [main] org.apache.catalina.startup.VersionLoggerListener.log Server version number: 11.0.21.0
08-May-2026 16:30:52.697 INFO [main] org.apache.catalina.startup.VersionLoggerListener.log OS Name:               Windows 10
08-May-2026 16:30:52.697 INFO [main] org.apache.catalina.startup.VersionLoggerListener.log OS Version:            10.0
08-May-2026 16:30:52.697 INFO [main] org.apache.catalina.startup.VersionLoggerListener.log Architecture:          amd64
08-May-2026 16:30:52.697 INFO [main] org.apache.catalina.startup.VersionLoggerListener.log Java Home:             C:\Program Files\Java\jdk-17.0.8
08-May-2026 16:30:52.698 INFO [main] org.apache.catalina.startup.VersionLoggerListener.log JVM Version:           17.0.8+9-LTS-211
08-May-2026 16:30:52.698 INFO [main] org.apache.catalina.startup.VersionLoggerListener.log JVM Vendor:            Oracle Corporation
08-May-2026 16:30:52.698 INFO [main] org.apache.catalina.startup.VersionLoggerListener.log CATALINA_BASE:         C:\e-commerce\.devtomcat\Tomcat_Server_e6f0999f
08-May-2026 16:30:52.698 INFO [main] org.apache.catalina.startup.VersionLoggerListener.log CATALINA_HOME:         E:\apache-tomcat-11.0.21
08-May-2026 16:30:52.702 INFO [main] org.apache.catalina.startup.VersionLoggerListener.log Command line argument: -Dcom.sun.management.jmxremote
08-May-2026 16:30:52.702 INFO [main] org.apache.catalina.startup.VersionLoggerListener.log Command line argument: -Dcom.sun.management.jmxremote.port=1099
08-May-2026 16:30:52.702 INFO [main] org.apache.catalina.startup.VersionLoggerListener.log Command line argument: -Dcom.sun.management.jmxremote.ssl=false
08-May-2026 16:30:52.702 INFO [main] org.apache.catalina.startup.VersionLoggerListener.log Command line argument: -Dcom.sun.management.jmxremote.authenticate=false
08-May-2026 16:30:52.703 INFO [main] org.apache.catalina.startup.VersionLoggerListener.log Command line argument: -Dcom.sun.management.jmxremote.local.only=false
08-May-2026 16:30:52.703 INFO [main] org.apache.catalina.startup.VersionLoggerListener.log Command line argument: --add-opens=java.base/java.lang=ALL-UNNAMED
08-May-2026 16:30:52.703 INFO [main] org.apache.catalina.startup.VersionLoggerListener.log Command line argument: --add-opens=java.base/java.io=ALL-UNNAMED
08-May-2026 16:30:52.703 INFO [main] org.apache.catalina.startup.VersionLoggerListener.log Command line argument: --add-opens=java.base/java.util=ALL-UNNAMED
08-May-2026 16:30:52.703 INFO [main] org.apache.catalina.startup.VersionLoggerListener.log Command line argument: --add-opens=java.base/java.util.concurrent=ALL-UNNAMED
08-May-2026 16:30:52.704 INFO [main] org.apache.catalina.startup.VersionLoggerListener.log Command line argument: --add-opens=java.rmi/sun.rmi.transport=ALL-UNNAMED
08-May-2026 16:30:52.704 INFO [main] org.apache.catalina.startup.VersionLoggerListener.log Command line argument: -Dcatalina.home=E:\apache-tomcat-11.0.21
08-May-2026 16:30:52.704 INFO [main] org.apache.catalina.startup.VersionLoggerListener.log Command line argument: -Dcatalina.base=C:\e-commerce\.devtomcat\Tomcat_Server_e6f0999f
08-May-2026 16:30:52.704 INFO [main] org.apache.catalina.startup.VersionLoggerListener.log Command line argument: -Djava.io.tmpdir=C:\e-commerce\.devtomcat\Tomcat_Server_e6f0999f\temp
08-May-2026 16:30:52.704 INFO [main] org.apache.catalina.startup.VersionLoggerListener.log Command line argument: -Djava.util.logging.config.file=C:\e-commerce\.devtomcat\Tomcat_Server_e6f0999f\conf\logging.properties
08-May-2026 16:30:52.704 INFO [main] org.apache.catalina.startup.VersionLoggerListener.log Command line argument: -Djava.util.logging.manager=org.apache.juli.ClassLoaderLogManager
08-May-2026 16:30:52.705 INFO [main] org.apache.catalina.startup.VersionLoggerListener.log Command line argument: -Dserver.port=8080
08-May-2026 16:30:52.705 INFO [main] org.apache.catalina.startup.VersionLoggerListener.log Command line argument: -Dserver.shutdown.port=8005
08-May-2026 16:30:52.705 INFO [main] org.apache.catalina.startup.VersionLoggerListener.log Command line argument: -javaagent:C:\Program Files\JetBrains\IntelliJ IDEA 2025.3.1.1\lib\idea_rt.jar=61405
08-May-2026 16:30:52.705 INFO [main] org.apache.catalina.startup.VersionLoggerListener.log Command line argument: -Dfile.encoding=UTF-8
08-May-2026 16:30:52.708 INFO [main] org.apache.catalina.core.AprLifecycleListener.lifecycleEvent Loaded Apache Tomcat Native library [2.0.14] using APR version [1.7.6].
08-May-2026 16:30:52.713 INFO [main] org.apache.catalina.core.AprLifecycleListener.initializeSSL OpenSSL successfully initialized [OpenSSL 3.5.5 27 Jan 2026]
08-May-2026 16:30:52.986 INFO [main] org.apache.coyote.AbstractProtocol.init Initializing ProtocolHandler ["http-nio-8080"]
08-May-2026 16:30:53.015 INFO [main] org.apache.catalina.startup.Catalina.load Server initialization in [595] milliseconds
08-May-2026 16:30:53.085 INFO [main] org.apache.catalina.core.StandardService.startInternal Starting service [Catalina]
08-May-2026 16:30:53.085 INFO [main] org.apache.catalina.core.StandardEngine.startInternal Starting Servlet engine: [Apache Tomcat/11.0.21]
08-May-2026 16:30:53.101 INFO [main] org.apache.catalina.startup.HostConfig.deployDescriptor Deploying deployment descriptor [C:\e-commerce\.devtomcat\Tomcat_Server_e6f0999f\conf\Catalina\localhost\e-commerce.xml]
08-May-2026 16:30:54.571 INFO [main] org.apache.jasper.servlet.TldScanner.scanJars At least one JAR was scanned for TLDs yet contained no TLDs. Enable debug logging for this logger for a complete list of JARs that were scanned but no TLDs were found in them. Skipping unneeded JARs during scanning can improve startup time and JSP compilation time.
08-May-2026 16:30:54.729 INFO [main] org.apache.catalina.startup.HostConfig.deployDescriptor Deployment of deployment descriptor [C:\e-commerce\.devtomcat\Tomcat_Server_e6f0999f\conf\Catalina\localhost\e-commerce.xml] has finished in [1,627] ms
08-May-2026 16:30:54.737 INFO [main] org.apache.coyote.AbstractProtocol.start Starting ProtocolHandler ["http-nio-8080"]
08-May-2026 16:30:54.765 INFO [main] org.apache.catalina.startup.Catalina.start Server startup in [1750] milliseconds
08-May-2026 16:35:20.309 INFO [main] org.apache.catalina.core.StandardServer.await A valid shutdown command was received via the shutdown port. Stopping the Server instance.
08-May-2026 16:35:20.310 INFO [main] org.apache.coyote.AbstractProtocol.pause Pausing ProtocolHandler ["http-nio-8080"]
08-May-2026 16:35:20.378 INFO [main] org.apache.catalina.core.StandardService.stopInternal Stopping service [Catalina]
08-May-2026 16:35:20.383 WARNING [main] org.apache.catalina.loader.WebappClassLoaderBase.clearReferencesJdbc The web application [e-commerce] registered the JDBC driver [com.mysql.cj.jdbc.Driver] but failed to unregister it when the web application was stopped. To prevent a memory leak, the JDBC Driver has been forcibly unregistered.
08-May-2026 16:35:20.384 WARNING [main] org.apache.catalina.loader.WebappClassLoaderBase.clearReferencesThreads The web application [e-commerce] appears to have started a thread named [mysql-cj-abandoned-connection-cleanup] but has failed to stop it. This is very likely to create a memory leak. Stack trace of thread:
 java.base@17.0.8/java.lang.Object.wait(Native Method)
 java.base@17.0.8/java.lang.ref.ReferenceQueue.remove(ReferenceQueue.java:155)
 com.mysql.cj.jdbc.AbandonedConnectionCleanupThread.run(AbandonedConnectionCleanupThread.java:91)
 java.base@17.0.8/java.util.concurrent.ThreadPoolExecutor.runWorker(ThreadPoolExecutor.java:1136)
 java.base@17.0.8/java.util.concurrent.ThreadPoolExecutor$Worker.run(ThreadPoolExecutor.java:635)
 java.base@17.0.8/java.lang.Thread.run(Thread.java:833)
08-May-2026 16:35:20.389 INFO [main] org.apache.coyote.AbstractProtocol.stop Stopping ProtocolHandler ["http-nio-8080"]
08-May-2026 16:35:20.401 INFO [main] org.apache.coyote.AbstractProtocol.destroy Destroying ProtocolHandler ["http-nio-8080"]
08-May-2026 16:35:20.458 INFO [mysql-cj-abandoned-connection-cleanup] org.apache.catalina.loader.WebappClassLoaderBase.checkStateForResourceLoading Illegal access: this web application instance has been stopped already. Could not load []. The following stack trace is thrown for debugging purposes as well as to attempt to terminate the thread which caused the illegal access.
	java.lang.IllegalStateException: Illegal access: this web application instance has been stopped already. Could not load []. The following stack trace is thrown for debugging purposes as well as to attempt to terminate the thread which caused the illegal access.
		at org.apache.catalina.loader.WebappClassLoaderBase.checkStateForResourceLoading(WebappClassLoaderBase.java:1244)
		at org.apache.catalina.loader.WebappClassLoaderBase.getResource(WebappClassLoaderBase.java:854)
		at com.mysql.cj.jdbc.AbandonedConnectionCleanupThread.checkThreadContextClassLoader(AbandonedConnectionCleanupThread.java:123)
		at com.mysql.cj.jdbc.AbandonedConnectionCleanupThread.run(AbandonedConnectionCleanupThread.java:90)
		at java.base/java.util.concurrent.ThreadPoolExecutor.runWorker(ThreadPoolExecutor.java:1136)
		at java.base/java.util.concurrent.ThreadPoolExecutor$Worker.run(ThreadPoolExecutor.java:635)
		at java.base/java.lang.Thread.run(Thread.java:833)
08-May-2026 16:35:26.299 INFO [main] org.apache.catalina.startup.VersionLoggerListener.log Server version name:   Apache Tomcat/11.0.21
08-May-2026 16:35:26.303 INFO [main] org.apache.catalina.startup.VersionLoggerListener.log Server built:          Mar 30 2026 14:59:44 UTC
08-May-2026 16:35:26.303 INFO [main] org.apache.catalina.startup.VersionLoggerListener.log Server version number: 11.0.21.0
08-May-2026 16:35:26.303 INFO [main] org.apache.catalina.startup.VersionLoggerListener.log OS Name:               Windows 10
08-May-2026 16:35:26.304 INFO [main] org.apache.catalina.startup.VersionLoggerListener.log OS Version:            10.0
08-May-2026 16:35:26.304 INFO [main] org.apache.catalina.startup.VersionLoggerListener.log Architecture:          amd64
08-May-2026 16:35:26.304 INFO [main] org.apache.catalina.startup.VersionLoggerListener.log Java Home:             C:\Program Files\Java\jdk-17.0.8
08-May-2026 16:35:26.304 INFO [main] org.apache.catalina.startup.VersionLoggerListener.log JVM Version:           17.0.8+9-LTS-211
08-May-2026 16:35:26.305 INFO [main] org.apache.catalina.startup.VersionLoggerListener.log JVM Vendor:            Oracle Corporation
08-May-2026 16:35:26.305 INFO [main] org.apache.catalina.startup.VersionLoggerListener.log CATALINA_BASE:         C:\e-commerce\.devtomcat\Tomcat_Server_e6f0999f
08-May-2026 16:35:26.305 INFO [main] org.apache.catalina.startup.VersionLoggerListener.log CATALINA_HOME:         E:\apache-tomcat-11.0.21
08-May-2026 16:35:26.308 INFO [main] org.apache.catalina.startup.VersionLoggerListener.log Command line argument: -Dcom.sun.management.jmxremote
08-May-2026 16:35:26.308 INFO [main] org.apache.catalina.startup.VersionLoggerListener.log Command line argument: -Dcom.sun.management.jmxremote.port=1099
08-May-2026 16:35:26.308 INFO [main] org.apache.catalina.startup.VersionLoggerListener.log Command line argument: -Dcom.sun.management.jmxremote.ssl=false
08-May-2026 16:35:26.308 INFO [main] org.apache.catalina.startup.VersionLoggerListener.log Command line argument: -Dcom.sun.management.jmxremote.authenticate=false
08-May-2026 16:35:26.308 INFO [main] org.apache.catalina.startup.VersionLoggerListener.log Command line argument: -Dcom.sun.management.jmxremote.local.only=false
08-May-2026 16:35:26.309 INFO [main] org.apache.catalina.startup.VersionLoggerListener.log Command line argument: --add-opens=java.base/java.lang=ALL-UNNAMED
08-May-2026 16:35:26.309 INFO [main] org.apache.catalina.startup.VersionLoggerListener.log Command line argument: --add-opens=java.base/java.io=ALL-UNNAMED
08-May-2026 16:35:26.309 INFO [main] org.apache.catalina.startup.VersionLoggerListener.log Command line argument: --add-opens=java.base/java.util=ALL-UNNAMED
08-May-2026 16:35:26.309 INFO [main] org.apache.catalina.startup.VersionLoggerListener.log Command line argument: --add-opens=java.base/java.util.concurrent=ALL-UNNAMED
08-May-2026 16:35:26.309 INFO [main] org.apache.catalina.startup.VersionLoggerListener.log Command line argument: --add-opens=java.rmi/sun.rmi.transport=ALL-UNNAMED
08-May-2026 16:35:26.310 INFO [main] org.apache.catalina.startup.VersionLoggerListener.log Command line argument: -Dcatalina.home=E:\apache-tomcat-11.0.21
08-May-2026 16:35:26.310 INFO [main] org.apache.catalina.startup.VersionLoggerListener.log Command line argument: -Dcatalina.base=C:\e-commerce\.devtomcat\Tomcat_Server_e6f0999f
08-May-2026 16:35:26.310 INFO [main] org.apache.catalina.startup.VersionLoggerListener.log Command line argument: -Djava.io.tmpdir=C:\e-commerce\.devtomcat\Tomcat_Server_e6f0999f\temp
08-May-2026 16:35:26.310 INFO [main] org.apache.catalina.startup.VersionLoggerListener.log Command line argument: -Djava.util.logging.config.file=C:\e-commerce\.devtomcat\Tomcat_Server_e6f0999f\conf\logging.properties
08-May-2026 16:35:26.310 INFO [main] org.apache.catalina.startup.VersionLoggerListener.log Command line argument: -Djava.util.logging.manager=org.apache.juli.ClassLoaderLogManager
08-May-2026 16:35:26.310 INFO [main] org.apache.catalina.startup.VersionLoggerListener.log Command line argument: -Dserver.port=8080
08-May-2026 16:35:26.311 INFO [main] org.apache.catalina.startup.VersionLoggerListener.log Command line argument: -Dserver.shutdown.port=8005
08-May-2026 16:35:26.311 INFO [main] org.apache.catalina.startup.VersionLoggerListener.log Command line argument: -javaagent:C:\Program Files\JetBrains\IntelliJ IDEA 2025.3.1.1\lib\idea_rt.jar=55645
08-May-2026 16:35:26.311 INFO [main] org.apache.catalina.startup.VersionLoggerListener.log Command line argument: -Dfile.encoding=UTF-8
08-May-2026 16:35:26.314 INFO [main] org.apache.catalina.core.AprLifecycleListener.lifecycleEvent Loaded Apache Tomcat Native library [2.0.14] using APR version [1.7.6].
08-May-2026 16:35:26.322 INFO [main] org.apache.catalina.core.AprLifecycleListener.initializeSSL OpenSSL successfully initialized [OpenSSL 3.5.5 27 Jan 2026]
08-May-2026 16:35:26.642 INFO [main] org.apache.coyote.AbstractProtocol.init Initializing ProtocolHandler ["http-nio-8080"]
08-May-2026 16:35:26.669 INFO [main] org.apache.catalina.startup.Catalina.load Server initialization in [666] milliseconds
08-May-2026 16:35:26.727 INFO [main] org.apache.catalina.core.StandardService.startInternal Starting service [Catalina]
08-May-2026 16:35:26.728 INFO [main] org.apache.catalina.core.StandardEngine.startInternal Starting Servlet engine: [Apache Tomcat/11.0.21]
08-May-2026 16:35:26.741 INFO [main] org.apache.catalina.startup.HostConfig.deployDescriptor Deploying deployment descriptor [C:\e-commerce\.devtomcat\Tomcat_Server_e6f0999f\conf\Catalina\localhost\e-commerce.xml]
08-May-2026 16:35:28.180 INFO [main] org.apache.jasper.servlet.TldScanner.scanJars At least one JAR was scanned for TLDs yet contained no TLDs. Enable debug logging for this logger for a complete list of JARs that were scanned but no TLDs were found in them. Skipping unneeded JARs during scanning can improve startup time and JSP compilation time.
08-May-2026 16:35:28.557 WARNING [main] org.apache.catalina.util.SessionIdGeneratorBase.createSecureRandom Creation of SecureRandom instance for session ID generation using [SHA1PRNG] took [340] milliseconds.
08-May-2026 16:35:28.614 INFO [main] org.apache.catalina.startup.HostConfig.deployDescriptor Deployment of deployment descriptor [C:\e-commerce\.devtomcat\Tomcat_Server_e6f0999f\conf\Catalina\localhost\e-commerce.xml] has finished in [1,873] ms
08-May-2026 16:35:28.620 INFO [main] org.apache.coyote.AbstractProtocol.start Starting ProtocolHandler ["http-nio-8080"]
08-May-2026 16:35:28.649 INFO [main] org.apache.catalina.startup.Catalina.start Server startup in [1978] milliseconds
08-May-2026 16:43:46.999 INFO [main] org.apache.catalina.core.StandardServer.await A valid shutdown command was received via the shutdown port. Stopping the Server instance.
08-May-2026 16:43:47.000 INFO [main] org.apache.coyote.AbstractProtocol.pause Pausing ProtocolHandler ["http-nio-8080"]
08-May-2026 16:43:47.072 INFO [main] org.apache.catalina.core.StandardService.stopInternal Stopping service [Catalina]
08-May-2026 16:43:47.077 WARNING [main] org.apache.catalina.loader.WebappClassLoaderBase.clearReferencesJdbc The web application [e-commerce] registered the JDBC driver [com.mysql.cj.jdbc.Driver] but failed to unregister it when the web application was stopped. To prevent a memory leak, the JDBC Driver has been forcibly unregistered.
08-May-2026 16:43:47.078 WARNING [main] org.apache.catalina.loader.WebappClassLoaderBase.clearReferencesThreads The web application [e-commerce] appears to have started a thread named [mysql-cj-abandoned-connection-cleanup] but has failed to stop it. This is very likely to create a memory leak. Stack trace of thread:
 java.base@17.0.8/java.lang.Object.wait(Native Method)
 java.base@17.0.8/java.lang.ref.ReferenceQueue.remove(ReferenceQueue.java:155)
 com.mysql.cj.jdbc.AbandonedConnectionCleanupThread.run(AbandonedConnectionCleanupThread.java:91)
 java.base@17.0.8/java.util.concurrent.ThreadPoolExecutor.runWorker(ThreadPoolExecutor.java:1136)
 java.base@17.0.8/java.util.concurrent.ThreadPoolExecutor$Worker.run(ThreadPoolExecutor.java:635)
 java.base@17.0.8/java.lang.Thread.run(Thread.java:833)
08-May-2026 16:43:47.084 INFO [main] org.apache.coyote.AbstractProtocol.stop Stopping ProtocolHandler ["http-nio-8080"]
08-May-2026 16:43:47.101 INFO [main] org.apache.coyote.AbstractProtocol.destroy Destroying ProtocolHandler ["http-nio-8080"]
08-May-2026 16:43:47.156 INFO [mysql-cj-abandoned-connection-cleanup] org.apache.catalina.loader.WebappClassLoaderBase.checkStateForResourceLoading Illegal access: this web application instance has been stopped already. Could not load []. The following stack trace is thrown for debugging purposes as well as to attempt to terminate the thread which caused the illegal access.
	java.lang.IllegalStateException: Illegal access: this web application instance has been stopped already. Could not load []. The following stack trace is thrown for debugging purposes as well as to attempt to terminate the thread which caused the illegal access.
		at org.apache.catalina.loader.WebappClassLoaderBase.checkStateForResourceLoading(WebappClassLoaderBase.java:1244)
		at org.apache.catalina.loader.WebappClassLoaderBase.getResource(WebappClassLoaderBase.java:854)
		at com.mysql.cj.jdbc.AbandonedConnectionCleanupThread.checkThreadContextClassLoader(AbandonedConnectionCleanupThread.java:123)
		at com.mysql.cj.jdbc.AbandonedConnectionCleanupThread.run(AbandonedConnectionCleanupThread.java:90)
		at java.base/java.util.concurrent.ThreadPoolExecutor.runWorker(ThreadPoolExecutor.java:1136)
		at java.base/java.util.concurrent.ThreadPoolExecutor$Worker.run(ThreadPoolExecutor.java:635)
		at java.base/java.lang.Thread.run(Thread.java:833)
08-May-2026 16:43:53.333 INFO [main] org.apache.catalina.startup.VersionLoggerListener.log Server version name:   Apache Tomcat/11.0.21
08-May-2026 16:43:53.341 INFO [main] org.apache.catalina.startup.VersionLoggerListener.log Server built:          Mar 30 2026 14:59:44 UTC
08-May-2026 16:43:53.342 INFO [main] org.apache.catalina.startup.VersionLoggerListener.log Server version number: 11.0.21.0
08-May-2026 16:43:53.343 INFO [main] org.apache.catalina.startup.VersionLoggerListener.log OS Name:               Windows 10
08-May-2026 16:43:53.343 INFO [main] org.apache.catalina.startup.VersionLoggerListener.log OS Version:            10.0
08-May-2026 16:43:53.343 INFO [main] org.apache.catalina.startup.VersionLoggerListener.log Architecture:          amd64
08-May-2026 16:43:53.343 INFO [main] org.apache.catalina.startup.VersionLoggerListener.log Java Home:             C:\Program Files\Java\jdk-17.0.8
08-May-2026 16:43:53.344 INFO [main] org.apache.catalina.startup.VersionLoggerListener.log JVM Version:           17.0.8+9-LTS-211
08-May-2026 16:43:53.344 INFO [main] org.apache.catalina.startup.VersionLoggerListener.log JVM Vendor:            Oracle Corporation
08-May-2026 16:43:53.344 INFO [main] org.apache.catalina.startup.VersionLoggerListener.log CATALINA_BASE:         C:\e-commerce\.devtomcat\Tomcat_Server_e6f0999f
08-May-2026 16:43:53.344 INFO [main] org.apache.catalina.startup.VersionLoggerListener.log CATALINA_HOME:         E:\apache-tomcat-11.0.21
08-May-2026 16:43:53.347 INFO [main] org.apache.catalina.startup.VersionLoggerListener.log Command line argument: -Dcom.sun.management.jmxremote
08-May-2026 16:43:53.347 INFO [main] org.apache.catalina.startup.VersionLoggerListener.log Command line argument: -Dcom.sun.management.jmxremote.port=1099
08-May-2026 16:43:53.348 INFO [main] org.apache.catalina.startup.VersionLoggerListener.log Command line argument: -Dcom.sun.management.jmxremote.ssl=false
08-May-2026 16:43:53.348 INFO [main] org.apache.catalina.startup.VersionLoggerListener.log Command line argument: -Dcom.sun.management.jmxremote.authenticate=false
08-May-2026 16:43:53.348 INFO [main] org.apache.catalina.startup.VersionLoggerListener.log Command line argument: -Dcom.sun.management.jmxremote.local.only=false
08-May-2026 16:43:53.348 INFO [main] org.apache.catalina.startup.VersionLoggerListener.log Command line argument: --add-opens=java.base/java.lang=ALL-UNNAMED
08-May-2026 16:43:53.348 INFO [main] org.apache.catalina.startup.VersionLoggerListener.log Command line argument: --add-opens=java.base/java.io=ALL-UNNAMED
08-May-2026 16:43:53.348 INFO [main] org.apache.catalina.startup.VersionLoggerListener.log Command line argument: --add-opens=java.base/java.util=ALL-UNNAMED
08-May-2026 16:43:53.349 INFO [main] org.apache.catalina.startup.VersionLoggerListener.log Command line argument: --add-opens=java.base/java.util.concurrent=ALL-UNNAMED
08-May-2026 16:43:53.349 INFO [main] org.apache.catalina.startup.VersionLoggerListener.log Command line argument: --add-opens=java.rmi/sun.rmi.transport=ALL-UNNAMED
08-May-2026 16:43:53.349 INFO [main] org.apache.catalina.startup.VersionLoggerListener.log Command line argument: -Dcatalina.home=E:\apache-tomcat-11.0.21
08-May-2026 16:43:53.349 INFO [main] org.apache.catalina.startup.VersionLoggerListener.log Command line argument: -Dcatalina.base=C:\e-commerce\.devtomcat\Tomcat_Server_e6f0999f
08-May-2026 16:43:53.349 INFO [main] org.apache.catalina.startup.VersionLoggerListener.log Command line argument: -Djava.io.tmpdir=C:\e-commerce\.devtomcat\Tomcat_Server_e6f0999f\temp
08-May-2026 16:43:53.350 INFO [main] org.apache.catalina.startup.VersionLoggerListener.log Command line argument: -Djava.util.logging.config.file=C:\e-commerce\.devtomcat\Tomcat_Server_e6f0999f\conf\logging.properties
08-May-2026 16:43:53.350 INFO [main] org.apache.catalina.startup.VersionLoggerListener.log Command line argument: -Djava.util.logging.manager=org.apache.juli.ClassLoaderLogManager
08-May-2026 16:43:53.350 INFO [main] org.apache.catalina.startup.VersionLoggerListener.log Command line argument: -Dserver.port=8080
08-May-2026 16:43:53.350 INFO [main] org.apache.catalina.startup.VersionLoggerListener.log Command line argument: -Dserver.shutdown.port=8005
08-May-2026 16:43:53.350 INFO [main] org.apache.catalina.startup.VersionLoggerListener.log Command line argument: -javaagent:C:\Program Files\JetBrains\IntelliJ IDEA 2025.3.1.1\lib\idea_rt.jar=65035
08-May-2026 16:43:53.351 INFO [main] org.apache.catalina.startup.VersionLoggerListener.log Command line argument: -Dfile.encoding=UTF-8
08-May-2026 16:43:53.372 INFO [main] org.apache.catalina.core.AprLifecycleListener.lifecycleEvent Loaded Apache Tomcat Native library [2.0.14] using APR version [1.7.6].
08-May-2026 16:43:53.385 INFO [main] org.apache.catalina.core.AprLifecycleListener.initializeSSL OpenSSL successfully initialized [OpenSSL 3.5.5 27 Jan 2026]
08-May-2026 16:43:53.796 INFO [main] org.apache.coyote.AbstractProtocol.init Initializing ProtocolHandler ["http-nio-8080"]
08-May-2026 16:43:53.823 INFO [main] org.apache.catalina.startup.Catalina.load Server initialization in [912] milliseconds
08-May-2026 16:43:53.901 INFO [main] org.apache.catalina.core.StandardService.startInternal Starting service [Catalina]
08-May-2026 16:43:53.902 INFO [main] org.apache.catalina.core.StandardEngine.startInternal Starting Servlet engine: [Apache Tomcat/11.0.21]
08-May-2026 16:43:53.920 INFO [main] org.apache.catalina.startup.HostConfig.deployDescriptor Deploying deployment descriptor [C:\e-commerce\.devtomcat\Tomcat_Server_e6f0999f\conf\Catalina\localhost\e-commerce.xml]
08-May-2026 16:43:55.542 INFO [main] org.apache.jasper.servlet.TldScanner.scanJars At least one JAR was scanned for TLDs yet contained no TLDs. Enable debug logging for this logger for a complete list of JARs that were scanned but no TLDs were found in them. Skipping unneeded JARs during scanning can improve startup time and JSP compilation time.
08-May-2026 16:43:55.931 WARNING [main] org.apache.catalina.util.SessionIdGeneratorBase.createSecureRandom Creation of SecureRandom instance for session ID generation using [SHA1PRNG] took [353] milliseconds.
08-May-2026 16:43:55.968 INFO [main] org.apache.catalina.startup.HostConfig.deployDescriptor Deployment of deployment descriptor [C:\e-commerce\.devtomcat\Tomcat_Server_e6f0999f\conf\Catalina\localhost\e-commerce.xml] has finished in [2,048] ms
08-May-2026 16:43:55.974 INFO [main] org.apache.coyote.AbstractProtocol.start Starting ProtocolHandler ["http-nio-8080"]
08-May-2026 16:43:56.011 INFO [main] org.apache.catalina.startup.Catalina.start Server startup in [2186] milliseconds
08-May-2026 18:10:16.414 INFO [main] org.apache.catalina.core.StandardServer.await A valid shutdown command was received via the shutdown port. Stopping the Server instance.
08-May-2026 18:10:16.416 INFO [main] org.apache.coyote.AbstractProtocol.pause Pausing ProtocolHandler ["http-nio-8080"]
08-May-2026 18:10:16.488 INFO [main] org.apache.catalina.core.StandardService.stopInternal Stopping service [Catalina]
08-May-2026 18:10:16.498 WARNING [main] org.apache.catalina.loader.WebappClassLoaderBase.clearReferencesJdbc The web application [e-commerce] registered the JDBC driver [com.mysql.cj.jdbc.Driver] but failed to unregister it when the web application was stopped. To prevent a memory leak, the JDBC Driver has been forcibly unregistered.
08-May-2026 18:10:16.499 WARNING [main] org.apache.catalina.loader.WebappClassLoaderBase.clearReferencesThreads The web application [e-commerce] appears to have started a thread named [mysql-cj-abandoned-connection-cleanup] but has failed to stop it. This is very likely to create a memory leak. Stack trace of thread:
 java.base@17.0.8/java.lang.Object.wait(Native Method)
 java.base@17.0.8/java.lang.ref.ReferenceQueue.remove(ReferenceQueue.java:155)
 com.mysql.cj.jdbc.AbandonedConnectionCleanupThread.run(AbandonedConnectionCleanupThread.java:91)
 java.base@17.0.8/java.util.concurrent.ThreadPoolExecutor.runWorker(ThreadPoolExecutor.java:1136)
 java.base@17.0.8/java.util.concurrent.ThreadPoolExecutor$Worker.run(ThreadPoolExecutor.java:635)
 java.base@17.0.8/java.lang.Thread.run(Thread.java:833)
08-May-2026 18:10:16.508 INFO [main] org.apache.coyote.AbstractProtocol.stop Stopping ProtocolHandler ["http-nio-8080"]
08-May-2026 18:10:16.523 INFO [main] org.apache.coyote.AbstractProtocol.destroy Destroying ProtocolHandler ["http-nio-8080"]
08-May-2026 18:10:16.616 INFO [mysql-cj-abandoned-connection-cleanup] org.apache.catalina.loader.WebappClassLoaderBase.checkStateForResourceLoading Illegal access: this web application instance has been stopped already. Could not load []. The following stack trace is thrown for debugging purposes as well as to attempt to terminate the thread which caused the illegal access.
	java.lang.IllegalStateException: Illegal access: this web application instance has been stopped already. Could not load []. The following stack trace is thrown for debugging purposes as well as to attempt to terminate the thread which caused the illegal access.
		at org.apache.catalina.loader.WebappClassLoaderBase.checkStateForResourceLoading(WebappClassLoaderBase.java:1244)
		at org.apache.catalina.loader.WebappClassLoaderBase.getResource(WebappClassLoaderBase.java:854)
		at com.mysql.cj.jdbc.AbandonedConnectionCleanupThread.checkThreadContextClassLoader(AbandonedConnectionCleanupThread.java:123)
		at com.mysql.cj.jdbc.AbandonedConnectionCleanupThread.run(AbandonedConnectionCleanupThread.java:90)
		at java.base/java.util.concurrent.ThreadPoolExecutor.runWorker(ThreadPoolExecutor.java:1136)
		at java.base/java.util.concurrent.ThreadPoolExecutor$Worker.run(ThreadPoolExecutor.java:635)
		at java.base/java.lang.Thread.run(Thread.java:833)
08-May-2026 18:10:22.926 INFO [main] org.apache.catalina.startup.VersionLoggerListener.log Server version name:   Apache Tomcat/11.0.21
08-May-2026 18:10:22.930 INFO [main] org.apache.catalina.startup.VersionLoggerListener.log Server built:          Mar 30 2026 14:59:44 UTC
08-May-2026 18:10:22.930 INFO [main] org.apache.catalina.startup.VersionLoggerListener.log Server version number: 11.0.21.0
08-May-2026 18:10:22.931 INFO [main] org.apache.catalina.startup.VersionLoggerListener.log OS Name:               Windows 10
08-May-2026 18:10:22.931 INFO [main] org.apache.catalina.startup.VersionLoggerListener.log OS Version:            10.0
08-May-2026 18:10:22.931 INFO [main] org.apache.catalina.startup.VersionLoggerListener.log Architecture:          amd64
08-May-2026 18:10:22.931 INFO [main] org.apache.catalina.startup.VersionLoggerListener.log Java Home:             C:\Program Files\Java\jdk-17.0.8
08-May-2026 18:10:22.931 INFO [main] org.apache.catalina.startup.VersionLoggerListener.log JVM Version:           17.0.8+9-LTS-211
08-May-2026 18:10:22.931 INFO [main] org.apache.catalina.startup.VersionLoggerListener.log JVM Vendor:            Oracle Corporation
08-May-2026 18:10:22.932 INFO [main] org.apache.catalina.startup.VersionLoggerListener.log CATALINA_BASE:         C:\e-commerce\.devtomcat\Tomcat_Server_e6f0999f
08-May-2026 18:10:22.932 INFO [main] org.apache.catalina.startup.VersionLoggerListener.log CATALINA_HOME:         E:\apache-tomcat-11.0.21
08-May-2026 18:10:22.934 INFO [main] org.apache.catalina.startup.VersionLoggerListener.log Command line argument: -Dcom.sun.management.jmxremote
08-May-2026 18:10:22.935 INFO [main] org.apache.catalina.startup.VersionLoggerListener.log Command line argument: -Dcom.sun.management.jmxremote.port=1099
08-May-2026 18:10:22.935 INFO [main] org.apache.catalina.startup.VersionLoggerListener.log Command line argument: -Dcom.sun.management.jmxremote.ssl=false
08-May-2026 18:10:22.935 INFO [main] org.apache.catalina.startup.VersionLoggerListener.log Command line argument: -Dcom.sun.management.jmxremote.authenticate=false
08-May-2026 18:10:22.935 INFO [main] org.apache.catalina.startup.VersionLoggerListener.log Command line argument: -Dcom.sun.management.jmxremote.local.only=false
08-May-2026 18:10:22.936 INFO [main] org.apache.catalina.startup.VersionLoggerListener.log Command line argument: --add-opens=java.base/java.lang=ALL-UNNAMED
08-May-2026 18:10:22.936 INFO [main] org.apache.catalina.startup.VersionLoggerListener.log Command line argument: --add-opens=java.base/java.io=ALL-UNNAMED
08-May-2026 18:10:22.936 INFO [main] org.apache.catalina.startup.VersionLoggerListener.log Command line argument: --add-opens=java.base/java.util=ALL-UNNAMED
08-May-2026 18:10:22.936 INFO [main] org.apache.catalina.startup.VersionLoggerListener.log Command line argument: --add-opens=java.base/java.util.concurrent=ALL-UNNAMED
08-May-2026 18:10:22.936 INFO [main] org.apache.catalina.startup.VersionLoggerListener.log Command line argument: --add-opens=java.rmi/sun.rmi.transport=ALL-UNNAMED
08-May-2026 18:10:22.937 INFO [main] org.apache.catalina.startup.VersionLoggerListener.log Command line argument: -Dcatalina.home=E:\apache-tomcat-11.0.21
08-May-2026 18:10:22.937 INFO [main] org.apache.catalina.startup.VersionLoggerListener.log Command line argument: -Dcatalina.base=C:\e-commerce\.devtomcat\Tomcat_Server_e6f0999f
08-May-2026 18:10:22.937 INFO [main] org.apache.catalina.startup.VersionLoggerListener.log Command line argument: -Djava.io.tmpdir=C:\e-commerce\.devtomcat\Tomcat_Server_e6f0999f\temp
08-May-2026 18:10:22.937 INFO [main] org.apache.catalina.startup.VersionLoggerListener.log Command line argument: -Djava.util.logging.config.file=C:\e-commerce\.devtomcat\Tomcat_Server_e6f0999f\conf\logging.properties
08-May-2026 18:10:22.938 INFO [main] org.apache.catalina.startup.VersionLoggerListener.log Command line argument: -Djava.util.logging.manager=org.apache.juli.ClassLoaderLogManager
08-May-2026 18:10:22.938 INFO [main] org.apache.catalina.startup.VersionLoggerListener.log Command line argument: -Dserver.port=8080
08-May-2026 18:10:22.938 INFO [main] org.apache.catalina.startup.VersionLoggerListener.log Command line argument: -Dserver.shutdown.port=8005
08-May-2026 18:10:22.938 INFO [main] org.apache.catalina.startup.VersionLoggerListener.log Command line argument: -javaagent:C:\Program Files\JetBrains\IntelliJ IDEA 2025.3.1.1\lib\idea_rt.jar=50292
08-May-2026 18:10:22.938 INFO [main] org.apache.catalina.startup.VersionLoggerListener.log Command line argument: -Dfile.encoding=UTF-8
08-May-2026 18:10:22.942 INFO [main] org.apache.catalina.core.AprLifecycleListener.lifecycleEvent Loaded Apache Tomcat Native library [2.0.14] using APR version [1.7.6].
08-May-2026 18:10:22.949 INFO [main] org.apache.catalina.core.AprLifecycleListener.initializeSSL OpenSSL successfully initialized [OpenSSL 3.5.5 27 Jan 2026]
08-May-2026 18:10:23.278 INFO [main] org.apache.coyote.AbstractProtocol.init Initializing ProtocolHandler ["http-nio-8080"]
08-May-2026 18:10:23.304 INFO [main] org.apache.catalina.startup.Catalina.load Server initialization in [650] milliseconds
08-May-2026 18:10:23.380 INFO [main] org.apache.catalina.core.StandardService.startInternal Starting service [Catalina]
08-May-2026 18:10:23.380 INFO [main] org.apache.catalina.core.StandardEngine.startInternal Starting Servlet engine: [Apache Tomcat/11.0.21]
08-May-2026 18:10:23.399 INFO [main] org.apache.catalina.startup.HostConfig.deployDescriptor Deploying deployment descriptor [C:\e-commerce\.devtomcat\Tomcat_Server_e6f0999f\conf\Catalina\localhost\e-commerce.xml]
08-May-2026 18:10:24.717 INFO [main] org.apache.jasper.servlet.TldScanner.scanJars At least one JAR was scanned for TLDs yet contained no TLDs. Enable debug logging for this logger for a complete list of JARs that were scanned but no TLDs were found in them. Skipping unneeded JARs during scanning can improve startup time and JSP compilation time.
08-May-2026 18:10:24.845 INFO [main] org.apache.catalina.startup.HostConfig.deployDescriptor Deployment of deployment descriptor [C:\e-commerce\.devtomcat\Tomcat_Server_e6f0999f\conf\Catalina\localhost\e-commerce.xml] has finished in [1,446] ms
08-May-2026 18:10:24.852 INFO [main] org.apache.coyote.AbstractProtocol.start Starting ProtocolHandler ["http-nio-8080"]
08-May-2026 18:10:24.881 INFO [main] org.apache.catalina.startup.Catalina.start Server startup in [1576] milliseconds
08-May-2026 18:15:24.944 INFO [main] org.apache.catalina.core.StandardServer.await A valid shutdown command was received via the shutdown port. Stopping the Server instance.
08-May-2026 18:15:24.945 INFO [main] org.apache.coyote.AbstractProtocol.pause Pausing ProtocolHandler ["http-nio-8080"]
08-May-2026 18:15:25.027 INFO [main] org.apache.catalina.core.StandardService.stopInternal Stopping service [Catalina]
08-May-2026 18:15:25.040 INFO [main] org.apache.coyote.AbstractProtocol.stop Stopping ProtocolHandler ["http-nio-8080"]
08-May-2026 18:15:25.059 INFO [main] org.apache.coyote.AbstractProtocol.destroy Destroying ProtocolHandler ["http-nio-8080"]
08-May-2026 18:15:30.102 INFO [main] org.apache.catalina.startup.VersionLoggerListener.log Server version name:   Apache Tomcat/11.0.21
08-May-2026 18:15:30.106 INFO [main] org.apache.catalina.startup.VersionLoggerListener.log Server built:          Mar 30 2026 14:59:44 UTC
08-May-2026 18:15:30.106 INFO [main] org.apache.catalina.startup.VersionLoggerListener.log Server version number: 11.0.21.0
08-May-2026 18:15:30.106 INFO [main] org.apache.catalina.startup.VersionLoggerListener.log OS Name:               Windows 10
08-May-2026 18:15:30.107 INFO [main] org.apache.catalina.startup.VersionLoggerListener.log OS Version:            10.0
08-May-2026 18:15:30.107 INFO [main] org.apache.catalina.startup.VersionLoggerListener.log Architecture:          amd64
08-May-2026 18:15:30.107 INFO [main] org.apache.catalina.startup.VersionLoggerListener.log Java Home:             C:\Program Files\Java\jdk-17.0.8
08-May-2026 18:15:30.107 INFO [main] org.apache.catalina.startup.VersionLoggerListener.log JVM Version:           17.0.8+9-LTS-211
08-May-2026 18:15:30.107 INFO [main] org.apache.catalina.startup.VersionLoggerListener.log JVM Vendor:            Oracle Corporation
08-May-2026 18:15:30.108 INFO [main] org.apache.catalina.startup.VersionLoggerListener.log CATALINA_BASE:         C:\e-commerce\.devtomcat\Tomcat_Server_e6f0999f
08-May-2026 18:15:30.108 INFO [main] org.apache.catalina.startup.VersionLoggerListener.log CATALINA_HOME:         E:\apache-tomcat-11.0.21
08-May-2026 18:15:30.110 INFO [main] org.apache.catalina.startup.VersionLoggerListener.log Command line argument: -Dcom.sun.management.jmxremote
08-May-2026 18:15:30.111 INFO [main] org.apache.catalina.startup.VersionLoggerListener.log Command line argument: -Dcom.sun.management.jmxremote.port=1099
08-May-2026 18:15:30.111 INFO [main] org.apache.catalina.startup.VersionLoggerListener.log Command line argument: -Dcom.sun.management.jmxremote.ssl=false
08-May-2026 18:15:30.111 INFO [main] org.apache.catalina.startup.VersionLoggerListener.log Command line argument: -Dcom.sun.management.jmxremote.authenticate=false
08-May-2026 18:15:30.111 INFO [main] org.apache.catalina.startup.VersionLoggerListener.log Command line argument: -Dcom.sun.management.jmxremote.local.only=false
08-May-2026 18:15:30.111 INFO [main] org.apache.catalina.startup.VersionLoggerListener.log Command line argument: --add-opens=java.base/java.lang=ALL-UNNAMED
08-May-2026 18:15:30.111 INFO [main] org.apache.catalina.startup.VersionLoggerListener.log Command line argument: --add-opens=java.base/java.io=ALL-UNNAMED
08-May-2026 18:15:30.112 INFO [main] org.apache.catalina.startup.VersionLoggerListener.log Command line argument: --add-opens=java.base/java.util=ALL-UNNAMED
08-May-2026 18:15:30.112 INFO [main] org.apache.catalina.startup.VersionLoggerListener.log Command line argument: --add-opens=java.base/java.util.concurrent=ALL-UNNAMED
08-May-2026 18:15:30.112 INFO [main] org.apache.catalina.startup.VersionLoggerListener.log Command line argument: --add-opens=java.rmi/sun.rmi.transport=ALL-UNNAMED
08-May-2026 18:15:30.112 INFO [main] org.apache.catalina.startup.VersionLoggerListener.log Command line argument: -Dcatalina.home=E:\apache-tomcat-11.0.21
08-May-2026 18:15:30.112 INFO [main] org.apache.catalina.startup.VersionLoggerListener.log Command line argument: -Dcatalina.base=C:\e-commerce\.devtomcat\Tomcat_Server_e6f0999f
08-May-2026 18:15:30.112 INFO [main] org.apache.catalina.startup.VersionLoggerListener.log Command line argument: -Djava.io.tmpdir=C:\e-commerce\.devtomcat\Tomcat_Server_e6f0999f\temp
08-May-2026 18:15:30.112 INFO [main] org.apache.catalina.startup.VersionLoggerListener.log Command line argument: -Djava.util.logging.config.file=C:\e-commerce\.devtomcat\Tomcat_Server_e6f0999f\conf\logging.properties
08-May-2026 18:15:30.113 INFO [main] org.apache.catalina.startup.VersionLoggerListener.log Command line argument: -Djava.util.logging.manager=org.apache.juli.ClassLoaderLogManager
08-May-2026 18:15:30.113 INFO [main] org.apache.catalina.startup.VersionLoggerListener.log Command line argument: -Dserver.port=8080
08-May-2026 18:15:30.113 INFO [main] org.apache.catalina.startup.VersionLoggerListener.log Command line argument: -Dserver.shutdown.port=8005
08-May-2026 18:15:30.113 INFO [main] org.apache.catalina.startup.VersionLoggerListener.log Command line argument: -javaagent:C:\Program Files\JetBrains\IntelliJ IDEA 2025.3.1.1\lib\idea_rt.jar=58377
08-May-2026 18:15:30.113 INFO [main] org.apache.catalina.startup.VersionLoggerListener.log Command line argument: -Dfile.encoding=UTF-8
08-May-2026 18:15:30.116 INFO [main] org.apache.catalina.core.AprLifecycleListener.lifecycleEvent Loaded Apache Tomcat Native library [2.0.14] using APR version [1.7.6].
08-May-2026 18:15:30.120 INFO [main] org.apache.catalina.core.AprLifecycleListener.initializeSSL OpenSSL successfully initialized [OpenSSL 3.5.5 27 Jan 2026]
08-May-2026 18:15:30.397 INFO [main] org.apache.coyote.AbstractProtocol.init Initializing ProtocolHandler ["http-nio-8080"]
08-May-2026 18:15:30.424 INFO [main] org.apache.catalina.startup.Catalina.load Server initialization in [584] milliseconds
08-May-2026 18:15:30.488 INFO [main] org.apache.catalina.core.StandardService.startInternal Starting service [Catalina]
08-May-2026 18:15:30.488 INFO [main] org.apache.catalina.core.StandardEngine.startInternal Starting Servlet engine: [Apache Tomcat/11.0.21]
08-May-2026 18:15:30.504 INFO [main] org.apache.catalina.startup.HostConfig.deployDescriptor Deploying deployment descriptor [C:\e-commerce\.devtomcat\Tomcat_Server_e6f0999f\conf\Catalina\localhost\e-commerce.xml]
08-May-2026 18:15:31.747 INFO [main] org.apache.jasper.servlet.TldScanner.scanJars At least one JAR was scanned for TLDs yet contained no TLDs. Enable debug logging for this logger for a complete list of JARs that were scanned but no TLDs were found in them. Skipping unneeded JARs during scanning can improve startup time and JSP compilation time.
08-May-2026 18:15:31.874 INFO [main] org.apache.catalina.startup.HostConfig.deployDescriptor Deployment of deployment descriptor [C:\e-commerce\.devtomcat\Tomcat_Server_e6f0999f\conf\Catalina\localhost\e-commerce.xml] has finished in [1,368] ms
08-May-2026 18:15:31.884 INFO [main] org.apache.coyote.AbstractProtocol.start Starting ProtocolHandler ["http-nio-8080"]
08-May-2026 18:15:31.916 INFO [main] org.apache.catalina.startup.Catalina.start Server startup in [1491] milliseconds
08-May-2026 18:19:19.168 INFO [main] org.apache.catalina.core.StandardServer.await A valid shutdown command was received via the shutdown port. Stopping the Server instance.
08-May-2026 18:19:19.169 INFO [main] org.apache.coyote.AbstractProtocol.pause Pausing ProtocolHandler ["http-nio-8080"]
08-May-2026 18:19:24.824 INFO [main] org.apache.catalina.startup.VersionLoggerListener.log Server version name:   Apache Tomcat/11.0.21
08-May-2026 18:19:24.827 INFO [main] org.apache.catalina.startup.VersionLoggerListener.log Server built:          Mar 30 2026 14:59:44 UTC
08-May-2026 18:19:24.828 INFO [main] org.apache.catalina.startup.VersionLoggerListener.log Server version number: 11.0.21.0
08-May-2026 18:19:24.828 INFO [main] org.apache.catalina.startup.VersionLoggerListener.log OS Name:               Windows 10
08-May-2026 18:19:24.828 INFO [main] org.apache.catalina.startup.VersionLoggerListener.log OS Version:            10.0
08-May-2026 18:19:24.828 INFO [main] org.apache.catalina.startup.VersionLoggerListener.log Architecture:          amd64
08-May-2026 18:19:24.828 INFO [main] org.apache.catalina.startup.VersionLoggerListener.log Java Home:             C:\Program Files\Java\jdk-17.0.8
08-May-2026 18:19:24.828 INFO [main] org.apache.catalina.startup.VersionLoggerListener.log JVM Version:           17.0.8+9-LTS-211
08-May-2026 18:19:24.829 INFO [main] org.apache.catalina.startup.VersionLoggerListener.log JVM Vendor:            Oracle Corporation
08-May-2026 18:19:24.829 INFO [main] org.apache.catalina.startup.VersionLoggerListener.log CATALINA_BASE:         C:\e-commerce\.devtomcat\Tomcat_Server_e6f0999f
08-May-2026 18:19:24.829 INFO [main] org.apache.catalina.startup.VersionLoggerListener.log CATALINA_HOME:         E:\apache-tomcat-11.0.21
08-May-2026 18:19:24.832 INFO [main] org.apache.catalina.startup.VersionLoggerListener.log Command line argument: -Dcom.sun.management.jmxremote
08-May-2026 18:19:24.835 INFO [main] org.apache.catalina.startup.VersionLoggerListener.log Command line argument: -Dcom.sun.management.jmxremote.port=1099
08-May-2026 18:19:24.836 INFO [main] org.apache.catalina.startup.VersionLoggerListener.log Command line argument: -Dcom.sun.management.jmxremote.ssl=false
08-May-2026 18:19:24.836 INFO [main] org.apache.catalina.startup.VersionLoggerListener.log Command line argument: -Dcom.sun.management.jmxremote.authenticate=false
08-May-2026 18:19:24.836 INFO [main] org.apache.catalina.startup.VersionLoggerListener.log Command line argument: -Dcom.sun.management.jmxremote.local.only=false
08-May-2026 18:19:24.836 INFO [main] org.apache.catalina.startup.VersionLoggerListener.log Command line argument: --add-opens=java.base/java.lang=ALL-UNNAMED
08-May-2026 18:19:24.836 INFO [main] org.apache.catalina.startup.VersionLoggerListener.log Command line argument: --add-opens=java.base/java.io=ALL-UNNAMED
08-May-2026 18:19:24.837 INFO [main] org.apache.catalina.startup.VersionLoggerListener.log Command line argument: --add-opens=java.base/java.util=ALL-UNNAMED
08-May-2026 18:19:24.837 INFO [main] org.apache.catalina.startup.VersionLoggerListener.log Command line argument: --add-opens=java.base/java.util.concurrent=ALL-UNNAMED
08-May-2026 18:19:24.837 INFO [main] org.apache.catalina.startup.VersionLoggerListener.log Command line argument: --add-opens=java.rmi/sun.rmi.transport=ALL-UNNAMED
08-May-2026 18:19:24.837 INFO [main] org.apache.catalina.startup.VersionLoggerListener.log Command line argument: -Dcatalina.home=E:\apache-tomcat-11.0.21
08-May-2026 18:19:24.837 INFO [main] org.apache.catalina.startup.VersionLoggerListener.log Command line argument: -Dcatalina.base=C:\e-commerce\.devtomcat\Tomcat_Server_e6f0999f
08-May-2026 18:19:24.837 INFO [main] org.apache.catalina.startup.VersionLoggerListener.log Command line argument: -Djava.io.tmpdir=C:\e-commerce\.devtomcat\Tomcat_Server_e6f0999f\temp
08-May-2026 18:19:24.837 INFO [main] org.apache.catalina.startup.VersionLoggerListener.log Command line argument: -Djava.util.logging.config.file=C:\e-commerce\.devtomcat\Tomcat_Server_e6f0999f\conf\logging.properties
08-May-2026 18:19:24.838 INFO [main] org.apache.catalina.startup.VersionLoggerListener.log Command line argument: -Djava.util.logging.manager=org.apache.juli.ClassLoaderLogManager
08-May-2026 18:19:24.838 INFO [main] org.apache.catalina.startup.VersionLoggerListener.log Command line argument: -Dserver.port=8080
08-May-2026 18:19:24.838 INFO [main] org.apache.catalina.startup.VersionLoggerListener.log Command line argument: -Dserver.shutdown.port=8005
08-May-2026 18:19:24.838 INFO [main] org.apache.catalina.startup.VersionLoggerListener.log Command line argument: -javaagent:C:\Program Files\JetBrains\IntelliJ IDEA 2025.3.1.1\lib\idea_rt.jar=65002
08-May-2026 18:19:24.838 INFO [main] org.apache.catalina.startup.VersionLoggerListener.log Command line argument: -Dfile.encoding=UTF-8
08-May-2026 18:19:24.842 INFO [main] org.apache.catalina.core.AprLifecycleListener.lifecycleEvent Loaded Apache Tomcat Native library [2.0.14] using APR version [1.7.6].
08-May-2026 18:19:24.847 INFO [main] org.apache.catalina.core.AprLifecycleListener.initializeSSL OpenSSL successfully initialized [OpenSSL 3.5.5 27 Jan 2026]
08-May-2026 18:19:25.177 INFO [main] org.apache.coyote.AbstractProtocol.init Initializing ProtocolHandler ["http-nio-8080"]
08-May-2026 18:19:25.202 INFO [main] org.apache.catalina.startup.Catalina.load Server initialization in [731] milliseconds
08-May-2026 18:19:25.266 INFO [main] org.apache.catalina.core.StandardService.startInternal Starting service [Catalina]
08-May-2026 18:19:25.266 INFO [main] org.apache.catalina.core.StandardEngine.startInternal Starting Servlet engine: [Apache Tomcat/11.0.21]
08-May-2026 18:19:25.284 INFO [main] org.apache.catalina.startup.HostConfig.deployDescriptor Deploying deployment descriptor [C:\e-commerce\.devtomcat\Tomcat_Server_e6f0999f\conf\Catalina\localhost\e-commerce.xml]
08-May-2026 18:19:26.588 INFO [main] org.apache.jasper.servlet.TldScanner.scanJars At least one JAR was scanned for TLDs yet contained no TLDs. Enable debug logging for this logger for a complete list of JARs that were scanned but no TLDs were found in them. Skipping unneeded JARs during scanning can improve startup time and JSP compilation time.
08-May-2026 18:19:26.733 INFO [main] org.apache.catalina.startup.HostConfig.deployDescriptor Deployment of deployment descriptor [C:\e-commerce\.devtomcat\Tomcat_Server_e6f0999f\conf\Catalina\localhost\e-commerce.xml] has finished in [1,448] ms
08-May-2026 18:19:26.740 INFO [main] org.apache.coyote.AbstractProtocol.start Starting ProtocolHandler ["http-nio-8080"]
08-May-2026 18:19:26.768 INFO [main] org.apache.catalina.startup.Catalina.start Server startup in [1566] milliseconds
08-May-2026 18:20:30.121 INFO [main] org.apache.catalina.core.StandardServer.await A valid shutdown command was received via the shutdown port. Stopping the Server instance.
08-May-2026 18:20:30.121 INFO [main] org.apache.coyote.AbstractProtocol.pause Pausing ProtocolHandler ["http-nio-8080"]
08-May-2026 18:20:30.193 INFO [main] org.apache.catalina.core.StandardService.stopInternal Stopping service [Catalina]
08-May-2026 18:20:30.198 WARNING [main] org.apache.catalina.loader.WebappClassLoaderBase.clearReferencesJdbc The web application [e-commerce] registered the JDBC driver [com.mysql.cj.jdbc.Driver] but failed to unregister it when the web application was stopped. To prevent a memory leak, the JDBC Driver has been forcibly unregistered.
08-May-2026 18:20:30.199 WARNING [main] org.apache.catalina.loader.WebappClassLoaderBase.clearReferencesThreads The web application [e-commerce] appears to have started a thread named [mysql-cj-abandoned-connection-cleanup] but has failed to stop it. This is very likely to create a memory leak. Stack trace of thread:
 java.base@17.0.8/java.lang.Object.wait(Native Method)
 java.base@17.0.8/java.lang.ref.ReferenceQueue.remove(ReferenceQueue.java:155)
 com.mysql.cj.jdbc.AbandonedConnectionCleanupThread.run(AbandonedConnectionCleanupThread.java:91)
 java.base@17.0.8/java.util.concurrent.ThreadPoolExecutor.runWorker(ThreadPoolExecutor.java:1136)
 java.base@17.0.8/java.util.concurrent.ThreadPoolExecutor$Worker.run(ThreadPoolExecutor.java:635)
 java.base@17.0.8/java.lang.Thread.run(Thread.java:833)
08-May-2026 18:20:30.203 INFO [main] org.apache.coyote.AbstractProtocol.stop Stopping ProtocolHandler ["http-nio-8080"]
08-May-2026 18:20:30.218 INFO [main] org.apache.coyote.AbstractProtocol.destroy Destroying ProtocolHandler ["http-nio-8080"]
08-May-2026 18:20:30.267 INFO [mysql-cj-abandoned-connection-cleanup] org.apache.catalina.loader.WebappClassLoaderBase.checkStateForResourceLoading Illegal access: this web application instance has been stopped already. Could not load []. The following stack trace is thrown for debugging purposes as well as to attempt to terminate the thread which caused the illegal access.
	java.lang.IllegalStateException: Illegal access: this web application instance has been stopped already. Could not load []. The following stack trace is thrown for debugging purposes as well as to attempt to terminate the thread which caused the illegal access.
		at org.apache.catalina.loader.WebappClassLoaderBase.checkStateForResourceLoading(WebappClassLoaderBase.java:1244)
		at org.apache.catalina.loader.WebappClassLoaderBase.getResource(WebappClassLoaderBase.java:854)
		at com.mysql.cj.jdbc.AbandonedConnectionCleanupThread.checkThreadContextClassLoader(AbandonedConnectionCleanupThread.java:123)
		at com.mysql.cj.jdbc.AbandonedConnectionCleanupThread.run(AbandonedConnectionCleanupThread.java:90)
		at java.base/java.util.concurrent.ThreadPoolExecutor.runWorker(ThreadPoolExecutor.java:1136)
		at java.base/java.util.concurrent.ThreadPoolExecutor$Worker.run(ThreadPoolExecutor.java:635)
		at java.base/java.lang.Thread.run(Thread.java:833)
08-May-2026 18:20:35.029 INFO [main] org.apache.catalina.startup.VersionLoggerListener.log Server version name:   Apache Tomcat/11.0.21
08-May-2026 18:20:35.033 INFO [main] org.apache.catalina.startup.VersionLoggerListener.log Server built:          Mar 30 2026 14:59:44 UTC
08-May-2026 18:20:35.034 INFO [main] org.apache.catalina.startup.VersionLoggerListener.log Server version number: 11.0.21.0
08-May-2026 18:20:35.035 INFO [main] org.apache.catalina.startup.VersionLoggerListener.log OS Name:               Windows 10
08-May-2026 18:20:35.035 INFO [main] org.apache.catalina.startup.VersionLoggerListener.log OS Version:            10.0
08-May-2026 18:20:35.035 INFO [main] org.apache.catalina.startup.VersionLoggerListener.log Architecture:          amd64
08-May-2026 18:20:35.035 INFO [main] org.apache.catalina.startup.VersionLoggerListener.log Java Home:             C:\Program Files\Java\jdk-17.0.8
08-May-2026 18:20:35.035 INFO [main] org.apache.catalina.startup.VersionLoggerListener.log JVM Version:           17.0.8+9-LTS-211
08-May-2026 18:20:35.035 INFO [main] org.apache.catalina.startup.VersionLoggerListener.log JVM Vendor:            Oracle Corporation
08-May-2026 18:20:35.036 INFO [main] org.apache.catalina.startup.VersionLoggerListener.log CATALINA_BASE:         C:\e-commerce\.devtomcat\Tomcat_Server_e6f0999f
08-May-2026 18:20:35.036 INFO [main] org.apache.catalina.startup.VersionLoggerListener.log CATALINA_HOME:         E:\apache-tomcat-11.0.21
08-May-2026 18:20:35.039 INFO [main] org.apache.catalina.startup.VersionLoggerListener.log Command line argument: -Dcom.sun.management.jmxremote
08-May-2026 18:20:35.040 INFO [main] org.apache.catalina.startup.VersionLoggerListener.log Command line argument: -Dcom.sun.management.jmxremote.port=1099
08-May-2026 18:20:35.040 INFO [main] org.apache.catalina.startup.VersionLoggerListener.log Command line argument: -Dcom.sun.management.jmxremote.ssl=false
08-May-2026 18:20:35.040 INFO [main] org.apache.catalina.startup.VersionLoggerListener.log Command line argument: -Dcom.sun.management.jmxremote.authenticate=false
08-May-2026 18:20:35.040 INFO [main] org.apache.catalina.startup.VersionLoggerListener.log Command line argument: -Dcom.sun.management.jmxremote.local.only=false
08-May-2026 18:20:35.040 INFO [main] org.apache.catalina.startup.VersionLoggerListener.log Command line argument: --add-opens=java.base/java.lang=ALL-UNNAMED
08-May-2026 18:20:35.040 INFO [main] org.apache.catalina.startup.VersionLoggerListener.log Command line argument: --add-opens=java.base/java.io=ALL-UNNAMED
08-May-2026 18:20:35.041 INFO [main] org.apache.catalina.startup.VersionLoggerListener.log Command line argument: --add-opens=java.base/java.util=ALL-UNNAMED
08-May-2026 18:20:35.041 INFO [main] org.apache.catalina.startup.VersionLoggerListener.log Command line argument: --add-opens=java.base/java.util.concurrent=ALL-UNNAMED
08-May-2026 18:20:35.041 INFO [main] org.apache.catalina.startup.VersionLoggerListener.log Command line argument: --add-opens=java.rmi/sun.rmi.transport=ALL-UNNAMED
08-May-2026 18:20:35.041 INFO [main] org.apache.catalina.startup.VersionLoggerListener.log Command line argument: -Dcatalina.home=E:\apache-tomcat-11.0.21
08-May-2026 18:20:35.041 INFO [main] org.apache.catalina.startup.VersionLoggerListener.log Command line argument: -Dcatalina.base=C:\e-commerce\.devtomcat\Tomcat_Server_e6f0999f
08-May-2026 18:20:35.041 INFO [main] org.apache.catalina.startup.VersionLoggerListener.log Command line argument: -Djava.io.tmpdir=C:\e-commerce\.devtomcat\Tomcat_Server_e6f0999f\temp
08-May-2026 18:20:35.041 INFO [main] org.apache.catalina.startup.VersionLoggerListener.log Command line argument: -Djava.util.logging.config.file=C:\e-commerce\.devtomcat\Tomcat_Server_e6f0999f\conf\logging.properties
08-May-2026 18:20:35.042 INFO [main] org.apache.catalina.startup.VersionLoggerListener.log Command line argument: -Djava.util.logging.manager=org.apache.juli.ClassLoaderLogManager
08-May-2026 18:20:35.042 INFO [main] org.apache.catalina.startup.VersionLoggerListener.log Command line argument: -Dserver.port=8080
08-May-2026 18:20:35.042 INFO [main] org.apache.catalina.startup.VersionLoggerListener.log Command line argument: -Dserver.shutdown.port=8005
08-May-2026 18:20:35.042 INFO [main] org.apache.catalina.startup.VersionLoggerListener.log Command line argument: -javaagent:C:\Program Files\JetBrains\IntelliJ IDEA 2025.3.1.1\lib\idea_rt.jar=49611
08-May-2026 18:20:35.042 INFO [main] org.apache.catalina.startup.VersionLoggerListener.log Command line argument: -Dfile.encoding=UTF-8
08-May-2026 18:20:35.045 INFO [main] org.apache.catalina.core.AprLifecycleListener.lifecycleEvent Loaded Apache Tomcat Native library [2.0.14] using APR version [1.7.6].
08-May-2026 18:20:35.052 INFO [main] org.apache.catalina.core.AprLifecycleListener.initializeSSL OpenSSL successfully initialized [OpenSSL 3.5.5 27 Jan 2026]
08-May-2026 18:20:35.302 INFO [main] org.apache.coyote.AbstractProtocol.init Initializing ProtocolHandler ["http-nio-8080"]
08-May-2026 18:20:35.325 INFO [main] org.apache.catalina.startup.Catalina.load Server initialization in [551] milliseconds
08-May-2026 18:20:35.380 INFO [main] org.apache.catalina.core.StandardService.startInternal Starting service [Catalina]
08-May-2026 18:20:35.381 INFO [main] org.apache.catalina.core.StandardEngine.startInternal Starting Servlet engine: [Apache Tomcat/11.0.21]
08-May-2026 18:20:35.398 INFO [main] org.apache.catalina.startup.HostConfig.deployDescriptor Deploying deployment descriptor [C:\e-commerce\.devtomcat\Tomcat_Server_e6f0999f\conf\Catalina\localhost\e-commerce.xml]
08-May-2026 18:20:36.647 INFO [main] org.apache.jasper.servlet.TldScanner.scanJars At least one JAR was scanned for TLDs yet contained no TLDs. Enable debug logging for this logger for a complete list of JARs that were scanned but no TLDs were found in them. Skipping unneeded JARs during scanning can improve startup time and JSP compilation time.
08-May-2026 18:20:36.775 INFO [main] org.apache.catalina.startup.HostConfig.deployDescriptor Deployment of deployment descriptor [C:\e-commerce\.devtomcat\Tomcat_Server_e6f0999f\conf\Catalina\localhost\e-commerce.xml] has finished in [1,377] ms
08-May-2026 18:20:36.781 INFO [main] org.apache.coyote.AbstractProtocol.start Starting ProtocolHandler ["http-nio-8080"]
08-May-2026 18:20:36.810 INFO [main] org.apache.catalina.startup.Catalina.start Server startup in [1484] milliseconds
08-May-2026 18:24:35.815 INFO [main] org.apache.catalina.core.StandardServer.await A valid shutdown command was received via the shutdown port. Stopping the Server instance.
08-May-2026 18:24:35.816 INFO [main] org.apache.coyote.AbstractProtocol.pause Pausing ProtocolHandler ["http-nio-8080"]
08-May-2026 18:24:35.918 INFO [main] org.apache.catalina.core.StandardService.stopInternal Stopping service [Catalina]
08-May-2026 18:24:35.926 WARNING [main] org.apache.catalina.loader.WebappClassLoaderBase.clearReferencesJdbc The web application [e-commerce] registered the JDBC driver [com.mysql.cj.jdbc.Driver] but failed to unregister it when the web application was stopped. To prevent a memory leak, the JDBC Driver has been forcibly unregistered.
08-May-2026 18:24:35.927 WARNING [main] org.apache.catalina.loader.WebappClassLoaderBase.clearReferencesThreads The web application [e-commerce] appears to have started a thread named [mysql-cj-abandoned-connection-cleanup] but has failed to stop it. This is very likely to create a memory leak. Stack trace of thread:
 java.base@17.0.8/java.lang.Object.wait(Native Method)
 java.base@17.0.8/java.lang.ref.ReferenceQueue.remove(ReferenceQueue.java:155)
 com.mysql.cj.jdbc.AbandonedConnectionCleanupThread.run(AbandonedConnectionCleanupThread.java:91)
 java.base@17.0.8/java.util.concurrent.ThreadPoolExecutor.runWorker(ThreadPoolExecutor.java:1136)
 java.base@17.0.8/java.util.concurrent.ThreadPoolExecutor$Worker.run(ThreadPoolExecutor.java:635)
 java.base@17.0.8/java.lang.Thread.run(Thread.java:833)
08-May-2026 18:24:35.937 INFO [main] org.apache.coyote.AbstractProtocol.stop Stopping ProtocolHandler ["http-nio-8080"]
08-May-2026 18:24:35.945 INFO [main] org.apache.coyote.AbstractProtocol.destroy Destroying ProtocolHandler ["http-nio-8080"]
08-May-2026 18:24:35.981 INFO [mysql-cj-abandoned-connection-cleanup] org.apache.catalina.loader.WebappClassLoaderBase.checkStateForResourceLoading Illegal access: this web application instance has been stopped already. Could not load []. The following stack trace is thrown for debugging purposes as well as to attempt to terminate the thread which caused the illegal access.
	java.lang.IllegalStateException: Illegal access: this web application instance has been stopped already. Could not load []. The following stack trace is thrown for debugging purposes as well as to attempt to terminate the thread which caused the illegal access.
		at org.apache.catalina.loader.WebappClassLoaderBase.checkStateForResourceLoading(WebappClassLoaderBase.java:1244)
		at org.apache.catalina.loader.WebappClassLoaderBase.getResource(WebappClassLoaderBase.java:854)
		at com.mysql.cj.jdbc.AbandonedConnectionCleanupThread.checkThreadContextClassLoader(AbandonedConnectionCleanupThread.java:123)
		at com.mysql.cj.jdbc.AbandonedConnectionCleanupThread.run(AbandonedConnectionCleanupThread.java:90)
		at java.base/java.util.concurrent.ThreadPoolExecutor.runWorker(ThreadPoolExecutor.java:1136)
		at java.base/java.util.concurrent.ThreadPoolExecutor$Worker.run(ThreadPoolExecutor.java:635)
		at java.base/java.lang.Thread.run(Thread.java:833)
08-May-2026 18:24:35.983 INFO [mysql-cj-abandoned-connection-cleanup] org.apache.catalina.loader.WebappClassLoaderBase.checkStateForResourceLoading Illegal access: this web application instance has been stopped already. Could not load []. The following stack trace is thrown for debugging purposes as well as to attempt to terminate the thread which caused the illegal access.
	java.lang.IllegalStateException: Illegal access: this web application instance has been stopped already. Could not load []. The following stack trace is thrown for debugging purposes as well as to attempt to terminate the thread which caused the illegal access.
		at org.apache.catalina.loader.WebappClassLoaderBase.checkStateForResourceLoading(WebappClassLoaderBase.java:1244)
		at org.apache.catalina.loader.WebappClassLoaderBase.getResource(WebappClassLoaderBase.java:854)
		at com.mysql.cj.jdbc.AbandonedConnectionCleanupThread.checkThreadContextClassLoader(AbandonedConnectionCleanupThread.java:123)
		at com.mysql.cj.jdbc.AbandonedConnectionCleanupThread.run(AbandonedConnectionCleanupThread.java:90)
		at java.base/java.util.concurrent.ThreadPoolExecutor.runWorker(ThreadPoolExecutor.java:1136)
		at java.base/java.util.concurrent.ThreadPoolExecutor$Worker.run(ThreadPoolExecutor.java:635)
		at java.base/java.lang.Thread.run(Thread.java:833)
08-May-2026 18:27:04.651 INFO [main] org.apache.catalina.startup.VersionLoggerListener.log Server version name:   Apache Tomcat/11.0.21
08-May-2026 18:27:04.655 INFO [main] org.apache.catalina.startup.VersionLoggerListener.log Server built:          Mar 30 2026 14:59:44 UTC
08-May-2026 18:27:04.655 INFO [main] org.apache.catalina.startup.VersionLoggerListener.log Server version number: 11.0.21.0
08-May-2026 18:27:04.655 INFO [main] org.apache.catalina.startup.VersionLoggerListener.log OS Name:               Windows 10
08-May-2026 18:27:04.655 INFO [main] org.apache.catalina.startup.VersionLoggerListener.log OS Version:            10.0
08-May-2026 18:27:04.656 INFO [main] org.apache.catalina.startup.VersionLoggerListener.log Architecture:          amd64
08-May-2026 18:27:04.656 INFO [main] org.apache.catalina.startup.VersionLoggerListener.log Java Home:             C:\Program Files\Java\jdk-17.0.8
08-May-2026 18:27:04.656 INFO [main] org.apache.catalina.startup.VersionLoggerListener.log JVM Version:           17.0.8+9-LTS-211
08-May-2026 18:27:04.656 INFO [main] org.apache.catalina.startup.VersionLoggerListener.log JVM Vendor:            Oracle Corporation
08-May-2026 18:27:04.657 INFO [main] org.apache.catalina.startup.VersionLoggerListener.log CATALINA_BASE:         C:\e-commerce\.devtomcat\Tomcat_Server_e6f0999f
08-May-2026 18:27:04.657 INFO [main] org.apache.catalina.startup.VersionLoggerListener.log CATALINA_HOME:         E:\apache-tomcat-11.0.21
08-May-2026 18:27:04.659 INFO [main] org.apache.catalina.startup.VersionLoggerListener.log Command line argument: -Dcom.sun.management.jmxremote
08-May-2026 18:27:04.660 INFO [main] org.apache.catalina.startup.VersionLoggerListener.log Command line argument: -Dcom.sun.management.jmxremote.port=1099
08-May-2026 18:27:04.660 INFO [main] org.apache.catalina.startup.VersionLoggerListener.log Command line argument: -Dcom.sun.management.jmxremote.ssl=false
08-May-2026 18:27:04.660 INFO [main] org.apache.catalina.startup.VersionLoggerListener.log Command line argument: -Dcom.sun.management.jmxremote.authenticate=false
08-May-2026 18:27:04.660 INFO [main] org.apache.catalina.startup.VersionLoggerListener.log Command line argument: -Dcom.sun.management.jmxremote.local.only=false
08-May-2026 18:27:04.660 INFO [main] org.apache.catalina.startup.VersionLoggerListener.log Command line argument: --add-opens=java.base/java.lang=ALL-UNNAMED
08-May-2026 18:27:04.661 INFO [main] org.apache.catalina.startup.VersionLoggerListener.log Command line argument: --add-opens=java.base/java.io=ALL-UNNAMED
08-May-2026 18:27:04.661 INFO [main] org.apache.catalina.startup.VersionLoggerListener.log Command line argument: --add-opens=java.base/java.util=ALL-UNNAMED
08-May-2026 18:27:04.661 INFO [main] org.apache.catalina.startup.VersionLoggerListener.log Command line argument: --add-opens=java.base/java.util.concurrent=ALL-UNNAMED
08-May-2026 18:27:04.661 INFO [main] org.apache.catalina.startup.VersionLoggerListener.log Command line argument: --add-opens=java.rmi/sun.rmi.transport=ALL-UNNAMED
08-May-2026 18:27:04.661 INFO [main] org.apache.catalina.startup.VersionLoggerListener.log Command line argument: -Dcatalina.home=E:\apache-tomcat-11.0.21
08-May-2026 18:27:04.661 INFO [main] org.apache.catalina.startup.VersionLoggerListener.log Command line argument: -Dcatalina.base=C:\e-commerce\.devtomcat\Tomcat_Server_e6f0999f
08-May-2026 18:27:04.662 INFO [main] org.apache.catalina.startup.VersionLoggerListener.log Command line argument: -Djava.io.tmpdir=C:\e-commerce\.devtomcat\Tomcat_Server_e6f0999f\temp
08-May-2026 18:27:04.662 INFO [main] org.apache.catalina.startup.VersionLoggerListener.log Command line argument: -Djava.util.logging.config.file=C:\e-commerce\.devtomcat\Tomcat_Server_e6f0999f\conf\logging.properties
08-May-2026 18:27:04.662 INFO [main] org.apache.catalina.startup.VersionLoggerListener.log Command line argument: -Djava.util.logging.manager=org.apache.juli.ClassLoaderLogManager
08-May-2026 18:27:04.663 INFO [main] org.apache.catalina.startup.VersionLoggerListener.log Command line argument: -Dserver.port=8080
08-May-2026 18:27:04.663 INFO [main] org.apache.catalina.startup.VersionLoggerListener.log Command line argument: -Dserver.shutdown.port=8005
08-May-2026 18:27:04.663 INFO [main] org.apache.catalina.startup.VersionLoggerListener.log Command line argument: -javaagent:C:\Program Files\JetBrains\IntelliJ IDEA 2025.3.1.1\lib\idea_rt.jar=52281
08-May-2026 18:27:04.663 INFO [main] org.apache.catalina.startup.VersionLoggerListener.log Command line argument: -Dfile.encoding=UTF-8
08-May-2026 18:27:04.667 INFO [main] org.apache.catalina.core.AprLifecycleListener.lifecycleEvent Loaded Apache Tomcat Native library [2.0.14] using APR version [1.7.6].
08-May-2026 18:27:04.673 INFO [main] org.apache.catalina.core.AprLifecycleListener.initializeSSL OpenSSL successfully initialized [OpenSSL 3.5.5 27 Jan 2026]
08-May-2026 18:27:04.921 INFO [main] org.apache.coyote.AbstractProtocol.init Initializing ProtocolHandler ["http-nio-8080"]
08-May-2026 18:27:04.952 INFO [main] org.apache.catalina.startup.Catalina.load Server initialization in [585] milliseconds
08-May-2026 18:27:05.017 INFO [main] org.apache.catalina.core.StandardService.startInternal Starting service [Catalina]
08-May-2026 18:27:05.017 INFO [main] org.apache.catalina.core.StandardEngine.startInternal Starting Servlet engine: [Apache Tomcat/11.0.21]
08-May-2026 18:27:05.033 INFO [main] org.apache.catalina.startup.HostConfig.deployDescriptor Deploying deployment descriptor [C:\e-commerce\.devtomcat\Tomcat_Server_e6f0999f\conf\Catalina\localhost\e-commerce.xml]
08-May-2026 18:27:06.157 INFO [main] org.apache.jasper.servlet.TldScanner.scanJars At least one JAR was scanned for TLDs yet contained no TLDs. Enable debug logging for this logger for a complete list of JARs that were scanned but no TLDs were found in them. Skipping unneeded JARs during scanning can improve startup time and JSP compilation time.
08-May-2026 18:27:06.279 INFO [main] org.apache.catalina.startup.HostConfig.deployDescriptor Deployment of deployment descriptor [C:\e-commerce\.devtomcat\Tomcat_Server_e6f0999f\conf\Catalina\localhost\e-commerce.xml] has finished in [1,246] ms
08-May-2026 18:27:06.287 INFO [main] org.apache.coyote.AbstractProtocol.start Starting ProtocolHandler ["http-nio-8080"]
08-May-2026 18:27:06.311 INFO [main] org.apache.catalina.startup.Catalina.start Server startup in [1357] milliseconds
08-May-2026 18:30:13.979 INFO [main] org.apache.catalina.core.StandardServer.await A valid shutdown command was received via the shutdown port. Stopping the Server instance.
08-May-2026 18:30:13.980 INFO [main] org.apache.coyote.AbstractProtocol.pause Pausing ProtocolHandler ["http-nio-8080"]
08-May-2026 18:30:14.047 INFO [main] org.apache.catalina.core.StandardService.stopInternal Stopping service [Catalina]
08-May-2026 18:30:14.053 WARNING [main] org.apache.catalina.loader.WebappClassLoaderBase.clearReferencesJdbc The web application [e-commerce] registered the JDBC driver [com.mysql.cj.jdbc.Driver] but failed to unregister it when the web application was stopped. To prevent a memory leak, the JDBC Driver has been forcibly unregistered.
08-May-2026 18:30:14.055 WARNING [main] org.apache.catalina.loader.WebappClassLoaderBase.clearReferencesThreads The web application [e-commerce] appears to have started a thread named [mysql-cj-abandoned-connection-cleanup] but has failed to stop it. This is very likely to create a memory leak. Stack trace of thread:
 java.base@17.0.8/java.lang.Object.wait(Native Method)
 java.base@17.0.8/java.lang.ref.ReferenceQueue.remove(ReferenceQueue.java:155)
 com.mysql.cj.jdbc.AbandonedConnectionCleanupThread.run(AbandonedConnectionCleanupThread.java:91)
 java.base@17.0.8/java.util.concurrent.ThreadPoolExecutor.runWorker(ThreadPoolExecutor.java:1136)
 java.base@17.0.8/java.util.concurrent.ThreadPoolExecutor$Worker.run(ThreadPoolExecutor.java:635)
 java.base@17.0.8/java.lang.Thread.run(Thread.java:833)
08-May-2026 18:30:14.059 INFO [main] org.apache.coyote.AbstractProtocol.stop Stopping ProtocolHandler ["http-nio-8080"]
08-May-2026 18:30:14.086 INFO [main] org.apache.coyote.AbstractProtocol.destroy Destroying ProtocolHandler ["http-nio-8080"]
08-May-2026 18:30:14.141 INFO [mysql-cj-abandoned-connection-cleanup] org.apache.catalina.loader.WebappClassLoaderBase.checkStateForResourceLoading Illegal access: this web application instance has been stopped already. Could not load []. The following stack trace is thrown for debugging purposes as well as to attempt to terminate the thread which caused the illegal access.
	java.lang.IllegalStateException: Illegal access: this web application instance has been stopped already. Could not load []. The following stack trace is thrown for debugging purposes as well as to attempt to terminate the thread which caused the illegal access.
		at org.apache.catalina.loader.WebappClassLoaderBase.checkStateForResourceLoading(WebappClassLoaderBase.java:1244)
		at org.apache.catalina.loader.WebappClassLoaderBase.getResource(WebappClassLoaderBase.java:854)
		at com.mysql.cj.jdbc.AbandonedConnectionCleanupThread.checkThreadContextClassLoader(AbandonedConnectionCleanupThread.java:123)
		at com.mysql.cj.jdbc.AbandonedConnectionCleanupThread.run(AbandonedConnectionCleanupThread.java:90)
		at java.base/java.util.concurrent.ThreadPoolExecutor.runWorker(ThreadPoolExecutor.java:1136)
		at java.base/java.util.concurrent.ThreadPoolExecutor$Worker.run(ThreadPoolExecutor.java:635)
		at java.base/java.lang.Thread.run(Thread.java:833)
08-May-2026 18:30:17.700 INFO [main] org.apache.catalina.startup.VersionLoggerListener.log Server version name:   Apache Tomcat/11.0.21
08-May-2026 18:30:17.703 INFO [main] org.apache.catalina.startup.VersionLoggerListener.log Server built:          Mar 30 2026 14:59:44 UTC
08-May-2026 18:30:17.704 INFO [main] org.apache.catalina.startup.VersionLoggerListener.log Server version number: 11.0.21.0
08-May-2026 18:30:17.704 INFO [main] org.apache.catalina.startup.VersionLoggerListener.log OS Name:               Windows 10
08-May-2026 18:30:17.705 INFO [main] org.apache.catalina.startup.VersionLoggerListener.log OS Version:            10.0
08-May-2026 18:30:17.705 INFO [main] org.apache.catalina.startup.VersionLoggerListener.log Architecture:          amd64
08-May-2026 18:30:17.705 INFO [main] org.apache.catalina.startup.VersionLoggerListener.log Java Home:             C:\Program Files\Java\jdk-17.0.8
08-May-2026 18:30:17.705 INFO [main] org.apache.catalina.startup.VersionLoggerListener.log JVM Version:           17.0.8+9-LTS-211
08-May-2026 18:30:17.706 INFO [main] org.apache.catalina.startup.VersionLoggerListener.log JVM Vendor:            Oracle Corporation
08-May-2026 18:30:17.706 INFO [main] org.apache.catalina.startup.VersionLoggerListener.log CATALINA_BASE:         C:\e-commerce\.devtomcat\Tomcat_Server_e6f0999f
08-May-2026 18:30:17.707 INFO [main] org.apache.catalina.startup.VersionLoggerListener.log CATALINA_HOME:         E:\apache-tomcat-11.0.21
08-May-2026 18:30:17.709 INFO [main] org.apache.catalina.startup.VersionLoggerListener.log Command line argument: -Dcom.sun.management.jmxremote
08-May-2026 18:30:17.709 INFO [main] org.apache.catalina.startup.VersionLoggerListener.log Command line argument: -Dcom.sun.management.jmxremote.port=1099
08-May-2026 18:30:17.709 INFO [main] org.apache.catalina.startup.VersionLoggerListener.log Command line argument: -Dcom.sun.management.jmxremote.ssl=false
08-May-2026 18:30:17.710 INFO [main] org.apache.catalina.startup.VersionLoggerListener.log Command line argument: -Dcom.sun.management.jmxremote.authenticate=false
08-May-2026 18:30:17.710 INFO [main] org.apache.catalina.startup.VersionLoggerListener.log Command line argument: -Dcom.sun.management.jmxremote.local.only=false
08-May-2026 18:30:17.710 INFO [main] org.apache.catalina.startup.VersionLoggerListener.log Command line argument: --add-opens=java.base/java.lang=ALL-UNNAMED
08-May-2026 18:30:17.710 INFO [main] org.apache.catalina.startup.VersionLoggerListener.log Command line argument: --add-opens=java.base/java.io=ALL-UNNAMED
08-May-2026 18:30:17.710 INFO [main] org.apache.catalina.startup.VersionLoggerListener.log Command line argument: --add-opens=java.base/java.util=ALL-UNNAMED
08-May-2026 18:30:17.710 INFO [main] org.apache.catalina.startup.VersionLoggerListener.log Command line argument: --add-opens=java.base/java.util.concurrent=ALL-UNNAMED
08-May-2026 18:30:17.710 INFO [main] org.apache.catalina.startup.VersionLoggerListener.log Command line argument: --add-opens=java.rmi/sun.rmi.transport=ALL-UNNAMED
08-May-2026 18:30:17.711 INFO [main] org.apache.catalina.startup.VersionLoggerListener.log Command line argument: -Dcatalina.home=E:\apache-tomcat-11.0.21
08-May-2026 18:30:17.711 INFO [main] org.apache.catalina.startup.VersionLoggerListener.log Command line argument: -Dcatalina.base=C:\e-commerce\.devtomcat\Tomcat_Server_e6f0999f
08-May-2026 18:30:17.711 INFO [main] org.apache.catalina.startup.VersionLoggerListener.log Command line argument: -Djava.io.tmpdir=C:\e-commerce\.devtomcat\Tomcat_Server_e6f0999f\temp
08-May-2026 18:30:17.711 INFO [main] org.apache.catalina.startup.VersionLoggerListener.log Command line argument: -Djava.util.logging.config.file=C:\e-commerce\.devtomcat\Tomcat_Server_e6f0999f\conf\logging.properties
08-May-2026 18:30:17.711 INFO [main] org.apache.catalina.startup.VersionLoggerListener.log Command line argument: -Djava.util.logging.manager=org.apache.juli.ClassLoaderLogManager
08-May-2026 18:30:17.712 INFO [main] org.apache.catalina.startup.VersionLoggerListener.log Command line argument: -Dserver.port=8080
08-May-2026 18:30:17.712 INFO [main] org.apache.catalina.startup.VersionLoggerListener.log Command line argument: -Dserver.shutdown.port=8005
08-May-2026 18:30:17.712 INFO [main] org.apache.catalina.startup.VersionLoggerListener.log Command line argument: -javaagent:C:\Program Files\JetBrains\IntelliJ IDEA 2025.3.1.1\lib\idea_rt.jar=58500
08-May-2026 18:30:17.712 INFO [main] org.apache.catalina.startup.VersionLoggerListener.log Command line argument: -Dfile.encoding=UTF-8
08-May-2026 18:30:17.715 INFO [main] org.apache.catalina.core.AprLifecycleListener.lifecycleEvent Loaded Apache Tomcat Native library [2.0.14] using APR version [1.7.6].
08-May-2026 18:30:17.721 INFO [main] org.apache.catalina.core.AprLifecycleListener.initializeSSL OpenSSL successfully initialized [OpenSSL 3.5.5 27 Jan 2026]
08-May-2026 18:30:17.984 INFO [main] org.apache.coyote.AbstractProtocol.init Initializing ProtocolHandler ["http-nio-8080"]
08-May-2026 18:30:18.012 INFO [main] org.apache.catalina.startup.Catalina.load Server initialization in [568] milliseconds
08-May-2026 18:30:18.080 INFO [main] org.apache.catalina.core.StandardService.startInternal Starting service [Catalina]
08-May-2026 18:30:18.081 INFO [main] org.apache.catalina.core.StandardEngine.startInternal Starting Servlet engine: [Apache Tomcat/11.0.21]
08-May-2026 18:30:18.099 INFO [main] org.apache.catalina.startup.HostConfig.deployDescriptor Deploying deployment descriptor [C:\e-commerce\.devtomcat\Tomcat_Server_e6f0999f\conf\Catalina\localhost\e-commerce.xml]
08-May-2026 18:30:19.297 INFO [main] org.apache.jasper.servlet.TldScanner.scanJars At least one JAR was scanned for TLDs yet contained no TLDs. Enable debug logging for this logger for a complete list of JARs that were scanned but no TLDs were found in them. Skipping unneeded JARs during scanning can improve startup time and JSP compilation time.
08-May-2026 18:30:19.419 INFO [main] org.apache.catalina.startup.HostConfig.deployDescriptor Deployment of deployment descriptor [C:\e-commerce\.devtomcat\Tomcat_Server_e6f0999f\conf\Catalina\localhost\e-commerce.xml] has finished in [1,318] ms
08-May-2026 18:30:19.427 INFO [main] org.apache.coyote.AbstractProtocol.start Starting ProtocolHandler ["http-nio-8080"]
08-May-2026 18:30:19.455 INFO [main] org.apache.catalina.startup.Catalina.start Server startup in [1443] milliseconds
08-May-2026 18:31:26.732 INFO [main] org.apache.catalina.core.StandardServer.await A valid shutdown command was received via the shutdown port. Stopping the Server instance.
08-May-2026 18:31:26.733 INFO [main] org.apache.coyote.AbstractProtocol.pause Pausing ProtocolHandler ["http-nio-8080"]
08-May-2026 18:31:26.806 INFO [main] org.apache.catalina.core.StandardService.stopInternal Stopping service [Catalina]
08-May-2026 18:31:26.813 WARNING [main] org.apache.catalina.loader.WebappClassLoaderBase.clearReferencesJdbc The web application [e-commerce] registered the JDBC driver [com.mysql.cj.jdbc.Driver] but failed to unregister it when the web application was stopped. To prevent a memory leak, the JDBC Driver has been forcibly unregistered.
08-May-2026 18:31:26.814 WARNING [main] org.apache.catalina.loader.WebappClassLoaderBase.clearReferencesThreads The web application [e-commerce] appears to have started a thread named [mysql-cj-abandoned-connection-cleanup] but has failed to stop it. This is very likely to create a memory leak. Stack trace of thread:
 java.base@17.0.8/java.lang.Object.wait(Native Method)
 java.base@17.0.8/java.lang.ref.ReferenceQueue.remove(ReferenceQueue.java:155)
 com.mysql.cj.jdbc.AbandonedConnectionCleanupThread.run(AbandonedConnectionCleanupThread.java:91)
 java.base@17.0.8/java.util.concurrent.ThreadPoolExecutor.runWorker(ThreadPoolExecutor.java:1136)
 java.base@17.0.8/java.util.concurrent.ThreadPoolExecutor$Worker.run(ThreadPoolExecutor.java:635)
 java.base@17.0.8/java.lang.Thread.run(Thread.java:833)
08-May-2026 18:31:26.818 INFO [main] org.apache.coyote.AbstractProtocol.stop Stopping ProtocolHandler ["http-nio-8080"]
08-May-2026 18:31:26.836 INFO [main] org.apache.coyote.AbstractProtocol.destroy Destroying ProtocolHandler ["http-nio-8080"]
08-May-2026 18:32:40.478 INFO [main] org.apache.catalina.startup.VersionLoggerListener.log Server version name:   Apache Tomcat/11.0.21
08-May-2026 18:32:40.482 INFO [main] org.apache.catalina.startup.VersionLoggerListener.log Server built:          Mar 30 2026 14:59:44 UTC
08-May-2026 18:32:40.482 INFO [main] org.apache.catalina.startup.VersionLoggerListener.log Server version number: 11.0.21.0
08-May-2026 18:32:40.482 INFO [main] org.apache.catalina.startup.VersionLoggerListener.log OS Name:               Windows 10
08-May-2026 18:32:40.483 INFO [main] org.apache.catalina.startup.VersionLoggerListener.log OS Version:            10.0
08-May-2026 18:32:40.483 INFO [main] org.apache.catalina.startup.VersionLoggerListener.log Architecture:          amd64
08-May-2026 18:32:40.483 INFO [main] org.apache.catalina.startup.VersionLoggerListener.log Java Home:             C:\Program Files\Java\jdk-17.0.8
08-May-2026 18:32:40.483 INFO [main] org.apache.catalina.startup.VersionLoggerListener.log JVM Version:           17.0.8+9-LTS-211
08-May-2026 18:32:40.483 INFO [main] org.apache.catalina.startup.VersionLoggerListener.log JVM Vendor:            Oracle Corporation
08-May-2026 18:32:40.484 INFO [main] org.apache.catalina.startup.VersionLoggerListener.log CATALINA_BASE:         C:\e-commerce\.devtomcat\Tomcat_Server_e6f0999f
08-May-2026 18:32:40.484 INFO [main] org.apache.catalina.startup.VersionLoggerListener.log CATALINA_HOME:         E:\apache-tomcat-11.0.21
08-May-2026 18:32:40.487 INFO [main] org.apache.catalina.startup.VersionLoggerListener.log Command line argument: -Dcom.sun.management.jmxremote
08-May-2026 18:32:40.487 INFO [main] org.apache.catalina.startup.VersionLoggerListener.log Command line argument: -Dcom.sun.management.jmxremote.port=1099
08-May-2026 18:32:40.487 INFO [main] org.apache.catalina.startup.VersionLoggerListener.log Command line argument: -Dcom.sun.management.jmxremote.ssl=false
08-May-2026 18:32:40.487 INFO [main] org.apache.catalina.startup.VersionLoggerListener.log Command line argument: -Dcom.sun.management.jmxremote.authenticate=false
08-May-2026 18:32:40.488 INFO [main] org.apache.catalina.startup.VersionLoggerListener.log Command line argument: -Dcom.sun.management.jmxremote.local.only=false
08-May-2026 18:32:40.488 INFO [main] org.apache.catalina.startup.VersionLoggerListener.log Command line argument: --add-opens=java.base/java.lang=ALL-UNNAMED
08-May-2026 18:32:40.488 INFO [main] org.apache.catalina.startup.VersionLoggerListener.log Command line argument: --add-opens=java.base/java.io=ALL-UNNAMED
08-May-2026 18:32:40.488 INFO [main] org.apache.catalina.startup.VersionLoggerListener.log Command line argument: --add-opens=java.base/java.util=ALL-UNNAMED
08-May-2026 18:32:40.488 INFO [main] org.apache.catalina.startup.VersionLoggerListener.log Command line argument: --add-opens=java.base/java.util.concurrent=ALL-UNNAMED
08-May-2026 18:32:40.488 INFO [main] org.apache.catalina.startup.VersionLoggerListener.log Command line argument: --add-opens=java.rmi/sun.rmi.transport=ALL-UNNAMED
08-May-2026 18:32:40.489 INFO [main] org.apache.catalina.startup.VersionLoggerListener.log Command line argument: -Dcatalina.home=E:\apache-tomcat-11.0.21
08-May-2026 18:32:40.489 INFO [main] org.apache.catalina.startup.VersionLoggerListener.log Command line argument: -Dcatalina.base=C:\e-commerce\.devtomcat\Tomcat_Server_e6f0999f
08-May-2026 18:32:40.489 INFO [main] org.apache.catalina.startup.VersionLoggerListener.log Command line argument: -Djava.io.tmpdir=C:\e-commerce\.devtomcat\Tomcat_Server_e6f0999f\temp
08-May-2026 18:32:40.489 INFO [main] org.apache.catalina.startup.VersionLoggerListener.log Command line argument: -Djava.util.logging.config.file=C:\e-commerce\.devtomcat\Tomcat_Server_e6f0999f\conf\logging.properties
08-May-2026 18:32:40.489 INFO [main] org.apache.catalina.startup.VersionLoggerListener.log Command line argument: -Djava.util.logging.manager=org.apache.juli.ClassLoaderLogManager
08-May-2026 18:32:40.489 INFO [main] org.apache.catalina.startup.VersionLoggerListener.log Command line argument: -Dserver.port=8080
08-May-2026 18:32:40.489 INFO [main] org.apache.catalina.startup.VersionLoggerListener.log Command line argument: -Dserver.shutdown.port=8005
08-May-2026 18:32:40.490 INFO [main] org.apache.catalina.startup.VersionLoggerListener.log Command line argument: -javaagent:C:\Program Files\JetBrains\IntelliJ IDEA 2025.3.1.1\lib\idea_rt.jar=50064
08-May-2026 18:32:40.490 INFO [main] org.apache.catalina.startup.VersionLoggerListener.log Command line argument: -Dfile.encoding=UTF-8
08-May-2026 18:32:40.493 INFO [main] org.apache.catalina.core.AprLifecycleListener.lifecycleEvent Loaded Apache Tomcat Native library [2.0.14] using APR version [1.7.6].
08-May-2026 18:32:40.499 INFO [main] org.apache.catalina.core.AprLifecycleListener.initializeSSL OpenSSL successfully initialized [OpenSSL 3.5.5 27 Jan 2026]
08-May-2026 18:32:40.767 INFO [main] org.apache.coyote.AbstractProtocol.init Initializing ProtocolHandler ["http-nio-8080"]
08-May-2026 18:32:40.792 INFO [main] org.apache.catalina.startup.Catalina.load Server initialization in [565] milliseconds
08-May-2026 18:32:40.845 INFO [main] org.apache.catalina.core.StandardService.startInternal Starting service [Catalina]
08-May-2026 18:32:40.846 INFO [main] org.apache.catalina.core.StandardEngine.startInternal Starting Servlet engine: [Apache Tomcat/11.0.21]
08-May-2026 18:32:40.862 INFO [main] org.apache.catalina.startup.HostConfig.deployDescriptor Deploying deployment descriptor [C:\e-commerce\.devtomcat\Tomcat_Server_e6f0999f\conf\Catalina\localhost\e-commerce.xml]
08-May-2026 18:32:42.086 INFO [main] org.apache.jasper.servlet.TldScanner.scanJars At least one JAR was scanned for TLDs yet contained no TLDs. Enable debug logging for this logger for a complete list of JARs that were scanned but no TLDs were found in them. Skipping unneeded JARs during scanning can improve startup time and JSP compilation time.
08-May-2026 18:32:42.240 INFO [main] org.apache.catalina.startup.HostConfig.deployDescriptor Deployment of deployment descriptor [C:\e-commerce\.devtomcat\Tomcat_Server_e6f0999f\conf\Catalina\localhost\e-commerce.xml] has finished in [1,379] ms
08-May-2026 18:32:42.247 INFO [main] org.apache.coyote.AbstractProtocol.start Starting ProtocolHandler ["http-nio-8080"]
08-May-2026 18:32:42.275 INFO [main] org.apache.catalina.startup.Catalina.start Server startup in [1483] milliseconds
08-May-2026 18:38:03.890 INFO [main] org.apache.catalina.core.StandardServer.await A valid shutdown command was received via the shutdown port. Stopping the Server instance.
08-May-2026 18:38:03.891 INFO [main] org.apache.coyote.AbstractProtocol.pause Pausing ProtocolHandler ["http-nio-8080"]
08-May-2026 18:38:03.959 INFO [main] org.apache.catalina.core.StandardService.stopInternal Stopping service [Catalina]
08-May-2026 18:38:03.964 WARNING [main] org.apache.catalina.loader.WebappClassLoaderBase.clearReferencesJdbc The web application [e-commerce] registered the JDBC driver [com.mysql.cj.jdbc.Driver] but failed to unregister it when the web application was stopped. To prevent a memory leak, the JDBC Driver has been forcibly unregistered.
08-May-2026 18:38:03.966 WARNING [main] org.apache.catalina.loader.WebappClassLoaderBase.clearReferencesThreads The web application [e-commerce] appears to have started a thread named [mysql-cj-abandoned-connection-cleanup] but has failed to stop it. This is very likely to create a memory leak. Stack trace of thread:
 java.base@17.0.8/java.lang.Object.wait(Native Method)
 java.base@17.0.8/java.lang.ref.ReferenceQueue.remove(ReferenceQueue.java:155)
 com.mysql.cj.jdbc.AbandonedConnectionCleanupThread.run(AbandonedConnectionCleanupThread.java:91)
 java.base@17.0.8/java.util.concurrent.ThreadPoolExecutor.runWorker(ThreadPoolExecutor.java:1136)
 java.base@17.0.8/java.util.concurrent.ThreadPoolExecutor$Worker.run(ThreadPoolExecutor.java:635)
 java.base@17.0.8/java.lang.Thread.run(Thread.java:833)
08-May-2026 18:38:03.972 INFO [main] org.apache.coyote.AbstractProtocol.stop Stopping ProtocolHandler ["http-nio-8080"]
08-May-2026 18:38:03.988 INFO [main] org.apache.coyote.AbstractProtocol.destroy Destroying ProtocolHandler ["http-nio-8080"]
08-May-2026 18:38:04.022 INFO [mysql-cj-abandoned-connection-cleanup] org.apache.catalina.loader.WebappClassLoaderBase.checkStateForResourceLoading Illegal access: this web application instance has been stopped already. Could not load []. The following stack trace is thrown for debugging purposes as well as to attempt to terminate the thread which caused the illegal access.
	java.lang.IllegalStateException: Illegal access: this web application instance has been stopped already. Could not load []. The following stack trace is thrown for debugging purposes as well as to attempt to terminate the thread which caused the illegal access.
		at org.apache.catalina.loader.WebappClassLoaderBase.checkStateForResourceLoading(WebappClassLoaderBase.java:1244)
		at org.apache.catalina.loader.WebappClassLoaderBase.getResource(WebappClassLoaderBase.java:854)
		at com.mysql.cj.jdbc.AbandonedConnectionCleanupThread.checkThreadContextClassLoader(AbandonedConnectionCleanupThread.java:123)
		at com.mysql.cj.jdbc.AbandonedConnectionCleanupThread.run(AbandonedConnectionCleanupThread.java:90)
		at java.base/java.util.concurrent.ThreadPoolExecutor.runWorker(ThreadPoolExecutor.java:1136)
		at java.base/java.util.concurrent.ThreadPoolExecutor$Worker.run(ThreadPoolExecutor.java:635)
		at java.base/java.lang.Thread.run(Thread.java:833)
08-May-2026 18:38:09.493 INFO [main] org.apache.catalina.startup.VersionLoggerListener.log Server version name:   Apache Tomcat/11.0.21
08-May-2026 18:38:09.497 INFO [main] org.apache.catalina.startup.VersionLoggerListener.log Server built:          Mar 30 2026 14:59:44 UTC
08-May-2026 18:38:09.497 INFO [main] org.apache.catalina.startup.VersionLoggerListener.log Server version number: 11.0.21.0
08-May-2026 18:38:09.498 INFO [main] org.apache.catalina.startup.VersionLoggerListener.log OS Name:               Windows 10
08-May-2026 18:38:09.498 INFO [main] org.apache.catalina.startup.VersionLoggerListener.log OS Version:            10.0
08-May-2026 18:38:09.498 INFO [main] org.apache.catalina.startup.VersionLoggerListener.log Architecture:          amd64
08-May-2026 18:38:09.498 INFO [main] org.apache.catalina.startup.VersionLoggerListener.log Java Home:             C:\Program Files\Java\jdk-17.0.8
08-May-2026 18:38:09.498 INFO [main] org.apache.catalina.startup.VersionLoggerListener.log JVM Version:           17.0.8+9-LTS-211
08-May-2026 18:38:09.499 INFO [main] org.apache.catalina.startup.VersionLoggerListener.log JVM Vendor:            Oracle Corporation
08-May-2026 18:38:09.499 INFO [main] org.apache.catalina.startup.VersionLoggerListener.log CATALINA_BASE:         C:\e-commerce\.devtomcat\Tomcat_Server_e6f0999f
08-May-2026 18:38:09.499 INFO [main] org.apache.catalina.startup.VersionLoggerListener.log CATALINA_HOME:         E:\apache-tomcat-11.0.21
08-May-2026 18:38:09.502 INFO [main] org.apache.catalina.startup.VersionLoggerListener.log Command line argument: -Dcom.sun.management.jmxremote
08-May-2026 18:38:09.502 INFO [main] org.apache.catalina.startup.VersionLoggerListener.log Command line argument: -Dcom.sun.management.jmxremote.port=1099
08-May-2026 18:38:09.502 INFO [main] org.apache.catalina.startup.VersionLoggerListener.log Command line argument: -Dcom.sun.management.jmxremote.ssl=false
08-May-2026 18:38:09.504 INFO [main] org.apache.catalina.startup.VersionLoggerListener.log Command line argument: -Dcom.sun.management.jmxremote.authenticate=false
08-May-2026 18:38:09.504 INFO [main] org.apache.catalina.startup.VersionLoggerListener.log Command line argument: -Dcom.sun.management.jmxremote.local.only=false
08-May-2026 18:38:09.504 INFO [main] org.apache.catalina.startup.VersionLoggerListener.log Command line argument: --add-opens=java.base/java.lang=ALL-UNNAMED
08-May-2026 18:38:09.504 INFO [main] org.apache.catalina.startup.VersionLoggerListener.log Command line argument: --add-opens=java.base/java.io=ALL-UNNAMED
08-May-2026 18:38:09.504 INFO [main] org.apache.catalina.startup.VersionLoggerListener.log Command line argument: --add-opens=java.base/java.util=ALL-UNNAMED
08-May-2026 18:38:09.504 INFO [main] org.apache.catalina.startup.VersionLoggerListener.log Command line argument: --add-opens=java.base/java.util.concurrent=ALL-UNNAMED
08-May-2026 18:38:09.505 INFO [main] org.apache.catalina.startup.VersionLoggerListener.log Command line argument: --add-opens=java.rmi/sun.rmi.transport=ALL-UNNAMED
08-May-2026 18:38:09.505 INFO [main] org.apache.catalina.startup.VersionLoggerListener.log Command line argument: -Dcatalina.home=E:\apache-tomcat-11.0.21
08-May-2026 18:38:09.505 INFO [main] org.apache.catalina.startup.VersionLoggerListener.log Command line argument: -Dcatalina.base=C:\e-commerce\.devtomcat\Tomcat_Server_e6f0999f
08-May-2026 18:38:09.505 INFO [main] org.apache.catalina.startup.VersionLoggerListener.log Command line argument: -Djava.io.tmpdir=C:\e-commerce\.devtomcat\Tomcat_Server_e6f0999f\temp
08-May-2026 18:38:09.505 INFO [main] org.apache.catalina.startup.VersionLoggerListener.log Command line argument: -Djava.util.logging.config.file=C:\e-commerce\.devtomcat\Tomcat_Server_e6f0999f\conf\logging.properties
08-May-2026 18:38:09.505 INFO [main] org.apache.catalina.startup.VersionLoggerListener.log Command line argument: -Djava.util.logging.manager=org.apache.juli.ClassLoaderLogManager
08-May-2026 18:38:09.505 INFO [main] org.apache.catalina.startup.VersionLoggerListener.log Command line argument: -Dserver.port=8080
08-May-2026 18:38:09.506 INFO [main] org.apache.catalina.startup.VersionLoggerListener.log Command line argument: -Dserver.shutdown.port=8005
08-May-2026 18:38:09.506 INFO [main] org.apache.catalina.startup.VersionLoggerListener.log Command line argument: -javaagent:C:\Program Files\JetBrains\IntelliJ IDEA 2025.3.1.1\lib\idea_rt.jar=61530
08-May-2026 18:38:09.506 INFO [main] org.apache.catalina.startup.VersionLoggerListener.log Command line argument: -Dfile.encoding=UTF-8
08-May-2026 18:38:09.508 INFO [main] org.apache.catalina.core.AprLifecycleListener.lifecycleEvent Loaded Apache Tomcat Native library [2.0.14] using APR version [1.7.6].
08-May-2026 18:38:09.513 INFO [main] org.apache.catalina.core.AprLifecycleListener.initializeSSL OpenSSL successfully initialized [OpenSSL 3.5.5 27 Jan 2026]
08-May-2026 18:38:09.779 INFO [main] org.apache.coyote.AbstractProtocol.init Initializing ProtocolHandler ["http-nio-8080"]
08-May-2026 18:38:09.803 INFO [main] org.apache.catalina.startup.Catalina.load Server initialization in [570] milliseconds
08-May-2026 18:38:09.868 INFO [main] org.apache.catalina.core.StandardService.startInternal Starting service [Catalina]
08-May-2026 18:38:09.868 INFO [main] org.apache.catalina.core.StandardEngine.startInternal Starting Servlet engine: [Apache Tomcat/11.0.21]
08-May-2026 18:38:09.886 INFO [main] org.apache.catalina.startup.HostConfig.deployDescriptor Deploying deployment descriptor [C:\e-commerce\.devtomcat\Tomcat_Server_e6f0999f\conf\Catalina\localhost\e-commerce.xml]
08-May-2026 18:38:11.086 INFO [main] org.apache.jasper.servlet.TldScanner.scanJars At least one JAR was scanned for TLDs yet contained no TLDs. Enable debug logging for this logger for a complete list of JARs that were scanned but no TLDs were found in them. Skipping unneeded JARs during scanning can improve startup time and JSP compilation time.
08-May-2026 18:38:11.217 INFO [main] org.apache.catalina.startup.HostConfig.deployDescriptor Deployment of deployment descriptor [C:\e-commerce\.devtomcat\Tomcat_Server_e6f0999f\conf\Catalina\localhost\e-commerce.xml] has finished in [1,329] ms
08-May-2026 18:38:11.227 INFO [main] org.apache.coyote.AbstractProtocol.start Starting ProtocolHandler ["http-nio-8080"]
08-May-2026 18:38:11.259 INFO [main] org.apache.catalina.startup.Catalina.start Server startup in [1453] milliseconds
08-May-2026 18:41:22.543 INFO [main] org.apache.catalina.core.StandardServer.await A valid shutdown command was received via the shutdown port. Stopping the Server instance.
08-May-2026 18:41:22.544 INFO [main] org.apache.coyote.AbstractProtocol.pause Pausing ProtocolHandler ["http-nio-8080"]
08-May-2026 18:41:22.616 INFO [main] org.apache.catalina.core.StandardService.stopInternal Stopping service [Catalina]
08-May-2026 18:41:22.622 WARNING [main] org.apache.catalina.loader.WebappClassLoaderBase.clearReferencesJdbc The web application [e-commerce] registered the JDBC driver [com.mysql.cj.jdbc.Driver] but failed to unregister it when the web application was stopped. To prevent a memory leak, the JDBC Driver has been forcibly unregistered.
08-May-2026 18:41:22.623 WARNING [main] org.apache.catalina.loader.WebappClassLoaderBase.clearReferencesThreads The web application [e-commerce] appears to have started a thread named [mysql-cj-abandoned-connection-cleanup] but has failed to stop it. This is very likely to create a memory leak. Stack trace of thread:
 java.base@17.0.8/java.lang.Object.wait(Native Method)
 java.base@17.0.8/java.lang.ref.ReferenceQueue.remove(ReferenceQueue.java:155)
 com.mysql.cj.jdbc.AbandonedConnectionCleanupThread.run(AbandonedConnectionCleanupThread.java:91)
 java.base@17.0.8/java.util.concurrent.ThreadPoolExecutor.runWorker(ThreadPoolExecutor.java:1136)
 java.base@17.0.8/java.util.concurrent.ThreadPoolExecutor$Worker.run(ThreadPoolExecutor.java:635)
 java.base@17.0.8/java.lang.Thread.run(Thread.java:833)
08-May-2026 18:41:22.627 INFO [main] org.apache.coyote.AbstractProtocol.stop Stopping ProtocolHandler ["http-nio-8080"]
08-May-2026 18:41:22.649 INFO [main] org.apache.coyote.AbstractProtocol.destroy Destroying ProtocolHandler ["http-nio-8080"]
08-May-2026 18:41:22.678 INFO [mysql-cj-abandoned-connection-cleanup] org.apache.catalina.loader.WebappClassLoaderBase.checkStateForResourceLoading Illegal access: this web application instance has been stopped already. Could not load []. The following stack trace is thrown for debugging purposes as well as to attempt to terminate the thread which caused the illegal access.
	java.lang.IllegalStateException: Illegal access: this web application instance has been stopped already. Could not load []. The following stack trace is thrown for debugging purposes as well as to attempt to terminate the thread which caused the illegal access.
		at org.apache.catalina.loader.WebappClassLoaderBase.checkStateForResourceLoading(WebappClassLoaderBase.java:1244)
		at org.apache.catalina.loader.WebappClassLoaderBase.getResource(WebappClassLoaderBase.java:854)
		at com.mysql.cj.jdbc.AbandonedConnectionCleanupThread.checkThreadContextClassLoader(AbandonedConnectionCleanupThread.java:123)
		at com.mysql.cj.jdbc.AbandonedConnectionCleanupThread.run(AbandonedConnectionCleanupThread.java:90)
		at java.base/java.util.concurrent.ThreadPoolExecutor.runWorker(ThreadPoolExecutor.java:1136)
		at java.base/java.util.concurrent.ThreadPoolExecutor$Worker.run(ThreadPoolExecutor.java:635)
		at java.base/java.lang.Thread.run(Thread.java:833)
08-May-2026 18:41:38.053 INFO [main] org.apache.catalina.startup.VersionLoggerListener.log Server version name:   Apache Tomcat/11.0.21
08-May-2026 18:41:38.056 INFO [main] org.apache.catalina.startup.VersionLoggerListener.log Server built:          Mar 30 2026 14:59:44 UTC
08-May-2026 18:41:38.057 INFO [main] org.apache.catalina.startup.VersionLoggerListener.log Server version number: 11.0.21.0
08-May-2026 18:41:38.057 INFO [main] org.apache.catalina.startup.VersionLoggerListener.log OS Name:               Windows 10
08-May-2026 18:41:38.057 INFO [main] org.apache.catalina.startup.VersionLoggerListener.log OS Version:            10.0
08-May-2026 18:41:38.058 INFO [main] org.apache.catalina.startup.VersionLoggerListener.log Architecture:          amd64
08-May-2026 18:41:38.058 INFO [main] org.apache.catalina.startup.VersionLoggerListener.log Java Home:             C:\Program Files\Java\jdk-17.0.8
08-May-2026 18:41:38.058 INFO [main] org.apache.catalina.startup.VersionLoggerListener.log JVM Version:           17.0.8+9-LTS-211
08-May-2026 18:41:38.058 INFO [main] org.apache.catalina.startup.VersionLoggerListener.log JVM Vendor:            Oracle Corporation
08-May-2026 18:41:38.059 INFO [main] org.apache.catalina.startup.VersionLoggerListener.log CATALINA_BASE:         C:\e-commerce\.devtomcat\Tomcat_Server_e6f0999f
08-May-2026 18:41:38.059 INFO [main] org.apache.catalina.startup.VersionLoggerListener.log CATALINA_HOME:         E:\apache-tomcat-11.0.21
08-May-2026 18:41:38.062 INFO [main] org.apache.catalina.startup.VersionLoggerListener.log Command line argument: -Dcom.sun.management.jmxremote
08-May-2026 18:41:38.063 INFO [main] org.apache.catalina.startup.VersionLoggerListener.log Command line argument: -Dcom.sun.management.jmxremote.port=1099
08-May-2026 18:41:38.063 INFO [main] org.apache.catalina.startup.VersionLoggerListener.log Command line argument: -Dcom.sun.management.jmxremote.ssl=false
08-May-2026 18:41:38.063 INFO [main] org.apache.catalina.startup.VersionLoggerListener.log Command line argument: -Dcom.sun.management.jmxremote.authenticate=false
08-May-2026 18:41:38.063 INFO [main] org.apache.catalina.startup.VersionLoggerListener.log Command line argument: -Dcom.sun.management.jmxremote.local.only=false
08-May-2026 18:41:38.063 INFO [main] org.apache.catalina.startup.VersionLoggerListener.log Command line argument: --add-opens=java.base/java.lang=ALL-UNNAMED
08-May-2026 18:41:38.064 INFO [main] org.apache.catalina.startup.VersionLoggerListener.log Command line argument: --add-opens=java.base/java.io=ALL-UNNAMED
08-May-2026 18:41:38.064 INFO [main] org.apache.catalina.startup.VersionLoggerListener.log Command line argument: --add-opens=java.base/java.util=ALL-UNNAMED
08-May-2026 18:41:38.064 INFO [main] org.apache.catalina.startup.VersionLoggerListener.log Command line argument: --add-opens=java.base/java.util.concurrent=ALL-UNNAMED
08-May-2026 18:41:38.064 INFO [main] org.apache.catalina.startup.VersionLoggerListener.log Command line argument: --add-opens=java.rmi/sun.rmi.transport=ALL-UNNAMED
08-May-2026 18:41:38.065 INFO [main] org.apache.catalina.startup.VersionLoggerListener.log Command line argument: -Dcatalina.home=E:\apache-tomcat-11.0.21
08-May-2026 18:41:38.065 INFO [main] org.apache.catalina.startup.VersionLoggerListener.log Command line argument: -Dcatalina.base=C:\e-commerce\.devtomcat\Tomcat_Server_e6f0999f
08-May-2026 18:41:38.065 INFO [main] org.apache.catalina.startup.VersionLoggerListener.log Command line argument: -Djava.io.tmpdir=C:\e-commerce\.devtomcat\Tomcat_Server_e6f0999f\temp
08-May-2026 18:41:38.065 INFO [main] org.apache.catalina.startup.VersionLoggerListener.log Command line argument: -Djava.util.logging.config.file=C:\e-commerce\.devtomcat\Tomcat_Server_e6f0999f\conf\logging.properties
08-May-2026 18:41:38.065 INFO [main] org.apache.catalina.startup.VersionLoggerListener.log Command line argument: -Djava.util.logging.manager=org.apache.juli.ClassLoaderLogManager
08-May-2026 18:41:38.065 INFO [main] org.apache.catalina.startup.VersionLoggerListener.log Command line argument: -Dserver.port=8080
08-May-2026 18:41:38.066 INFO [main] org.apache.catalina.startup.VersionLoggerListener.log Command line argument: -Dserver.shutdown.port=8005
08-May-2026 18:41:38.066 INFO [main] org.apache.catalina.startup.VersionLoggerListener.log Command line argument: -javaagent:C:\Program Files\JetBrains\IntelliJ IDEA 2025.3.1.1\lib\idea_rt.jar=54467
08-May-2026 18:41:38.066 INFO [main] org.apache.catalina.startup.VersionLoggerListener.log Command line argument: -Dfile.encoding=UTF-8
08-May-2026 18:41:38.069 INFO [main] org.apache.catalina.core.AprLifecycleListener.lifecycleEvent Loaded Apache Tomcat Native library [2.0.14] using APR version [1.7.6].
08-May-2026 18:41:38.076 INFO [main] org.apache.catalina.core.AprLifecycleListener.initializeSSL OpenSSL successfully initialized [OpenSSL 3.5.5 27 Jan 2026]
08-May-2026 18:41:38.352 INFO [main] org.apache.coyote.AbstractProtocol.init Initializing ProtocolHandler ["http-nio-8080"]
08-May-2026 18:41:38.376 INFO [main] org.apache.catalina.startup.Catalina.load Server initialization in [602] milliseconds
08-May-2026 18:41:38.443 INFO [main] org.apache.catalina.core.StandardService.startInternal Starting service [Catalina]
08-May-2026 18:41:38.443 INFO [main] org.apache.catalina.core.StandardEngine.startInternal Starting Servlet engine: [Apache Tomcat/11.0.21]
08-May-2026 18:41:38.462 INFO [main] org.apache.catalina.startup.HostConfig.deployDescriptor Deploying deployment descriptor [C:\e-commerce\.devtomcat\Tomcat_Server_e6f0999f\conf\Catalina\localhost\e-commerce.xml]
08-May-2026 18:41:39.849 INFO [main] org.apache.jasper.servlet.TldScanner.scanJars At least one JAR was scanned for TLDs yet contained no TLDs. Enable debug logging for this logger for a complete list of JARs that were scanned but no TLDs were found in them. Skipping unneeded JARs during scanning can improve startup time and JSP compilation time.
08-May-2026 18:41:40.024 INFO [main] org.apache.catalina.startup.HostConfig.deployDescriptor Deployment of deployment descriptor [C:\e-commerce\.devtomcat\Tomcat_Server_e6f0999f\conf\Catalina\localhost\e-commerce.xml] has finished in [1,561] ms
08-May-2026 18:41:40.031 INFO [main] org.apache.coyote.AbstractProtocol.start Starting ProtocolHandler ["http-nio-8080"]
08-May-2026 18:41:40.069 INFO [main] org.apache.catalina.startup.Catalina.start Server startup in [1692] milliseconds
08-May-2026 18:45:15.747 INFO [main] org.apache.catalina.core.StandardServer.await A valid shutdown command was received via the shutdown port. Stopping the Server instance.
08-May-2026 18:45:15.748 INFO [main] org.apache.coyote.AbstractProtocol.pause Pausing ProtocolHandler ["http-nio-8080"]
08-May-2026 18:45:15.825 INFO [main] org.apache.catalina.core.StandardService.stopInternal Stopping service [Catalina]
08-May-2026 18:45:15.835 WARNING [main] org.apache.catalina.loader.WebappClassLoaderBase.clearReferencesJdbc The web application [e-commerce] registered the JDBC driver [com.mysql.cj.jdbc.Driver] but failed to unregister it when the web application was stopped. To prevent a memory leak, the JDBC Driver has been forcibly unregistered.
08-May-2026 18:45:15.836 WARNING [main] org.apache.catalina.loader.WebappClassLoaderBase.clearReferencesThreads The web application [e-commerce] appears to have started a thread named [mysql-cj-abandoned-connection-cleanup] but has failed to stop it. This is very likely to create a memory leak. Stack trace of thread:
 java.base@17.0.8/java.lang.Object.wait(Native Method)
 java.base@17.0.8/java.lang.ref.ReferenceQueue.remove(ReferenceQueue.java:155)
 com.mysql.cj.jdbc.AbandonedConnectionCleanupThread.run(AbandonedConnectionCleanupThread.java:91)
 java.base@17.0.8/java.util.concurrent.ThreadPoolExecutor.runWorker(ThreadPoolExecutor.java:1136)
 java.base@17.0.8/java.util.concurrent.ThreadPoolExecutor$Worker.run(ThreadPoolExecutor.java:635)
 java.base@17.0.8/java.lang.Thread.run(Thread.java:833)
08-May-2026 18:45:15.843 INFO [main] org.apache.coyote.AbstractProtocol.stop Stopping ProtocolHandler ["http-nio-8080"]
08-May-2026 18:45:15.852 INFO [main] org.apache.coyote.AbstractProtocol.destroy Destroying ProtocolHandler ["http-nio-8080"]
08-May-2026 18:45:15.909 INFO [mysql-cj-abandoned-connection-cleanup] org.apache.catalina.loader.WebappClassLoaderBase.checkStateForResourceLoading Illegal access: this web application instance has been stopped already. Could not load []. The following stack trace is thrown for debugging purposes as well as to attempt to terminate the thread which caused the illegal access.
	java.lang.IllegalStateException: Illegal access: this web application instance has been stopped already. Could not load []. The following stack trace is thrown for debugging purposes as well as to attempt to terminate the thread which caused the illegal access.
		at org.apache.catalina.loader.WebappClassLoaderBase.checkStateForResourceLoading(WebappClassLoaderBase.java:1244)
		at org.apache.catalina.loader.WebappClassLoaderBase.getResource(WebappClassLoaderBase.java:854)
		at com.mysql.cj.jdbc.AbandonedConnectionCleanupThread.checkThreadContextClassLoader(AbandonedConnectionCleanupThread.java:123)
		at com.mysql.cj.jdbc.AbandonedConnectionCleanupThread.run(AbandonedConnectionCleanupThread.java:90)
		at java.base/java.util.concurrent.ThreadPoolExecutor.runWorker(ThreadPoolExecutor.java:1136)
		at java.base/java.util.concurrent.ThreadPoolExecutor$Worker.run(ThreadPoolExecutor.java:635)
		at java.base/java.lang.Thread.run(Thread.java:833)
08-May-2026 18:45:15.910 INFO [mysql-cj-abandoned-connection-cleanup] org.apache.catalina.loader.WebappClassLoaderBase.checkStateForResourceLoading Illegal access: this web application instance has been stopped already. Could not load []. The following stack trace is thrown for debugging purposes as well as to attempt to terminate the thread which caused the illegal access.
	java.lang.IllegalStateException: Illegal access: this web application instance has been stopped already. Could not load []. The following stack trace is thrown for debugging purposes as well as to attempt to terminate the thread which caused the illegal access.
		at org.apache.catalina.loader.WebappClassLoaderBase.checkStateForResourceLoading(WebappClassLoaderBase.java:1244)
		at org.apache.catalina.loader.WebappClassLoaderBase.getResource(WebappClassLoaderBase.java:854)
		at com.mysql.cj.jdbc.AbandonedConnectionCleanupThread.checkThreadContextClassLoader(AbandonedConnectionCleanupThread.java:123)
		at com.mysql.cj.jdbc.AbandonedConnectionCleanupThread.run(AbandonedConnectionCleanupThread.java:90)
		at java.base/java.util.concurrent.ThreadPoolExecutor.runWorker(ThreadPoolExecutor.java:1136)
		at java.base/java.util.concurrent.ThreadPoolExecutor$Worker.run(ThreadPoolExecutor.java:635)
		at java.base/java.lang.Thread.run(Thread.java:833)
08-May-2026 18:46:58.598 INFO [main] org.apache.catalina.startup.VersionLoggerListener.log Server version name:   Apache Tomcat/11.0.21
08-May-2026 18:46:58.602 INFO [main] org.apache.catalina.startup.VersionLoggerListener.log Server built:          Mar 30 2026 14:59:44 UTC
08-May-2026 18:46:58.602 INFO [main] org.apache.catalina.startup.VersionLoggerListener.log Server version number: 11.0.21.0
08-May-2026 18:46:58.603 INFO [main] org.apache.catalina.startup.VersionLoggerListener.log OS Name:               Windows 10
08-May-2026 18:46:58.603 INFO [main] org.apache.catalina.startup.VersionLoggerListener.log OS Version:            10.0
08-May-2026 18:46:58.603 INFO [main] org.apache.catalina.startup.VersionLoggerListener.log Architecture:          amd64
08-May-2026 18:46:58.603 INFO [main] org.apache.catalina.startup.VersionLoggerListener.log Java Home:             C:\Program Files\Java\jdk-17.0.8
08-May-2026 18:46:58.604 INFO [main] org.apache.catalina.startup.VersionLoggerListener.log JVM Version:           17.0.8+9-LTS-211
08-May-2026 18:46:58.604 INFO [main] org.apache.catalina.startup.VersionLoggerListener.log JVM Vendor:            Oracle Corporation
08-May-2026 18:46:58.605 INFO [main] org.apache.catalina.startup.VersionLoggerListener.log CATALINA_BASE:         C:\e-commerce\.devtomcat\Tomcat_Server_e6f0999f
08-May-2026 18:46:58.605 INFO [main] org.apache.catalina.startup.VersionLoggerListener.log CATALINA_HOME:         E:\apache-tomcat-11.0.21
08-May-2026 18:46:58.607 INFO [main] org.apache.catalina.startup.VersionLoggerListener.log Command line argument: -Dcom.sun.management.jmxremote
08-May-2026 18:46:58.608 INFO [main] org.apache.catalina.startup.VersionLoggerListener.log Command line argument: -Dcom.sun.management.jmxremote.port=1099
08-May-2026 18:46:58.608 INFO [main] org.apache.catalina.startup.VersionLoggerListener.log Command line argument: -Dcom.sun.management.jmxremote.ssl=false
08-May-2026 18:46:58.608 INFO [main] org.apache.catalina.startup.VersionLoggerListener.log Command line argument: -Dcom.sun.management.jmxremote.authenticate=false
08-May-2026 18:46:58.608 INFO [main] org.apache.catalina.startup.VersionLoggerListener.log Command line argument: -Dcom.sun.management.jmxremote.local.only=false
08-May-2026 18:46:58.608 INFO [main] org.apache.catalina.startup.VersionLoggerListener.log Command line argument: --add-opens=java.base/java.lang=ALL-UNNAMED
08-May-2026 18:46:58.608 INFO [main] org.apache.catalina.startup.VersionLoggerListener.log Command line argument: --add-opens=java.base/java.io=ALL-UNNAMED
08-May-2026 18:46:58.609 INFO [main] org.apache.catalina.startup.VersionLoggerListener.log Command line argument: --add-opens=java.base/java.util=ALL-UNNAMED
08-May-2026 18:46:58.609 INFO [main] org.apache.catalina.startup.VersionLoggerListener.log Command line argument: --add-opens=java.base/java.util.concurrent=ALL-UNNAMED
08-May-2026 18:46:58.609 INFO [main] org.apache.catalina.startup.VersionLoggerListener.log Command line argument: --add-opens=java.rmi/sun.rmi.transport=ALL-UNNAMED
08-May-2026 18:46:58.609 INFO [main] org.apache.catalina.startup.VersionLoggerListener.log Command line argument: -Dcatalina.home=E:\apache-tomcat-11.0.21
08-May-2026 18:46:58.609 INFO [main] org.apache.catalina.startup.VersionLoggerListener.log Command line argument: -Dcatalina.base=C:\e-commerce\.devtomcat\Tomcat_Server_e6f0999f
08-May-2026 18:46:58.610 INFO [main] org.apache.catalina.startup.VersionLoggerListener.log Command line argument: -Djava.io.tmpdir=C:\e-commerce\.devtomcat\Tomcat_Server_e6f0999f\temp
08-May-2026 18:46:58.610 INFO [main] org.apache.catalina.startup.VersionLoggerListener.log Command line argument: -Djava.util.logging.config.file=C:\e-commerce\.devtomcat\Tomcat_Server_e6f0999f\conf\logging.properties
08-May-2026 18:46:58.610 INFO [main] org.apache.catalina.startup.VersionLoggerListener.log Command line argument: -Djava.util.logging.manager=org.apache.juli.ClassLoaderLogManager
08-May-2026 18:46:58.610 INFO [main] org.apache.catalina.startup.VersionLoggerListener.log Command line argument: -Dserver.port=8080
08-May-2026 18:46:58.610 INFO [main] org.apache.catalina.startup.VersionLoggerListener.log Command line argument: -Dserver.shutdown.port=8005
08-May-2026 18:46:58.610 INFO [main] org.apache.catalina.startup.VersionLoggerListener.log Command line argument: -javaagent:C:\Program Files\JetBrains\IntelliJ IDEA 2025.3.1.1\lib\idea_rt.jar=58638
08-May-2026 18:46:58.610 INFO [main] org.apache.catalina.startup.VersionLoggerListener.log Command line argument: -Dfile.encoding=UTF-8
08-May-2026 18:46:58.614 INFO [main] org.apache.catalina.core.AprLifecycleListener.lifecycleEvent Loaded Apache Tomcat Native library [2.0.14] using APR version [1.7.6].
08-May-2026 18:46:58.621 INFO [main] org.apache.catalina.core.AprLifecycleListener.initializeSSL OpenSSL successfully initialized [OpenSSL 3.5.5 27 Jan 2026]
08-May-2026 18:46:58.901 INFO [main] org.apache.coyote.AbstractProtocol.init Initializing ProtocolHandler ["http-nio-8080"]
08-May-2026 18:46:58.928 INFO [main] org.apache.catalina.startup.Catalina.load Server initialization in [761] milliseconds
08-May-2026 18:46:58.994 INFO [main] org.apache.catalina.core.StandardService.startInternal Starting service [Catalina]
08-May-2026 18:46:58.994 INFO [main] org.apache.catalina.core.StandardEngine.startInternal Starting Servlet engine: [Apache Tomcat/11.0.21]
08-May-2026 18:46:59.011 INFO [main] org.apache.catalina.startup.HostConfig.deployDescriptor Deploying deployment descriptor [C:\e-commerce\.devtomcat\Tomcat_Server_e6f0999f\conf\Catalina\localhost\e-commerce.xml]
08-May-2026 18:47:00.220 INFO [main] org.apache.jasper.servlet.TldScanner.scanJars At least one JAR was scanned for TLDs yet contained no TLDs. Enable debug logging for this logger for a complete list of JARs that were scanned but no TLDs were found in them. Skipping unneeded JARs during scanning can improve startup time and JSP compilation time.
08-May-2026 18:47:00.349 INFO [main] org.apache.catalina.startup.HostConfig.deployDescriptor Deployment of deployment descriptor [C:\e-commerce\.devtomcat\Tomcat_Server_e6f0999f\conf\Catalina\localhost\e-commerce.xml] has finished in [1,337] ms
08-May-2026 18:47:00.356 INFO [main] org.apache.coyote.AbstractProtocol.start Starting ProtocolHandler ["http-nio-8080"]
08-May-2026 18:47:00.385 INFO [main] org.apache.catalina.startup.Catalina.start Server startup in [1455] milliseconds
08-May-2026 18:52:13.276 INFO [main] org.apache.catalina.core.StandardServer.await A valid shutdown command was received via the shutdown port. Stopping the Server instance.
08-May-2026 18:52:13.277 INFO [main] org.apache.coyote.AbstractProtocol.pause Pausing ProtocolHandler ["http-nio-8080"]
08-May-2026 18:52:13.369 INFO [main] org.apache.catalina.core.StandardService.stopInternal Stopping service [Catalina]
08-May-2026 18:52:13.374 WARNING [main] org.apache.catalina.loader.WebappClassLoaderBase.clearReferencesJdbc The web application [e-commerce] registered the JDBC driver [com.mysql.cj.jdbc.Driver] but failed to unregister it when the web application was stopped. To prevent a memory leak, the JDBC Driver has been forcibly unregistered.
08-May-2026 18:52:13.375 WARNING [main] org.apache.catalina.loader.WebappClassLoaderBase.clearReferencesThreads The web application [e-commerce] appears to have started a thread named [mysql-cj-abandoned-connection-cleanup] but has failed to stop it. This is very likely to create a memory leak. Stack trace of thread:
 java.base@17.0.8/java.lang.Object.wait(Native Method)
 java.base@17.0.8/java.lang.ref.ReferenceQueue.remove(ReferenceQueue.java:155)
 com.mysql.cj.jdbc.AbandonedConnectionCleanupThread.run(AbandonedConnectionCleanupThread.java:91)
 java.base@17.0.8/java.util.concurrent.ThreadPoolExecutor.runWorker(ThreadPoolExecutor.java:1136)
 java.base@17.0.8/java.util.concurrent.ThreadPoolExecutor$Worker.run(ThreadPoolExecutor.java:635)
 java.base@17.0.8/java.lang.Thread.run(Thread.java:833)
08-May-2026 18:52:13.379 INFO [main] org.apache.coyote.AbstractProtocol.stop Stopping ProtocolHandler ["http-nio-8080"]
08-May-2026 18:52:13.406 INFO [main] org.apache.coyote.AbstractProtocol.destroy Destroying ProtocolHandler ["http-nio-8080"]
08-May-2026 18:52:13.463 INFO [mysql-cj-abandoned-connection-cleanup] org.apache.catalina.loader.WebappClassLoaderBase.checkStateForResourceLoading Illegal access: this web application instance has been stopped already. Could not load []. The following stack trace is thrown for debugging purposes as well as to attempt to terminate the thread which caused the illegal access.
	java.lang.IllegalStateException: Illegal access: this web application instance has been stopped already. Could not load []. The following stack trace is thrown for debugging purposes as well as to attempt to terminate the thread which caused the illegal access.
		at org.apache.catalina.loader.WebappClassLoaderBase.checkStateForResourceLoading(WebappClassLoaderBase.java:1244)
		at org.apache.catalina.loader.WebappClassLoaderBase.getResource(WebappClassLoaderBase.java:854)
		at com.mysql.cj.jdbc.AbandonedConnectionCleanupThread.checkThreadContextClassLoader(AbandonedConnectionCleanupThread.java:123)
		at com.mysql.cj.jdbc.AbandonedConnectionCleanupThread.run(AbandonedConnectionCleanupThread.java:90)
		at java.base/java.util.concurrent.ThreadPoolExecutor.runWorker(ThreadPoolExecutor.java:1136)
		at java.base/java.util.concurrent.ThreadPoolExecutor$Worker.run(ThreadPoolExecutor.java:635)
		at java.base/java.lang.Thread.run(Thread.java:833)
08-May-2026 18:52:19.223 INFO [main] org.apache.catalina.startup.VersionLoggerListener.log Server version name:   Apache Tomcat/11.0.21
08-May-2026 18:52:19.225 INFO [main] org.apache.catalina.startup.VersionLoggerListener.log Server built:          Mar 30 2026 14:59:44 UTC
08-May-2026 18:52:19.226 INFO [main] org.apache.catalina.startup.VersionLoggerListener.log Server version number: 11.0.21.0
08-May-2026 18:52:19.226 INFO [main] org.apache.catalina.startup.VersionLoggerListener.log OS Name:               Windows 10
08-May-2026 18:52:19.226 INFO [main] org.apache.catalina.startup.VersionLoggerListener.log OS Version:            10.0
08-May-2026 18:52:19.226 INFO [main] org.apache.catalina.startup.VersionLoggerListener.log Architecture:          amd64
08-May-2026 18:52:19.227 INFO [main] org.apache.catalina.startup.VersionLoggerListener.log Java Home:             C:\Program Files\Java\jdk-17.0.8
08-May-2026 18:52:19.228 INFO [main] org.apache.catalina.startup.VersionLoggerListener.log JVM Version:           17.0.8+9-LTS-211
08-May-2026 18:52:19.228 INFO [main] org.apache.catalina.startup.VersionLoggerListener.log JVM Vendor:            Oracle Corporation
08-May-2026 18:52:19.228 INFO [main] org.apache.catalina.startup.VersionLoggerListener.log CATALINA_BASE:         C:\e-commerce\.devtomcat\Tomcat_Server_e6f0999f
08-May-2026 18:52:19.229 INFO [main] org.apache.catalina.startup.VersionLoggerListener.log CATALINA_HOME:         E:\apache-tomcat-11.0.21
08-May-2026 18:52:19.231 INFO [main] org.apache.catalina.startup.VersionLoggerListener.log Command line argument: -Dcom.sun.management.jmxremote
08-May-2026 18:52:19.231 INFO [main] org.apache.catalina.startup.VersionLoggerListener.log Command line argument: -Dcom.sun.management.jmxremote.port=1099
08-May-2026 18:52:19.232 INFO [main] org.apache.catalina.startup.VersionLoggerListener.log Command line argument: -Dcom.sun.management.jmxremote.ssl=false
08-May-2026 18:52:19.232 INFO [main] org.apache.catalina.startup.VersionLoggerListener.log Command line argument: -Dcom.sun.management.jmxremote.authenticate=false
08-May-2026 18:52:19.232 INFO [main] org.apache.catalina.startup.VersionLoggerListener.log Command line argument: -Dcom.sun.management.jmxremote.local.only=false
08-May-2026 18:52:19.232 INFO [main] org.apache.catalina.startup.VersionLoggerListener.log Command line argument: --add-opens=java.base/java.lang=ALL-UNNAMED
08-May-2026 18:52:19.232 INFO [main] org.apache.catalina.startup.VersionLoggerListener.log Command line argument: --add-opens=java.base/java.io=ALL-UNNAMED
08-May-2026 18:52:19.233 INFO [main] org.apache.catalina.startup.VersionLoggerListener.log Command line argument: --add-opens=java.base/java.util=ALL-UNNAMED
08-May-2026 18:52:19.233 INFO [main] org.apache.catalina.startup.VersionLoggerListener.log Command line argument: --add-opens=java.base/java.util.concurrent=ALL-UNNAMED
08-May-2026 18:52:19.233 INFO [main] org.apache.catalina.startup.VersionLoggerListener.log Command line argument: --add-opens=java.rmi/sun.rmi.transport=ALL-UNNAMED
08-May-2026 18:52:19.233 INFO [main] org.apache.catalina.startup.VersionLoggerListener.log Command line argument: -Dcatalina.home=E:\apache-tomcat-11.0.21
08-May-2026 18:52:19.233 INFO [main] org.apache.catalina.startup.VersionLoggerListener.log Command line argument: -Dcatalina.base=C:\e-commerce\.devtomcat\Tomcat_Server_e6f0999f
08-May-2026 18:52:19.233 INFO [main] org.apache.catalina.startup.VersionLoggerListener.log Command line argument: -Djava.io.tmpdir=C:\e-commerce\.devtomcat\Tomcat_Server_e6f0999f\temp
08-May-2026 18:52:19.233 INFO [main] org.apache.catalina.startup.VersionLoggerListener.log Command line argument: -Djava.util.logging.config.file=C:\e-commerce\.devtomcat\Tomcat_Server_e6f0999f\conf\logging.properties
08-May-2026 18:52:19.234 INFO [main] org.apache.catalina.startup.VersionLoggerListener.log Command line argument: -Djava.util.logging.manager=org.apache.juli.ClassLoaderLogManager
08-May-2026 18:52:19.234 INFO [main] org.apache.catalina.startup.VersionLoggerListener.log Command line argument: -Dserver.port=8080
08-May-2026 18:52:19.234 INFO [main] org.apache.catalina.startup.VersionLoggerListener.log Command line argument: -Dserver.shutdown.port=8005
08-May-2026 18:52:19.234 INFO [main] org.apache.catalina.startup.VersionLoggerListener.log Command line argument: -javaagent:C:\Program Files\JetBrains\IntelliJ IDEA 2025.3.1.1\lib\idea_rt.jar=50764
08-May-2026 18:52:19.234 INFO [main] org.apache.catalina.startup.VersionLoggerListener.log Command line argument: -Dfile.encoding=UTF-8
08-May-2026 18:52:19.237 INFO [main] org.apache.catalina.core.AprLifecycleListener.lifecycleEvent Loaded Apache Tomcat Native library [2.0.14] using APR version [1.7.6].
08-May-2026 18:52:19.243 INFO [main] org.apache.catalina.core.AprLifecycleListener.initializeSSL OpenSSL successfully initialized [OpenSSL 3.5.5 27 Jan 2026]
08-May-2026 18:52:19.799 INFO [main] org.apache.coyote.AbstractProtocol.init Initializing ProtocolHandler ["http-nio-8080"]
08-May-2026 18:52:19.826 INFO [main] org.apache.catalina.startup.Catalina.load Server initialization in [908] milliseconds
08-May-2026 18:52:19.902 INFO [main] org.apache.catalina.core.StandardService.startInternal Starting service [Catalina]
08-May-2026 18:52:19.902 INFO [main] org.apache.catalina.core.StandardEngine.startInternal Starting Servlet engine: [Apache Tomcat/11.0.21]
08-May-2026 18:52:19.919 INFO [main] org.apache.catalina.startup.HostConfig.deployDescriptor Deploying deployment descriptor [C:\e-commerce\.devtomcat\Tomcat_Server_e6f0999f\conf\Catalina\localhost\e-commerce.xml]
08-May-2026 18:52:21.206 INFO [main] org.apache.jasper.servlet.TldScanner.scanJars At least one JAR was scanned for TLDs yet contained no TLDs. Enable debug logging for this logger for a complete list of JARs that were scanned but no TLDs were found in them. Skipping unneeded JARs during scanning can improve startup time and JSP compilation time.
08-May-2026 18:52:21.332 INFO [main] org.apache.catalina.startup.HostConfig.deployDescriptor Deployment of deployment descriptor [C:\e-commerce\.devtomcat\Tomcat_Server_e6f0999f\conf\Catalina\localhost\e-commerce.xml] has finished in [1,412] ms
08-May-2026 18:52:21.339 INFO [main] org.apache.coyote.AbstractProtocol.start Starting ProtocolHandler ["http-nio-8080"]
08-May-2026 18:52:21.369 INFO [main] org.apache.catalina.startup.Catalina.start Server startup in [1542] milliseconds
08-May-2026 18:56:12.556 INFO [main] org.apache.catalina.core.StandardServer.await A valid shutdown command was received via the shutdown port. Stopping the Server instance.
08-May-2026 18:56:12.557 INFO [main] org.apache.coyote.AbstractProtocol.pause Pausing ProtocolHandler ["http-nio-8080"]
08-May-2026 18:56:12.636 INFO [main] org.apache.catalina.core.StandardService.stopInternal Stopping service [Catalina]
08-May-2026 18:56:12.643 WARNING [main] org.apache.catalina.loader.WebappClassLoaderBase.clearReferencesJdbc The web application [e-commerce] registered the JDBC driver [com.mysql.cj.jdbc.Driver] but failed to unregister it when the web application was stopped. To prevent a memory leak, the JDBC Driver has been forcibly unregistered.
08-May-2026 18:56:12.644 WARNING [main] org.apache.catalina.loader.WebappClassLoaderBase.clearReferencesThreads The web application [e-commerce] appears to have started a thread named [mysql-cj-abandoned-connection-cleanup] but has failed to stop it. This is very likely to create a memory leak. Stack trace of thread:
 java.base@17.0.8/java.lang.Object.wait(Native Method)
 java.base@17.0.8/java.lang.ref.ReferenceQueue.remove(ReferenceQueue.java:155)
 com.mysql.cj.jdbc.AbandonedConnectionCleanupThread.run(AbandonedConnectionCleanupThread.java:91)
 java.base@17.0.8/java.util.concurrent.ThreadPoolExecutor.runWorker(ThreadPoolExecutor.java:1136)
 java.base@17.0.8/java.util.concurrent.ThreadPoolExecutor$Worker.run(ThreadPoolExecutor.java:635)
 java.base@17.0.8/java.lang.Thread.run(Thread.java:833)
08-May-2026 18:56:12.648 INFO [main] org.apache.coyote.AbstractProtocol.stop Stopping ProtocolHandler ["http-nio-8080"]
08-May-2026 18:56:12.662 INFO [main] org.apache.coyote.AbstractProtocol.destroy Destroying ProtocolHandler ["http-nio-8080"]
08-May-2026 18:56:12.722 INFO [mysql-cj-abandoned-connection-cleanup] org.apache.catalina.loader.WebappClassLoaderBase.checkStateForResourceLoading Illegal access: this web application instance has been stopped already. Could not load []. The following stack trace is thrown for debugging purposes as well as to attempt to terminate the thread which caused the illegal access.
	java.lang.IllegalStateException: Illegal access: this web application instance has been stopped already. Could not load []. The following stack trace is thrown for debugging purposes as well as to attempt to terminate the thread which caused the illegal access.
		at org.apache.catalina.loader.WebappClassLoaderBase.checkStateForResourceLoading(WebappClassLoaderBase.java:1244)
		at org.apache.catalina.loader.WebappClassLoaderBase.getResource(WebappClassLoaderBase.java:854)
		at com.mysql.cj.jdbc.AbandonedConnectionCleanupThread.checkThreadContextClassLoader(AbandonedConnectionCleanupThread.java:123)
		at com.mysql.cj.jdbc.AbandonedConnectionCleanupThread.run(AbandonedConnectionCleanupThread.java:90)
		at java.base/java.util.concurrent.ThreadPoolExecutor.runWorker(ThreadPoolExecutor.java:1136)
		at java.base/java.util.concurrent.ThreadPoolExecutor$Worker.run(ThreadPoolExecutor.java:635)
		at java.base/java.lang.Thread.run(Thread.java:833)
08-May-2026 18:56:38.892 INFO [main] org.apache.catalina.startup.VersionLoggerListener.log Server version name:   Apache Tomcat/11.0.21
08-May-2026 18:56:38.895 INFO [main] org.apache.catalina.startup.VersionLoggerListener.log Server built:          Mar 30 2026 14:59:44 UTC
08-May-2026 18:56:38.896 INFO [main] org.apache.catalina.startup.VersionLoggerListener.log Server version number: 11.0.21.0
08-May-2026 18:56:38.896 INFO [main] org.apache.catalina.startup.VersionLoggerListener.log OS Name:               Windows 10
08-May-2026 18:56:38.896 INFO [main] org.apache.catalina.startup.VersionLoggerListener.log OS Version:            10.0
08-May-2026 18:56:38.896 INFO [main] org.apache.catalina.startup.VersionLoggerListener.log Architecture:          amd64
08-May-2026 18:56:38.896 INFO [main] org.apache.catalina.startup.VersionLoggerListener.log Java Home:             C:\Program Files\Java\jdk-17.0.8
08-May-2026 18:56:38.896 INFO [main] org.apache.catalina.startup.VersionLoggerListener.log JVM Version:           17.0.8+9-LTS-211
08-May-2026 18:56:38.896 INFO [main] org.apache.catalina.startup.VersionLoggerListener.log JVM Vendor:            Oracle Corporation
08-May-2026 18:56:38.897 INFO [main] org.apache.catalina.startup.VersionLoggerListener.log CATALINA_BASE:         C:\e-commerce\.devtomcat\Tomcat_Server_e6f0999f
08-May-2026 18:56:38.897 INFO [main] org.apache.catalina.startup.VersionLoggerListener.log CATALINA_HOME:         E:\apache-tomcat-11.0.21
08-May-2026 18:56:38.899 INFO [main] org.apache.catalina.startup.VersionLoggerListener.log Command line argument: -Dcom.sun.management.jmxremote
08-May-2026 18:56:38.899 INFO [main] org.apache.catalina.startup.VersionLoggerListener.log Command line argument: -Dcom.sun.management.jmxremote.port=1099
08-May-2026 18:56:38.900 INFO [main] org.apache.catalina.startup.VersionLoggerListener.log Command line argument: -Dcom.sun.management.jmxremote.ssl=false
08-May-2026 18:56:38.900 INFO [main] org.apache.catalina.startup.VersionLoggerListener.log Command line argument: -Dcom.sun.management.jmxremote.authenticate=false
08-May-2026 18:56:38.900 INFO [main] org.apache.catalina.startup.VersionLoggerListener.log Command line argument: -Dcom.sun.management.jmxremote.local.only=false
08-May-2026 18:56:38.900 INFO [main] org.apache.catalina.startup.VersionLoggerListener.log Command line argument: --add-opens=java.base/java.lang=ALL-UNNAMED
08-May-2026 18:56:38.900 INFO [main] org.apache.catalina.startup.VersionLoggerListener.log Command line argument: --add-opens=java.base/java.io=ALL-UNNAMED
08-May-2026 18:56:38.900 INFO [main] org.apache.catalina.startup.VersionLoggerListener.log Command line argument: --add-opens=java.base/java.util=ALL-UNNAMED
08-May-2026 18:56:38.900 INFO [main] org.apache.catalina.startup.VersionLoggerListener.log Command line argument: --add-opens=java.base/java.util.concurrent=ALL-UNNAMED
08-May-2026 18:56:38.901 INFO [main] org.apache.catalina.startup.VersionLoggerListener.log Command line argument: --add-opens=java.rmi/sun.rmi.transport=ALL-UNNAMED
08-May-2026 18:56:38.901 INFO [main] org.apache.catalina.startup.VersionLoggerListener.log Command line argument: -Dcatalina.home=E:\apache-tomcat-11.0.21
08-May-2026 18:56:38.901 INFO [main] org.apache.catalina.startup.VersionLoggerListener.log Command line argument: -Dcatalina.base=C:\e-commerce\.devtomcat\Tomcat_Server_e6f0999f
08-May-2026 18:56:38.901 INFO [main] org.apache.catalina.startup.VersionLoggerListener.log Command line argument: -Djava.io.tmpdir=C:\e-commerce\.devtomcat\Tomcat_Server_e6f0999f\temp
08-May-2026 18:56:38.901 INFO [main] org.apache.catalina.startup.VersionLoggerListener.log Command line argument: -Djava.util.logging.config.file=C:\e-commerce\.devtomcat\Tomcat_Server_e6f0999f\conf\logging.properties
08-May-2026 18:56:38.902 INFO [main] org.apache.catalina.startup.VersionLoggerListener.log Command line argument: -Djava.util.logging.manager=org.apache.juli.ClassLoaderLogManager
08-May-2026 18:56:38.902 INFO [main] org.apache.catalina.startup.VersionLoggerListener.log Command line argument: -Dserver.port=8080
08-May-2026 18:56:38.902 INFO [main] org.apache.catalina.startup.VersionLoggerListener.log Command line argument: -Dserver.shutdown.port=8005
08-May-2026 18:56:38.902 INFO [main] org.apache.catalina.startup.VersionLoggerListener.log Command line argument: -javaagent:C:\Program Files\JetBrains\IntelliJ IDEA 2025.3.1.1\lib\idea_rt.jar=58485
08-May-2026 18:56:38.902 INFO [main] org.apache.catalina.startup.VersionLoggerListener.log Command line argument: -Dfile.encoding=UTF-8
08-May-2026 18:56:38.906 INFO [main] org.apache.catalina.core.AprLifecycleListener.lifecycleEvent Loaded Apache Tomcat Native library [2.0.14] using APR version [1.7.6].
08-May-2026 18:56:38.911 INFO [main] org.apache.catalina.core.AprLifecycleListener.initializeSSL OpenSSL successfully initialized [OpenSSL 3.5.5 27 Jan 2026]
08-May-2026 18:56:39.166 INFO [main] org.apache.coyote.AbstractProtocol.init Initializing ProtocolHandler ["http-nio-8080"]
08-May-2026 18:56:39.193 INFO [main] org.apache.catalina.startup.Catalina.load Server initialization in [556] milliseconds
08-May-2026 18:56:39.259 INFO [main] org.apache.catalina.core.StandardService.startInternal Starting service [Catalina]
08-May-2026 18:56:39.260 INFO [main] org.apache.catalina.core.StandardEngine.startInternal Starting Servlet engine: [Apache Tomcat/11.0.21]
08-May-2026 18:56:39.278 INFO [main] org.apache.catalina.startup.HostConfig.deployDescriptor Deploying deployment descriptor [C:\e-commerce\.devtomcat\Tomcat_Server_e6f0999f\conf\Catalina\localhost\e-commerce.xml]
08-May-2026 18:56:40.496 INFO [main] org.apache.jasper.servlet.TldScanner.scanJars At least one JAR was scanned for TLDs yet contained no TLDs. Enable debug logging for this logger for a complete list of JARs that were scanned but no TLDs were found in them. Skipping unneeded JARs during scanning can improve startup time and JSP compilation time.
08-May-2026 18:56:40.629 INFO [main] org.apache.catalina.startup.HostConfig.deployDescriptor Deployment of deployment descriptor [C:\e-commerce\.devtomcat\Tomcat_Server_e6f0999f\conf\Catalina\localhost\e-commerce.xml] has finished in [1,350] ms
08-May-2026 18:56:40.637 INFO [main] org.apache.coyote.AbstractProtocol.start Starting ProtocolHandler ["http-nio-8080"]
08-May-2026 18:56:40.665 INFO [main] org.apache.catalina.startup.Catalina.start Server startup in [1470] milliseconds
08-May-2026 19:00:57.124 INFO [main] org.apache.catalina.core.StandardServer.await A valid shutdown command was received via the shutdown port. Stopping the Server instance.
08-May-2026 19:00:57.125 INFO [main] org.apache.coyote.AbstractProtocol.pause Pausing ProtocolHandler ["http-nio-8080"]
08-May-2026 19:00:57.193 INFO [main] org.apache.catalina.core.StandardService.stopInternal Stopping service [Catalina]
08-May-2026 19:00:57.197 WARNING [main] org.apache.catalina.loader.WebappClassLoaderBase.clearReferencesJdbc The web application [e-commerce] registered the JDBC driver [com.mysql.cj.jdbc.Driver] but failed to unregister it when the web application was stopped. To prevent a memory leak, the JDBC Driver has been forcibly unregistered.
08-May-2026 19:00:57.199 WARNING [main] org.apache.catalina.loader.WebappClassLoaderBase.clearReferencesThreads The web application [e-commerce] appears to have started a thread named [mysql-cj-abandoned-connection-cleanup] but has failed to stop it. This is very likely to create a memory leak. Stack trace of thread:
 java.base@17.0.8/java.lang.Object.wait(Native Method)
 java.base@17.0.8/java.lang.ref.ReferenceQueue.remove(ReferenceQueue.java:155)
 com.mysql.cj.jdbc.AbandonedConnectionCleanupThread.run(AbandonedConnectionCleanupThread.java:91)
 java.base@17.0.8/java.util.concurrent.ThreadPoolExecutor.runWorker(ThreadPoolExecutor.java:1136)
 java.base@17.0.8/java.util.concurrent.ThreadPoolExecutor$Worker.run(ThreadPoolExecutor.java:635)
 java.base@17.0.8/java.lang.Thread.run(Thread.java:833)
08-May-2026 19:00:57.203 INFO [main] org.apache.coyote.AbstractProtocol.stop Stopping ProtocolHandler ["http-nio-8080"]
08-May-2026 19:00:57.228 INFO [main] org.apache.coyote.AbstractProtocol.destroy Destroying ProtocolHandler ["http-nio-8080"]
08-May-2026 19:00:57.280 INFO [mysql-cj-abandoned-connection-cleanup] org.apache.catalina.loader.WebappClassLoaderBase.checkStateForResourceLoading Illegal access: this web application instance has been stopped already. Could not load []. The following stack trace is thrown for debugging purposes as well as to attempt to terminate the thread which caused the illegal access.
	java.lang.IllegalStateException: Illegal access: this web application instance has been stopped already. Could not load []. The following stack trace is thrown for debugging purposes as well as to attempt to terminate the thread which caused the illegal access.
		at org.apache.catalina.loader.WebappClassLoaderBase.checkStateForResourceLoading(WebappClassLoaderBase.java:1244)
		at org.apache.catalina.loader.WebappClassLoaderBase.getResource(WebappClassLoaderBase.java:854)
		at com.mysql.cj.jdbc.AbandonedConnectionCleanupThread.checkThreadContextClassLoader(AbandonedConnectionCleanupThread.java:123)
		at com.mysql.cj.jdbc.AbandonedConnectionCleanupThread.run(AbandonedConnectionCleanupThread.java:90)
		at java.base/java.util.concurrent.ThreadPoolExecutor.runWorker(ThreadPoolExecutor.java:1136)
		at java.base/java.util.concurrent.ThreadPoolExecutor$Worker.run(ThreadPoolExecutor.java:635)
		at java.base/java.lang.Thread.run(Thread.java:833)
08-May-2026 19:01:02.094 INFO [main] org.apache.catalina.startup.VersionLoggerListener.log Server version name:   Apache Tomcat/11.0.21
08-May-2026 19:01:02.098 INFO [main] org.apache.catalina.startup.VersionLoggerListener.log Server built:          Mar 30 2026 14:59:44 UTC
08-May-2026 19:01:02.098 INFO [main] org.apache.catalina.startup.VersionLoggerListener.log Server version number: 11.0.21.0
08-May-2026 19:01:02.098 INFO [main] org.apache.catalina.startup.VersionLoggerListener.log OS Name:               Windows 10
08-May-2026 19:01:02.098 INFO [main] org.apache.catalina.startup.VersionLoggerListener.log OS Version:            10.0
08-May-2026 19:01:02.098 INFO [main] org.apache.catalina.startup.VersionLoggerListener.log Architecture:          amd64
08-May-2026 19:01:02.099 INFO [main] org.apache.catalina.startup.VersionLoggerListener.log Java Home:             C:\Program Files\Java\jdk-17.0.8
08-May-2026 19:01:02.099 INFO [main] org.apache.catalina.startup.VersionLoggerListener.log JVM Version:           17.0.8+9-LTS-211
08-May-2026 19:01:02.099 INFO [main] org.apache.catalina.startup.VersionLoggerListener.log JVM Vendor:            Oracle Corporation
08-May-2026 19:01:02.100 INFO [main] org.apache.catalina.startup.VersionLoggerListener.log CATALINA_BASE:         C:\e-commerce\.devtomcat\Tomcat_Server_e6f0999f
08-May-2026 19:01:02.100 INFO [main] org.apache.catalina.startup.VersionLoggerListener.log CATALINA_HOME:         E:\apache-tomcat-11.0.21
08-May-2026 19:01:02.103 INFO [main] org.apache.catalina.startup.VersionLoggerListener.log Command line argument: -Dcom.sun.management.jmxremote
08-May-2026 19:01:02.103 INFO [main] org.apache.catalina.startup.VersionLoggerListener.log Command line argument: -Dcom.sun.management.jmxremote.port=1099
08-May-2026 19:01:02.104 INFO [main] org.apache.catalina.startup.VersionLoggerListener.log Command line argument: -Dcom.sun.management.jmxremote.ssl=false
08-May-2026 19:01:02.104 INFO [main] org.apache.catalina.startup.VersionLoggerListener.log Command line argument: -Dcom.sun.management.jmxremote.authenticate=false
08-May-2026 19:01:02.104 INFO [main] org.apache.catalina.startup.VersionLoggerListener.log Command line argument: -Dcom.sun.management.jmxremote.local.only=false
08-May-2026 19:01:02.104 INFO [main] org.apache.catalina.startup.VersionLoggerListener.log Command line argument: --add-opens=java.base/java.lang=ALL-UNNAMED
08-May-2026 19:01:02.104 INFO [main] org.apache.catalina.startup.VersionLoggerListener.log Command line argument: --add-opens=java.base/java.io=ALL-UNNAMED
08-May-2026 19:01:02.105 INFO [main] org.apache.catalina.startup.VersionLoggerListener.log Command line argument: --add-opens=java.base/java.util=ALL-UNNAMED
08-May-2026 19:01:02.105 INFO [main] org.apache.catalina.startup.VersionLoggerListener.log Command line argument: --add-opens=java.base/java.util.concurrent=ALL-UNNAMED
08-May-2026 19:01:02.105 INFO [main] org.apache.catalina.startup.VersionLoggerListener.log Command line argument: --add-opens=java.rmi/sun.rmi.transport=ALL-UNNAMED
08-May-2026 19:01:02.105 INFO [main] org.apache.catalina.startup.VersionLoggerListener.log Command line argument: -Dcatalina.home=E:\apache-tomcat-11.0.21
08-May-2026 19:01:02.105 INFO [main] org.apache.catalina.startup.VersionLoggerListener.log Command line argument: -Dcatalina.base=C:\e-commerce\.devtomcat\Tomcat_Server_e6f0999f
08-May-2026 19:01:02.106 INFO [main] org.apache.catalina.startup.VersionLoggerListener.log Command line argument: -Djava.io.tmpdir=C:\e-commerce\.devtomcat\Tomcat_Server_e6f0999f\temp
08-May-2026 19:01:02.106 INFO [main] org.apache.catalina.startup.VersionLoggerListener.log Command line argument: -Djava.util.logging.config.file=C:\e-commerce\.devtomcat\Tomcat_Server_e6f0999f\conf\logging.properties
08-May-2026 19:01:02.106 INFO [main] org.apache.catalina.startup.VersionLoggerListener.log Command line argument: -Djava.util.logging.manager=org.apache.juli.ClassLoaderLogManager
08-May-2026 19:01:02.106 INFO [main] org.apache.catalina.startup.VersionLoggerListener.log Command line argument: -Dserver.port=8080
08-May-2026 19:01:02.106 INFO [main] org.apache.catalina.startup.VersionLoggerListener.log Command line argument: -Dserver.shutdown.port=8005
08-May-2026 19:01:02.107 INFO [main] org.apache.catalina.startup.VersionLoggerListener.log Command line argument: -javaagent:C:\Program Files\JetBrains\IntelliJ IDEA 2025.3.1.1\lib\idea_rt.jar=54119
08-May-2026 19:01:02.107 INFO [main] org.apache.catalina.startup.VersionLoggerListener.log Command line argument: -Dfile.encoding=UTF-8
08-May-2026 19:01:02.110 INFO [main] org.apache.catalina.core.AprLifecycleListener.lifecycleEvent Loaded Apache Tomcat Native library [2.0.14] using APR version [1.7.6].
08-May-2026 19:01:02.116 INFO [main] org.apache.catalina.core.AprLifecycleListener.initializeSSL OpenSSL successfully initialized [OpenSSL 3.5.5 27 Jan 2026]
08-May-2026 19:01:02.399 INFO [main] org.apache.coyote.AbstractProtocol.init Initializing ProtocolHandler ["http-nio-8080"]
08-May-2026 19:01:02.437 INFO [main] org.apache.catalina.startup.Catalina.load Server initialization in [621] milliseconds
08-May-2026 19:01:02.506 INFO [main] org.apache.catalina.core.StandardService.startInternal Starting service [Catalina]
08-May-2026 19:01:02.507 INFO [main] org.apache.catalina.core.StandardEngine.startInternal Starting Servlet engine: [Apache Tomcat/11.0.21]
08-May-2026 19:01:02.526 INFO [main] org.apache.catalina.startup.HostConfig.deployDescriptor Deploying deployment descriptor [C:\e-commerce\.devtomcat\Tomcat_Server_e6f0999f\conf\Catalina\localhost\e-commerce.xml]
08-May-2026 19:01:03.751 INFO [main] org.apache.jasper.servlet.TldScanner.scanJars At least one JAR was scanned for TLDs yet contained no TLDs. Enable debug logging for this logger for a complete list of JARs that were scanned but no TLDs were found in them. Skipping unneeded JARs during scanning can improve startup time and JSP compilation time.
08-May-2026 19:01:03.884 INFO [main] org.apache.catalina.startup.HostConfig.deployDescriptor Deployment of deployment descriptor [C:\e-commerce\.devtomcat\Tomcat_Server_e6f0999f\conf\Catalina\localhost\e-commerce.xml] has finished in [1,357] ms
08-May-2026 19:01:03.892 INFO [main] org.apache.coyote.AbstractProtocol.start Starting ProtocolHandler ["http-nio-8080"]
08-May-2026 19:01:03.920 INFO [main] org.apache.catalina.startup.Catalina.start Server startup in [1482] milliseconds
08-May-2026 19:07:03.803 INFO [main] org.apache.catalina.core.StandardServer.await A valid shutdown command was received via the shutdown port. Stopping the Server instance.
08-May-2026 19:07:03.804 INFO [main] org.apache.coyote.AbstractProtocol.pause Pausing ProtocolHandler ["http-nio-8080"]
08-May-2026 19:07:03.876 INFO [main] org.apache.catalina.core.StandardService.stopInternal Stopping service [Catalina]
08-May-2026 19:07:03.881 WARNING [main] org.apache.catalina.loader.WebappClassLoaderBase.clearReferencesJdbc The web application [e-commerce] registered the JDBC driver [com.mysql.cj.jdbc.Driver] but failed to unregister it when the web application was stopped. To prevent a memory leak, the JDBC Driver has been forcibly unregistered.
08-May-2026 19:07:03.883 WARNING [main] org.apache.catalina.loader.WebappClassLoaderBase.clearReferencesThreads The web application [e-commerce] appears to have started a thread named [mysql-cj-abandoned-connection-cleanup] but has failed to stop it. This is very likely to create a memory leak. Stack trace of thread:
 java.base@17.0.8/java.lang.Object.wait(Native Method)
 java.base@17.0.8/java.lang.ref.ReferenceQueue.remove(ReferenceQueue.java:155)
 com.mysql.cj.jdbc.AbandonedConnectionCleanupThread.run(AbandonedConnectionCleanupThread.java:91)
 java.base@17.0.8/java.util.concurrent.ThreadPoolExecutor.runWorker(ThreadPoolExecutor.java:1136)
 java.base@17.0.8/java.util.concurrent.ThreadPoolExecutor$Worker.run(ThreadPoolExecutor.java:635)
 java.base@17.0.8/java.lang.Thread.run(Thread.java:833)
08-May-2026 19:07:03.888 INFO [main] org.apache.coyote.AbstractProtocol.stop Stopping ProtocolHandler ["http-nio-8080"]
08-May-2026 19:07:03.909 INFO [main] org.apache.coyote.AbstractProtocol.destroy Destroying ProtocolHandler ["http-nio-8080"]
08-May-2026 19:07:03.949 INFO [mysql-cj-abandoned-connection-cleanup] org.apache.catalina.loader.WebappClassLoaderBase.checkStateForResourceLoading Illegal access: this web application instance has been stopped already. Could not load []. The following stack trace is thrown for debugging purposes as well as to attempt to terminate the thread which caused the illegal access.
	java.lang.IllegalStateException: Illegal access: this web application instance has been stopped already. Could not load []. The following stack trace is thrown for debugging purposes as well as to attempt to terminate the thread which caused the illegal access.
		at org.apache.catalina.loader.WebappClassLoaderBase.checkStateForResourceLoading(WebappClassLoaderBase.java:1244)
		at org.apache.catalina.loader.WebappClassLoaderBase.getResource(WebappClassLoaderBase.java:854)
		at com.mysql.cj.jdbc.AbandonedConnectionCleanupThread.checkThreadContextClassLoader(AbandonedConnectionCleanupThread.java:123)
		at com.mysql.cj.jdbc.AbandonedConnectionCleanupThread.run(AbandonedConnectionCleanupThread.java:90)
		at java.base/java.util.concurrent.ThreadPoolExecutor.runWorker(ThreadPoolExecutor.java:1136)
		at java.base/java.util.concurrent.ThreadPoolExecutor$Worker.run(ThreadPoolExecutor.java:635)
		at java.base/java.lang.Thread.run(Thread.java:833)
08-May-2026 19:26:17.480 INFO [main] org.apache.catalina.startup.VersionLoggerListener.log Server version name:   Apache Tomcat/11.0.21
08-May-2026 19:26:17.488 INFO [main] org.apache.catalina.startup.VersionLoggerListener.log Server built:          Mar 30 2026 14:59:44 UTC
08-May-2026 19:26:17.488 INFO [main] org.apache.catalina.startup.VersionLoggerListener.log Server version number: 11.0.21.0
08-May-2026 19:26:17.489 INFO [main] org.apache.catalina.startup.VersionLoggerListener.log OS Name:               Windows 10
08-May-2026 19:26:17.489 INFO [main] org.apache.catalina.startup.VersionLoggerListener.log OS Version:            10.0
08-May-2026 19:26:17.489 INFO [main] org.apache.catalina.startup.VersionLoggerListener.log Architecture:          amd64
08-May-2026 19:26:17.490 INFO [main] org.apache.catalina.startup.VersionLoggerListener.log Java Home:             C:\Program Files\Java\jdk-17.0.8
08-May-2026 19:26:17.490 INFO [main] org.apache.catalina.startup.VersionLoggerListener.log JVM Version:           17.0.8+9-LTS-211
08-May-2026 19:26:17.491 INFO [main] org.apache.catalina.startup.VersionLoggerListener.log JVM Vendor:            Oracle Corporation
08-May-2026 19:26:17.491 INFO [main] org.apache.catalina.startup.VersionLoggerListener.log CATALINA_BASE:         C:\e-commerce\.devtomcat\Tomcat_Server_e6f0999f
08-May-2026 19:26:17.491 INFO [main] org.apache.catalina.startup.VersionLoggerListener.log CATALINA_HOME:         E:\apache-tomcat-11.0.21
08-May-2026 19:26:17.492 INFO [main] org.apache.catalina.startup.VersionLoggerListener.log Command line argument: -Dcom.sun.management.jmxremote
08-May-2026 19:26:17.492 INFO [main] org.apache.catalina.startup.VersionLoggerListener.log Command line argument: -Dcom.sun.management.jmxremote.port=1099
08-May-2026 19:26:17.492 INFO [main] org.apache.catalina.startup.VersionLoggerListener.log Command line argument: -Dcom.sun.management.jmxremote.ssl=false
08-May-2026 19:26:17.492 INFO [main] org.apache.catalina.startup.VersionLoggerListener.log Command line argument: -Dcom.sun.management.jmxremote.authenticate=false
08-May-2026 19:26:17.493 INFO [main] org.apache.catalina.startup.VersionLoggerListener.log Command line argument: -Dcom.sun.management.jmxremote.local.only=false
08-May-2026 19:26:17.493 INFO [main] org.apache.catalina.startup.VersionLoggerListener.log Command line argument: --add-opens=java.base/java.lang=ALL-UNNAMED
08-May-2026 19:26:17.493 INFO [main] org.apache.catalina.startup.VersionLoggerListener.log Command line argument: --add-opens=java.base/java.io=ALL-UNNAMED
08-May-2026 19:26:17.494 INFO [main] org.apache.catalina.startup.VersionLoggerListener.log Command line argument: --add-opens=java.base/java.util=ALL-UNNAMED
08-May-2026 19:26:17.494 INFO [main] org.apache.catalina.startup.VersionLoggerListener.log Command line argument: --add-opens=java.base/java.util.concurrent=ALL-UNNAMED
08-May-2026 19:26:17.494 INFO [main] org.apache.catalina.startup.VersionLoggerListener.log Command line argument: --add-opens=java.rmi/sun.rmi.transport=ALL-UNNAMED
08-May-2026 19:26:17.494 INFO [main] org.apache.catalina.startup.VersionLoggerListener.log Command line argument: -Dcatalina.home=E:\apache-tomcat-11.0.21
08-May-2026 19:26:17.494 INFO [main] org.apache.catalina.startup.VersionLoggerListener.log Command line argument: -Dcatalina.base=C:\e-commerce\.devtomcat\Tomcat_Server_e6f0999f
08-May-2026 19:26:17.494 INFO [main] org.apache.catalina.startup.VersionLoggerListener.log Command line argument: -Djava.io.tmpdir=C:\e-commerce\.devtomcat\Tomcat_Server_e6f0999f\temp
08-May-2026 19:26:17.495 INFO [main] org.apache.catalina.startup.VersionLoggerListener.log Command line argument: -Djava.util.logging.config.file=C:\e-commerce\.devtomcat\Tomcat_Server_e6f0999f\conf\logging.properties
08-May-2026 19:26:17.495 INFO [main] org.apache.catalina.startup.VersionLoggerListener.log Command line argument: -Djava.util.logging.manager=org.apache.juli.ClassLoaderLogManager
08-May-2026 19:26:17.496 INFO [main] org.apache.catalina.startup.VersionLoggerListener.log Command line argument: -Dserver.port=8080
08-May-2026 19:26:17.496 INFO [main] org.apache.catalina.startup.VersionLoggerListener.log Command line argument: -Dserver.shutdown.port=8005
08-May-2026 19:26:17.497 INFO [main] org.apache.catalina.startup.VersionLoggerListener.log Command line argument: -javaagent:C:\Program Files\JetBrains\IntelliJ IDEA 2025.3.1.1\lib\idea_rt.jar=58093
08-May-2026 19:26:17.497 INFO [main] org.apache.catalina.startup.VersionLoggerListener.log Command line argument: -Dfile.encoding=UTF-8
08-May-2026 19:26:17.501 INFO [main] org.apache.catalina.core.AprLifecycleListener.lifecycleEvent Loaded Apache Tomcat Native library [2.0.14] using APR version [1.7.6].
08-May-2026 19:26:17.509 INFO [main] org.apache.catalina.core.AprLifecycleListener.initializeSSL OpenSSL successfully initialized [OpenSSL 3.5.5 27 Jan 2026]
08-May-2026 19:26:17.975 INFO [main] org.apache.coyote.AbstractProtocol.init Initializing ProtocolHandler ["http-nio-8080"]
08-May-2026 19:26:18.012 INFO [main] org.apache.catalina.startup.Catalina.load Server initialization in [949] milliseconds
08-May-2026 19:26:18.129 INFO [main] org.apache.catalina.core.StandardService.startInternal Starting service [Catalina]
08-May-2026 19:26:18.130 INFO [main] org.apache.catalina.core.StandardEngine.startInternal Starting Servlet engine: [Apache Tomcat/11.0.21]
08-May-2026 19:26:18.163 INFO [main] org.apache.catalina.startup.HostConfig.deployDescriptor Deploying deployment descriptor [C:\e-commerce\.devtomcat\Tomcat_Server_e6f0999f\conf\Catalina\localhost\e-commerce.xml]
08-May-2026 19:26:20.060 INFO [main] org.apache.jasper.servlet.TldScanner.scanJars At least one JAR was scanned for TLDs yet contained no TLDs. Enable debug logging for this logger for a complete list of JARs that were scanned but no TLDs were found in them. Skipping unneeded JARs during scanning can improve startup time and JSP compilation time.
08-May-2026 19:26:20.234 INFO [main] org.apache.catalina.startup.HostConfig.deployDescriptor Deployment of deployment descriptor [C:\e-commerce\.devtomcat\Tomcat_Server_e6f0999f\conf\Catalina\localhost\e-commerce.xml] has finished in [2,070] ms
08-May-2026 19:26:20.240 INFO [main] org.apache.coyote.AbstractProtocol.start Starting ProtocolHandler ["http-nio-8080"]
08-May-2026 19:26:20.273 INFO [main] org.apache.catalina.startup.Catalina.start Server startup in [2260] milliseconds
08-May-2026 19:33:08.671 INFO [main] org.apache.catalina.core.StandardServer.await A valid shutdown command was received via the shutdown port. Stopping the Server instance.
08-May-2026 19:33:08.672 INFO [main] org.apache.coyote.AbstractProtocol.pause Pausing ProtocolHandler ["http-nio-8080"]
08-May-2026 19:33:08.748 INFO [main] org.apache.catalina.core.StandardService.stopInternal Stopping service [Catalina]
08-May-2026 19:33:08.755 WARNING [main] org.apache.catalina.loader.WebappClassLoaderBase.clearReferencesJdbc The web application [e-commerce] registered the JDBC driver [com.mysql.cj.jdbc.Driver] but failed to unregister it when the web application was stopped. To prevent a memory leak, the JDBC Driver has been forcibly unregistered.
08-May-2026 19:33:08.757 WARNING [main] org.apache.catalina.loader.WebappClassLoaderBase.clearReferencesThreads The web application [e-commerce] appears to have started a thread named [mysql-cj-abandoned-connection-cleanup] but has failed to stop it. This is very likely to create a memory leak. Stack trace of thread:
 java.base@17.0.8/java.lang.Object.wait(Native Method)
 java.base@17.0.8/java.lang.ref.ReferenceQueue.remove(ReferenceQueue.java:155)
 com.mysql.cj.jdbc.AbandonedConnectionCleanupThread.run(AbandonedConnectionCleanupThread.java:91)
 java.base@17.0.8/java.util.concurrent.ThreadPoolExecutor.runWorker(ThreadPoolExecutor.java:1136)
 java.base@17.0.8/java.util.concurrent.ThreadPoolExecutor$Worker.run(ThreadPoolExecutor.java:635)
 java.base@17.0.8/java.lang.Thread.run(Thread.java:833)
08-May-2026 19:33:08.776 INFO [main] org.apache.coyote.AbstractProtocol.stop Stopping ProtocolHandler ["http-nio-8080"]
08-May-2026 19:33:08.790 INFO [main] org.apache.coyote.AbstractProtocol.destroy Destroying ProtocolHandler ["http-nio-8080"]
08-May-2026 19:33:08.864 INFO [mysql-cj-abandoned-connection-cleanup] org.apache.catalina.loader.WebappClassLoaderBase.checkStateForResourceLoading Illegal access: this web application instance has been stopped already. Could not load []. The following stack trace is thrown for debugging purposes as well as to attempt to terminate the thread which caused the illegal access.
	java.lang.IllegalStateException: Illegal access: this web application instance has been stopped already. Could not load []. The following stack trace is thrown for debugging purposes as well as to attempt to terminate the thread which caused the illegal access.
		at org.apache.catalina.loader.WebappClassLoaderBase.checkStateForResourceLoading(WebappClassLoaderBase.java:1244)
		at org.apache.catalina.loader.WebappClassLoaderBase.getResource(WebappClassLoaderBase.java:854)
		at com.mysql.cj.jdbc.AbandonedConnectionCleanupThread.checkThreadContextClassLoader(AbandonedConnectionCleanupThread.java:123)
		at com.mysql.cj.jdbc.AbandonedConnectionCleanupThread.run(AbandonedConnectionCleanupThread.java:90)
		at java.base/java.util.concurrent.ThreadPoolExecutor.runWorker(ThreadPoolExecutor.java:1136)
		at java.base/java.util.concurrent.ThreadPoolExecutor$Worker.run(ThreadPoolExecutor.java:635)
		at java.base/java.lang.Thread.run(Thread.java:833)
08-May-2026 19:33:15.381 INFO [main] org.apache.catalina.startup.VersionLoggerListener.log Server version name:   Apache Tomcat/11.0.21
08-May-2026 19:33:15.385 INFO [main] org.apache.catalina.startup.VersionLoggerListener.log Server built:          Mar 30 2026 14:59:44 UTC
08-May-2026 19:33:15.385 INFO [main] org.apache.catalina.startup.VersionLoggerListener.log Server version number: 11.0.21.0
08-May-2026 19:33:15.385 INFO [main] org.apache.catalina.startup.VersionLoggerListener.log OS Name:               Windows 10
08-May-2026 19:33:15.386 INFO [main] org.apache.catalina.startup.VersionLoggerListener.log OS Version:            10.0
08-May-2026 19:33:15.386 INFO [main] org.apache.catalina.startup.VersionLoggerListener.log Architecture:          amd64
08-May-2026 19:33:15.386 INFO [main] org.apache.catalina.startup.VersionLoggerListener.log Java Home:             C:\Program Files\Java\jdk-17.0.8
08-May-2026 19:33:15.386 INFO [main] org.apache.catalina.startup.VersionLoggerListener.log JVM Version:           17.0.8+9-LTS-211
08-May-2026 19:33:15.387 INFO [main] org.apache.catalina.startup.VersionLoggerListener.log JVM Vendor:            Oracle Corporation
08-May-2026 19:33:15.387 INFO [main] org.apache.catalina.startup.VersionLoggerListener.log CATALINA_BASE:         C:\e-commerce\.devtomcat\Tomcat_Server_e6f0999f
08-May-2026 19:33:15.387 INFO [main] org.apache.catalina.startup.VersionLoggerListener.log CATALINA_HOME:         E:\apache-tomcat-11.0.21
08-May-2026 19:33:15.389 INFO [main] org.apache.catalina.startup.VersionLoggerListener.log Command line argument: -Dcom.sun.management.jmxremote
08-May-2026 19:33:15.389 INFO [main] org.apache.catalina.startup.VersionLoggerListener.log Command line argument: -Dcom.sun.management.jmxremote.port=1099
08-May-2026 19:33:15.389 INFO [main] org.apache.catalina.startup.VersionLoggerListener.log Command line argument: -Dcom.sun.management.jmxremote.ssl=false
08-May-2026 19:33:15.390 INFO [main] org.apache.catalina.startup.VersionLoggerListener.log Command line argument: -Dcom.sun.management.jmxremote.authenticate=false
08-May-2026 19:33:15.391 INFO [main] org.apache.catalina.startup.VersionLoggerListener.log Command line argument: -Dcom.sun.management.jmxremote.local.only=false
08-May-2026 19:33:15.391 INFO [main] org.apache.catalina.startup.VersionLoggerListener.log Command line argument: --add-opens=java.base/java.lang=ALL-UNNAMED
08-May-2026 19:33:15.391 INFO [main] org.apache.catalina.startup.VersionLoggerListener.log Command line argument: --add-opens=java.base/java.io=ALL-UNNAMED
08-May-2026 19:33:15.391 INFO [main] org.apache.catalina.startup.VersionLoggerListener.log Command line argument: --add-opens=java.base/java.util=ALL-UNNAMED
08-May-2026 19:33:15.391 INFO [main] org.apache.catalina.startup.VersionLoggerListener.log Command line argument: --add-opens=java.base/java.util.concurrent=ALL-UNNAMED
08-May-2026 19:33:15.392 INFO [main] org.apache.catalina.startup.VersionLoggerListener.log Command line argument: --add-opens=java.rmi/sun.rmi.transport=ALL-UNNAMED
08-May-2026 19:33:15.392 INFO [main] org.apache.catalina.startup.VersionLoggerListener.log Command line argument: -Dcatalina.home=E:\apache-tomcat-11.0.21
08-May-2026 19:33:15.392 INFO [main] org.apache.catalina.startup.VersionLoggerListener.log Command line argument: -Dcatalina.base=C:\e-commerce\.devtomcat\Tomcat_Server_e6f0999f
08-May-2026 19:33:15.393 INFO [main] org.apache.catalina.startup.VersionLoggerListener.log Command line argument: -Djava.io.tmpdir=C:\e-commerce\.devtomcat\Tomcat_Server_e6f0999f\temp
08-May-2026 19:33:15.393 INFO [main] org.apache.catalina.startup.VersionLoggerListener.log Command line argument: -Djava.util.logging.config.file=C:\e-commerce\.devtomcat\Tomcat_Server_e6f0999f\conf\logging.properties
08-May-2026 19:33:15.393 INFO [main] org.apache.catalina.startup.VersionLoggerListener.log Command line argument: -Djava.util.logging.manager=org.apache.juli.ClassLoaderLogManager
08-May-2026 19:33:15.393 INFO [main] org.apache.catalina.startup.VersionLoggerListener.log Command line argument: -Dserver.port=8080
08-May-2026 19:33:15.394 INFO [main] org.apache.catalina.startup.VersionLoggerListener.log Command line argument: -Dserver.shutdown.port=8005
08-May-2026 19:33:15.394 INFO [main] org.apache.catalina.startup.VersionLoggerListener.log Command line argument: -javaagent:C:\Program Files\JetBrains\IntelliJ IDEA 2025.3.1.1\lib\idea_rt.jar=61898
08-May-2026 19:33:15.395 INFO [main] org.apache.catalina.startup.VersionLoggerListener.log Command line argument: -Dfile.encoding=UTF-8
08-May-2026 19:33:15.398 INFO [main] org.apache.catalina.core.AprLifecycleListener.lifecycleEvent Loaded Apache Tomcat Native library [2.0.14] using APR version [1.7.6].
08-May-2026 19:33:15.403 INFO [main] org.apache.catalina.core.AprLifecycleListener.initializeSSL OpenSSL successfully initialized [OpenSSL 3.5.5 27 Jan 2026]
08-May-2026 19:33:15.677 INFO [main] org.apache.coyote.AbstractProtocol.init Initializing ProtocolHandler ["http-nio-8080"]
08-May-2026 19:33:15.706 INFO [main] org.apache.catalina.startup.Catalina.load Server initialization in [577] milliseconds
08-May-2026 19:33:15.776 INFO [main] org.apache.catalina.core.StandardService.startInternal Starting service [Catalina]
08-May-2026 19:33:15.776 INFO [main] org.apache.catalina.core.StandardEngine.startInternal Starting Servlet engine: [Apache Tomcat/11.0.21]
08-May-2026 19:33:15.792 INFO [main] org.apache.catalina.startup.HostConfig.deployDescriptor Deploying deployment descriptor [C:\e-commerce\.devtomcat\Tomcat_Server_e6f0999f\conf\Catalina\localhost\e-commerce.xml]
08-May-2026 19:33:17.064 INFO [main] org.apache.jasper.servlet.TldScanner.scanJars At least one JAR was scanned for TLDs yet contained no TLDs. Enable debug logging for this logger for a complete list of JARs that were scanned but no TLDs were found in them. Skipping unneeded JARs during scanning can improve startup time and JSP compilation time.
08-May-2026 19:33:17.192 INFO [main] org.apache.catalina.startup.HostConfig.deployDescriptor Deployment of deployment descriptor [C:\e-commerce\.devtomcat\Tomcat_Server_e6f0999f\conf\Catalina\localhost\e-commerce.xml] has finished in [1,399] ms
08-May-2026 19:33:17.201 INFO [main] org.apache.coyote.AbstractProtocol.start Starting ProtocolHandler ["http-nio-8080"]
08-May-2026 19:33:17.234 INFO [main] org.apache.catalina.startup.Catalina.start Server startup in [1527] milliseconds
08-May-2026 19:37:09.171 INFO [main] org.apache.catalina.core.StandardServer.await A valid shutdown command was received via the shutdown port. Stopping the Server instance.
08-May-2026 19:37:09.171 INFO [main] org.apache.coyote.AbstractProtocol.pause Pausing ProtocolHandler ["http-nio-8080"]
08-May-2026 19:37:09.242 INFO [main] org.apache.catalina.core.StandardService.stopInternal Stopping service [Catalina]
08-May-2026 19:37:09.247 WARNING [main] org.apache.catalina.loader.WebappClassLoaderBase.clearReferencesJdbc The web application [e-commerce] registered the JDBC driver [com.mysql.cj.jdbc.Driver] but failed to unregister it when the web application was stopped. To prevent a memory leak, the JDBC Driver has been forcibly unregistered.
08-May-2026 19:37:09.248 WARNING [main] org.apache.catalina.loader.WebappClassLoaderBase.clearReferencesThreads The web application [e-commerce] appears to have started a thread named [mysql-cj-abandoned-connection-cleanup] but has failed to stop it. This is very likely to create a memory leak. Stack trace of thread:
 java.base@17.0.8/java.lang.Object.wait(Native Method)
 java.base@17.0.8/java.lang.ref.ReferenceQueue.remove(ReferenceQueue.java:155)
 com.mysql.cj.jdbc.AbandonedConnectionCleanupThread.run(AbandonedConnectionCleanupThread.java:91)
 java.base@17.0.8/java.util.concurrent.ThreadPoolExecutor.runWorker(ThreadPoolExecutor.java:1136)
 java.base@17.0.8/java.util.concurrent.ThreadPoolExecutor$Worker.run(ThreadPoolExecutor.java:635)
 java.base@17.0.8/java.lang.Thread.run(Thread.java:833)
08-May-2026 19:37:09.254 INFO [main] org.apache.coyote.AbstractProtocol.stop Stopping ProtocolHandler ["http-nio-8080"]
08-May-2026 19:37:09.272 INFO [main] org.apache.coyote.AbstractProtocol.destroy Destroying ProtocolHandler ["http-nio-8080"]
08-May-2026 19:45:38.812 INFO [main] org.apache.catalina.startup.VersionLoggerListener.log Server version name:   Apache Tomcat/11.0.21
08-May-2026 19:45:38.818 INFO [main] org.apache.catalina.startup.VersionLoggerListener.log Server built:          Mar 30 2026 14:59:44 UTC
08-May-2026 19:45:38.818 INFO [main] org.apache.catalina.startup.VersionLoggerListener.log Server version number: 11.0.21.0
08-May-2026 19:45:38.818 INFO [main] org.apache.catalina.startup.VersionLoggerListener.log OS Name:               Windows 10
08-May-2026 19:45:38.819 INFO [main] org.apache.catalina.startup.VersionLoggerListener.log OS Version:            10.0
08-May-2026 19:45:38.819 INFO [main] org.apache.catalina.startup.VersionLoggerListener.log Architecture:          amd64
08-May-2026 19:45:38.819 INFO [main] org.apache.catalina.startup.VersionLoggerListener.log Java Home:             C:\Program Files\Java\jdk-17.0.8
08-May-2026 19:45:38.819 INFO [main] org.apache.catalina.startup.VersionLoggerListener.log JVM Version:           17.0.8+9-LTS-211
08-May-2026 19:45:38.820 INFO [main] org.apache.catalina.startup.VersionLoggerListener.log JVM Vendor:            Oracle Corporation
08-May-2026 19:45:38.820 INFO [main] org.apache.catalina.startup.VersionLoggerListener.log CATALINA_BASE:         C:\e-commerce\.devtomcat\Tomcat_Server_e6f0999f
08-May-2026 19:45:38.820 INFO [main] org.apache.catalina.startup.VersionLoggerListener.log CATALINA_HOME:         E:\apache-tomcat-11.0.21
08-May-2026 19:45:38.824 INFO [main] org.apache.catalina.startup.VersionLoggerListener.log Command line argument: -Dcom.sun.management.jmxremote
08-May-2026 19:45:38.824 INFO [main] org.apache.catalina.startup.VersionLoggerListener.log Command line argument: -Dcom.sun.management.jmxremote.port=1099
08-May-2026 19:45:38.824 INFO [main] org.apache.catalina.startup.VersionLoggerListener.log Command line argument: -Dcom.sun.management.jmxremote.ssl=false
08-May-2026 19:45:38.824 INFO [main] org.apache.catalina.startup.VersionLoggerListener.log Command line argument: -Dcom.sun.management.jmxremote.authenticate=false
08-May-2026 19:45:38.824 INFO [main] org.apache.catalina.startup.VersionLoggerListener.log Command line argument: -Dcom.sun.management.jmxremote.local.only=false
08-May-2026 19:45:38.824 INFO [main] org.apache.catalina.startup.VersionLoggerListener.log Command line argument: --add-opens=java.base/java.lang=ALL-UNNAMED
08-May-2026 19:45:38.825 INFO [main] org.apache.catalina.startup.VersionLoggerListener.log Command line argument: --add-opens=java.base/java.io=ALL-UNNAMED
08-May-2026 19:45:38.825 INFO [main] org.apache.catalina.startup.VersionLoggerListener.log Command line argument: --add-opens=java.base/java.util=ALL-UNNAMED
08-May-2026 19:45:38.825 INFO [main] org.apache.catalina.startup.VersionLoggerListener.log Command line argument: --add-opens=java.base/java.util.concurrent=ALL-UNNAMED
08-May-2026 19:45:38.825 INFO [main] org.apache.catalina.startup.VersionLoggerListener.log Command line argument: --add-opens=java.rmi/sun.rmi.transport=ALL-UNNAMED
08-May-2026 19:45:38.825 INFO [main] org.apache.catalina.startup.VersionLoggerListener.log Command line argument: -Dcatalina.home=E:\apache-tomcat-11.0.21
08-May-2026 19:45:38.825 INFO [main] org.apache.catalina.startup.VersionLoggerListener.log Command line argument: -Dcatalina.base=C:\e-commerce\.devtomcat\Tomcat_Server_e6f0999f
08-May-2026 19:45:38.825 INFO [main] org.apache.catalina.startup.VersionLoggerListener.log Command line argument: -Djava.io.tmpdir=C:\e-commerce\.devtomcat\Tomcat_Server_e6f0999f\temp
08-May-2026 19:45:38.826 INFO [main] org.apache.catalina.startup.VersionLoggerListener.log Command line argument: -Djava.util.logging.config.file=C:\e-commerce\.devtomcat\Tomcat_Server_e6f0999f\conf\logging.properties
08-May-2026 19:45:38.827 INFO [main] org.apache.catalina.startup.VersionLoggerListener.log Command line argument: -Djava.util.logging.manager=org.apache.juli.ClassLoaderLogManager
08-May-2026 19:45:38.827 INFO [main] org.apache.catalina.startup.VersionLoggerListener.log Command line argument: -Dserver.port=8080
08-May-2026 19:45:38.827 INFO [main] org.apache.catalina.startup.VersionLoggerListener.log Command line argument: -Dserver.shutdown.port=8005
08-May-2026 19:45:38.827 INFO [main] org.apache.catalina.startup.VersionLoggerListener.log Command line argument: -javaagent:C:\Program Files\JetBrains\IntelliJ IDEA 2025.3.1.1\lib\idea_rt.jar=52433
08-May-2026 19:45:38.827 INFO [main] org.apache.catalina.startup.VersionLoggerListener.log Command line argument: -Dfile.encoding=UTF-8
08-May-2026 19:45:38.830 INFO [main] org.apache.catalina.core.AprLifecycleListener.lifecycleEvent Loaded Apache Tomcat Native library [2.0.14] using APR version [1.7.6].
08-May-2026 19:45:38.838 INFO [main] org.apache.catalina.core.AprLifecycleListener.initializeSSL OpenSSL successfully initialized [OpenSSL 3.5.5 27 Jan 2026]
08-May-2026 19:45:39.239 INFO [main] org.apache.coyote.AbstractProtocol.init Initializing ProtocolHandler ["http-nio-8080"]
08-May-2026 19:45:39.275 INFO [main] org.apache.catalina.startup.Catalina.load Server initialization in [819] milliseconds
08-May-2026 19:45:39.367 INFO [main] org.apache.catalina.core.StandardService.startInternal Starting service [Catalina]
08-May-2026 19:45:39.367 INFO [main] org.apache.catalina.core.StandardEngine.startInternal Starting Servlet engine: [Apache Tomcat/11.0.21]
08-May-2026 19:45:39.387 INFO [main] org.apache.catalina.startup.HostConfig.deployDescriptor Deploying deployment descriptor [C:\e-commerce\.devtomcat\Tomcat_Server_e6f0999f\conf\Catalina\localhost\e-commerce.xml]
08-May-2026 19:45:41.376 INFO [main] org.apache.jasper.servlet.TldScanner.scanJars At least one JAR was scanned for TLDs yet contained no TLDs. Enable debug logging for this logger for a complete list of JARs that were scanned but no TLDs were found in them. Skipping unneeded JARs during scanning can improve startup time and JSP compilation time.
08-May-2026 19:45:41.551 WARNING [main] org.apache.catalina.util.SessionIdGeneratorBase.createSecureRandom Creation of SecureRandom instance for session ID generation using [SHA1PRNG] took [126] milliseconds.
08-May-2026 19:45:41.597 INFO [main] org.apache.catalina.startup.HostConfig.deployDescriptor Deployment of deployment descriptor [C:\e-commerce\.devtomcat\Tomcat_Server_e6f0999f\conf\Catalina\localhost\e-commerce.xml] has finished in [2,211] ms
08-May-2026 19:45:41.606 INFO [main] org.apache.coyote.AbstractProtocol.start Starting ProtocolHandler ["http-nio-8080"]
08-May-2026 19:45:41.648 INFO [main] org.apache.catalina.startup.Catalina.start Server startup in [2372] milliseconds
08-May-2026 19:53:14.921 INFO [main] org.apache.catalina.core.StandardServer.await A valid shutdown command was received via the shutdown port. Stopping the Server instance.
08-May-2026 19:53:14.922 INFO [main] org.apache.coyote.AbstractProtocol.pause Pausing ProtocolHandler ["http-nio-8080"]
08-May-2026 19:53:14.996 INFO [main] org.apache.catalina.core.StandardService.stopInternal Stopping service [Catalina]
08-May-2026 19:53:15.000 WARNING [main] org.apache.catalina.loader.WebappClassLoaderBase.clearReferencesJdbc The web application [e-commerce] registered the JDBC driver [com.mysql.cj.jdbc.Driver] but failed to unregister it when the web application was stopped. To prevent a memory leak, the JDBC Driver has been forcibly unregistered.
08-May-2026 19:53:15.001 WARNING [main] org.apache.catalina.loader.WebappClassLoaderBase.clearReferencesThreads The web application [e-commerce] appears to have started a thread named [mysql-cj-abandoned-connection-cleanup] but has failed to stop it. This is very likely to create a memory leak. Stack trace of thread:
 java.base@17.0.8/java.lang.Object.wait(Native Method)
 java.base@17.0.8/java.lang.ref.ReferenceQueue.remove(ReferenceQueue.java:155)
 com.mysql.cj.jdbc.AbandonedConnectionCleanupThread.run(AbandonedConnectionCleanupThread.java:91)
 java.base@17.0.8/java.util.concurrent.ThreadPoolExecutor.runWorker(ThreadPoolExecutor.java:1136)
 java.base@17.0.8/java.util.concurrent.ThreadPoolExecutor$Worker.run(ThreadPoolExecutor.java:635)
 java.base@17.0.8/java.lang.Thread.run(Thread.java:833)
08-May-2026 19:53:15.006 INFO [main] org.apache.coyote.AbstractProtocol.stop Stopping ProtocolHandler ["http-nio-8080"]
08-May-2026 19:53:15.034 INFO [main] org.apache.coyote.AbstractProtocol.destroy Destroying ProtocolHandler ["http-nio-8080"]
08-May-2026 19:53:15.120 INFO [mysql-cj-abandoned-connection-cleanup] org.apache.catalina.loader.WebappClassLoaderBase.checkStateForResourceLoading Illegal access: this web application instance has been stopped already. Could not load []. The following stack trace is thrown for debugging purposes as well as to attempt to terminate the thread which caused the illegal access.
	java.lang.IllegalStateException: Illegal access: this web application instance has been stopped already. Could not load []. The following stack trace is thrown for debugging purposes as well as to attempt to terminate the thread which caused the illegal access.
		at org.apache.catalina.loader.WebappClassLoaderBase.checkStateForResourceLoading(WebappClassLoaderBase.java:1244)
		at org.apache.catalina.loader.WebappClassLoaderBase.getResource(WebappClassLoaderBase.java:854)
		at com.mysql.cj.jdbc.AbandonedConnectionCleanupThread.checkThreadContextClassLoader(AbandonedConnectionCleanupThread.java:123)
		at com.mysql.cj.jdbc.AbandonedConnectionCleanupThread.run(AbandonedConnectionCleanupThread.java:90)
		at java.base/java.util.concurrent.ThreadPoolExecutor.runWorker(ThreadPoolExecutor.java:1136)
		at java.base/java.util.concurrent.ThreadPoolExecutor$Worker.run(ThreadPoolExecutor.java:635)
		at java.base/java.lang.Thread.run(Thread.java:833)
